Greek (raw from TSV),Greek (normalized key),English (from TSV)
ένας/μία/ένα,ενας/μια/ενα,Uploaded
τρεις/τρεις/τρία,τρεις/τρεις/τρια,Uploaded
τέσσερις/τέσσερις/τέσσερα,τεσσερις/τεσσερις/τεσσερα,Uploaded
επτά / εφτά,επτα / εφτα,Uploaded
οκτώ / οχτώ,οκτω / οχτω,Uploaded
εννέα / εννιά,εννεα / εννια,Uploaded
έντεκα,εντεκα,Uploaded
δώδεκα,δωδεκα,Uploaded
είκοσι,εικοσι,Uploaded
τριάντα,τριαντα,Uploaded
σαράντα,σαραντα,Uploaded
πενήντα,πενηντα,Uploaded
εξήντα,εξηντα,Uploaded
ογδόντα,ογδοντα,Uploaded
ενενήντα,ενενηντα,Uploaded
εκατό(ν),εκατο(ν),Uploaded
διακόσια,διακοσια,Uploaded
τριακόσια,τριακοσια,Uploaded
τετρακόσια,τετρακοσια,Uploaded
πεντακόσια,πεντακοσια,Uploaded
εξακόσια,εξακοσια,Uploaded
επτακόσια,επτακοσια,Uploaded
οκτακόσια,οκτακοσια,Uploaded
εννιακόσια,εννιακοσια,Uploaded
χίλια,χιλια,Uploaded
δύο χιλιάδες,δυο χιλιαδες,Uploaded
τρεις χιλιάδες,τρεις χιλιαδες,Uploaded
τέσσερις χιλιάδες,τεσσερις χιλιαδες,Uploaded
πέντε χιλιάδες,πεντε χιλιαδες,Uploaded
έξι χιλιάδες,εξι χιλιαδες,Uploaded
επτά χιλιάδες,επτα χιλιαδες,Uploaded
οκτώ χιλιάδες,οκτω χιλιαδες,Uploaded
εννέα χιλιάδες,εννεα χιλιαδες,Uploaded
δέκα χιλιάδες,δεκα χιλιαδες,Uploaded
Ποιος / ποια / ποιο,ποιος / ποια / ποιο,Uploaded
Με λένε Σάββα,με λενε σαββα,Uploaded
Είμαι ο Σάββας,ειμαι ο σαββας,Uploaded
Τα ελληνικά,ελληνικα,Uploaded
Από,απο,Uploaded
Η Αμερική,αμερικη,Uploaded
Περιμένω (τον Βαγγέλη/ την Μαρία/ το κορίτσι),περιμενω (τον βαγγελη/ την μαρια/ το κοριτσι),Uploaded
Γεια σου,γεια σου,Uploaded
Πάω,παω,Uploaded
Καλό απόγευμα,καλο απογευμα,Uploaded
"Γεια σας, Δημήτρη και Δάφνη","γεια σας, δημητρη και δαφνη",Uploaded
έτσι κι έτσι,ετσι κι ετσι,Uploaded
Μισός/μισή/μισό,μισος/μιση/μισο,Uploaded
Και / κι,και / κι,Uploaded
Τα χιλιόμετρα,χιλιομετρα,Uploaded
Ο φοιτητής / Η φοιτήτρια,φοιτητης / η φοιτητρια,Uploaded
Η σοκολάτα,σοκολατα,Uploaded
Το παγωτό,παγωτο,Uploaded
Η μπύρα / μπίρα,μπυρα / μπιρα,Uploaded
Είμαι στο σπίτι με την Τζούλια.,ειμαι στο σπιτι με την τζουλια,Uploaded
Ο μπακλαβάς,μπακλαβας,Uploaded
Ο χυμός πορτοκάλι,χυμος πορτοκαλι,Uploaded
Είναι τρεις η ώρα,ειναι τρεις η ωρα,Uploaded
Ο καθηγητής,καθηγητης,Uploaded
Η καθηγήτρια,καθηγητρια,Uploaded
Τι δουλειά κάνεις;,τι δουλεια κανεις,Uploaded
Το σινεμά,σινεμα,Uploaded
Ο / η γιατρός,/ η γιατρος,Uploaded
Πηγαίνω,πηγαινω,Uploaded
Παντρεμένος / παντρεμένη,παντρεμενος / παντρεμενη,Uploaded
Ελεύθερος / ελεύθερη,ελευθερος / ελευθερη,Uploaded
Χωρισμένος / χωρισμένη,χωρισμενος / χωρισμενη,Uploaded
Χήρος / χήρα,χηρος / χηρα,Uploaded
Η φίλη,φιλη,Uploaded
Ο πατέρας,πατερας,Uploaded
Η μητέρα,μητερα,Uploaded
Ο αδερφός / αδελφός,αδερφος / αδελφος,Uploaded
Η αδερφή / αδελφή,αδερφη / αδελφη,Uploaded
Αλλά,αλλα,Uploaded
Η γιαγιά,γιαγια,Uploaded
Έτοιμος / έτοιμη / έτοιμο,ετοιμος / ετοιμη / ετοιμο,Uploaded
Το ταξί,ταξι,Uploaded
Το μαγαζί,μαγαζι,Uploaded
Το μπαλκόνι,μπαλκονι,Uploaded
Μου αρέσει,μου αρεσει,Uploaded
Όμορφος / Όμορφη / Όμορφο,ομορφος / ομορφη / ομορφο,Uploaded
Άσκημος / άσκημη / άσκημο Άσχημος / άσχημη / άσχημο,ασκημος / ασκημη / ασκημο ασχημος / ασχημη / ασχημο,Uploaded
Μεγάλος / μεγάλη / μεγάλο,μεγαλος / μεγαλη / μεγαλο,Uploaded
Μικρός / μικρή / μικρό,μικρος / μικρη / μικρο,Uploaded
Καλός / καλή / καλό,καλος / καλη / καλο,Uploaded
Πόσο καιρό;,ποσο καιρο,Uploaded
Πρώτο,πρωτο,Uploaded
Ξένος / ξένη,ξενος / ξενη,Uploaded
Βεβαίως,βεβαιως,Uploaded
Η σαλάτα,σαλατα,Uploaded
Δεν τίποτα,δεν τιποτα,Uploaded
Ορίστε,οριστε,Uploaded
Ο λογαριασμός,λογαριασμος,Uploaded
Η μαστίχα,μαστιχα,Uploaded
Κουτί σπίρτα,κουτι σπιρτα,Uploaded
Το προφυλακτικό,προφυλακτικο,Uploaded
Τα χαρτομάντηλα,χαρτομαντηλα,Uploaded
Ανοιχτός,ανοιχτος,Uploaded
Κλειστός,κλειστος,Uploaded
Δεν νομίζω,δεν νομιζω,Uploaded
Αντίο,αντιο,Uploaded
Τίποτα άλλο;,τιποτα αλλο,Uploaded
Να 'στε καλά,να 'στε καλα,Uploaded
Μάλιστα,μαλιστα,Uploaded
Το κρουασάν,κρουασαν,Uploaded
Το σάντουιτς,σαντουιτς,Uploaded
Το μαύρο ψωμί,μαυρο ψωμι,Uploaded
Το χωριάτικο ψωμί,χωριατικο ψωμι,Uploaded
Η τηλεόραση,τηλεοραση,Uploaded
Η τάξη,ταξη,Uploaded
Λογαριασμό παρακαλώ,λογαριασμο παρακαλω,Uploaded
Ο φούρνος,φουρνος,Uploaded
Το μουσείο,μουσειο,Uploaded
Το καφενείο,καφενειο,Uploaded
Το φαρμακείο,φαρμακειο,Uploaded
Το τραπέζι,τραπεζι,Uploaded
Η καρέκλα,καρεκλα,Uploaded
Το διαβατήριο,διαβατηριο,Uploaded
Η σελίδα,σελιδα,Uploaded
Η κόκα-κόλα,κοκα-κολα,Uploaded
Το κοτόπουλο,κοτοπουλο,Uploaded
Η πίτσα,πιτσα,Uploaded
Η πάστα,παστα,Uploaded
Η γαλοπούλα,γαλοπουλα,Uploaded
Η πλατεία,πλατεια,Uploaded
Το δέμα,δεμα,Uploaded
Η μέρα,μερα,Uploaded
Το δωμάτιο,δωματιο,Uploaded
Μου αρέσουν τα βιβλία,μου αρεσουν τα βιβλια,Uploaded
Ο κινηματογράφος,κινηματογραφος,Uploaded
Με,με,Uploaded
Η στάση,σταση,Uploaded
Το στάδιο,σταδιο,Uploaded
Ο σκύλος,σκυλος,Uploaded
Το μπισκότο,μπισκοτο,Uploaded
Το τηλέφωνό μου είναι ...,τηλεφωνο μου ειναι,Uploaded
Ακριβός / ακριβή / ακριβό,ακριβος / ακριβη / ακριβο,Uploaded
Η πόλη,πολη,Uploaded
Μαθαίνω ελληνικά,μαθαινω ελληνικα,Uploaded
Είναι ανοιχτή η τράπεζα;,ειναι ανοιχτη η τραπεζα,Uploaded
Ποιος πληρώνει τον λογαριασμό;,ποιος πληρωνει τον λογαριασμο,Uploaded
Είναι το ταξί ελεύθερο;,ειναι το ταξι ελευθερο,Uploaded
Η ασπιρίνη,ασπιρινη,Uploaded
Αυτός / αυτή / αυτό,αυτος / αυτη / αυτο,Uploaded
Αυτοί / αυτές / αυτά,αυτοι / αυτες / αυτα,Uploaded
Το κεράσι,κερασι,Uploaded
Τι φοράει;,τι φοραει,Uploaded
Το μαντήλι,μαντηλι,Uploaded
Το γάντι,γαντι,Uploaded
Το ζευγάρι γάντια,ζευγαρι γαντια,Uploaded
Η μπότα / μπότες,μποτα / μποτες,Uploaded
Η ζακέτα,ζακετα,Uploaded
Ένα ζευγάρι παντόφλες,ενα ζευγαρι παντοφλες,Uploaded
Ένα ζευγάρι πέδιλα,ενα ζευγαρι πεδιλα,Uploaded
Ο σκούφος,σκουφος,Uploaded
Τρίκλινο,τρικλινο,Uploaded
Έχει θέα στη θάλασσα;,εχει θεα στη θαλασσα,Uploaded
Πρώτος / πρώτη / πρώτο,πρωτος / πρωτη / πρωτο,Uploaded
Δεύτερος / δεύτερη / δεύτερο,δευτερος / δευτερη / δευτερο,Uploaded
Τρίτος / τρίτη / τρίτο,τριτος / τριτη / τριτο,Uploaded
Τέταρτος / τέταρτη / τέταρτο,τεταρτος / τεταρτη / τεταρτο,Uploaded
Πέμπτος / πέμπτη / πέμπτο,πεμπτος / πεμπτη / πεμπτο,Uploaded
Έκτος / έκτη / έκτο,εκτος / εκτη / εκτο,Uploaded
Έβδομος / έβδομη / έβδομο,εβδομος / εβδομη / εβδομο,Uploaded
Κίτρινος /κίτρινη / κίτρινο,κιτρινος /κιτρινη / κιτρινο,Uploaded
Κόκκινος / κόκκινη / κόκκινο,κοκκινος / κοκκινη / κοκκινο,Uploaded
Πράσινος / πράσινη / πράσινο,πρασινος / πρασινη / πρασινο,Uploaded
Γαλάζιο / γαλάζια / γαλάζιο,γαλαζιο / γαλαζια / γαλαζιο,Uploaded
Άσπρος / άσπρη / άσπρο,ασπρος / ασπρη / ασπρο,Uploaded
Μαύρος / μαύρη / μαύρο,μαυρος / μαυρη / μαυρο,Uploaded
Καφέ,καφε,Uploaded
Γκρι,γκρι,Uploaded
Σε καλή τιμή,σε καλη τιμη,Uploaded
Το νούμερο,νουμερο,Uploaded
Νέος / νέα / νέο,νεος / νεα / νεο,Uploaded
Αστείος / αστεία / αστείο,αστειος / αστεια / αστειο,Uploaded
Θα (θα κάνω / θα είμαι),θα (θα κανω / θα ειμαι),Uploaded
Μαγειρεύω = κάνω φαγητό,μαγειρευω = κανω φαγητο,Uploaded
Κάνω βόλτα,κανω βολτα,Uploaded
Σπορ,σπορ,Uploaded
Ωραίος / ωραία / ωραίο,ωραιος / ωραια / ωραιο,Uploaded
Ο / η ηθοποιός,/ η ηθοποιος,Uploaded
Τον / την βλέπεις;,τον / την βλεπεις,Uploaded
Ζεστός / ζεστή / ζεστό,ζεστος / ζεστη / ζεστο,Uploaded
Τα χρόνια (οι χρόνοι - only for verb conjugations),χρονια (οι χρονοι,Uploaded
Στο ισόγειο,στο ισογειο,Uploaded
Παίζω (κιθάρα / πιάνο / τάωλι / θέατρο / χαρτιά),παιζω (κιθαρα / πιανο / ταωλι / θεατρο / χαρτια),Uploaded
Πλούσιος / πλούσια / πλούσιο,πλουσιος / πλουσια / πλουσιο,Uploaded
Κρύος /κρύα / κρύο,κρυος /κρυα / κρυο,Uploaded
Καινούργιος /καινούργια / καινούργιο,καινουργιος /καινουργια / καινουργιο,Uploaded
Φτηνός / φτηνή /φτηνό,φτηνος / φτηνη /φτηνο,Uploaded
Ψηλός / ψηλή / ψηλό,ψηλος / ψηλη / ψηλο,Uploaded
Κοντός / κοντή / κοντό,κοντος / κοντη / κοντο,Uploaded
Έξυπνος /έξυπνη /έξυπνο,εξυπνος /εξυπνη /εξυπνο,Uploaded
Νόστιμος / νόστιμη / νόστιμο,νοστιμος / νοστιμη / νοστιμο,Uploaded
Αρχαίος / αρχαία / αρχαίο,αρχαιος / αρχαια / αρχαιο,Uploaded
Μέτριος / μέτρια / μέτριο,μετριος / μετρια / μετριο,Uploaded
Από ... ως / μέχρι,απο ... ως / μεχρι,Uploaded
Έχει (ένα) μονόκλινο δωμάτιο;,εχει (ενα) μονοκλινο δωματιο,Uploaded
Έχει ντους ή μπάνιο;,εχει ντους η μπανιο,Uploaded
Από τις 8 ως τις 10. / 8 με 10.,απο τις 8 ως τις 10. / 8 με 10,Uploaded
Ευθεία κάτω,ευθεια κατω,Uploaded
Βγαίνω (έξω),βγαινω (εξω),Uploaded
Μπαίνω (μέσα),μπαινω (μεσα),Uploaded
Κάνω στάση,κανω σταση,Uploaded
Απέναντι,απεναντι,Uploaded
Να > for ex: να ο Σαββας / να το βιβλίο,να > for ex: να ο σαββας / να το βιβλιο,Uploaded
Το σούπερ-μάρκετ,σουπερ-μαρκετ,Uploaded
Κυρ- / κυρα-,κυρ- / κυρα-,Uploaded
Ευχαριστημένος / ευχαριστημένη / ευχαριστημένο,ευχαριστημενος / ευχαριστημενη / ευχαριστημενο,Uploaded
Κουρασμένος / κουρασμένη / κουρασμένο,κουρασμενος / κουρασμενη / κουρασμενο,Uploaded
"Πιο αργά, παρακαλώ","πιο αργα, παρακαλω",Uploaded
Το θέατρο,θεατρο,Uploaded
Πού κάνει στάση το λεωφορείο;,που κανει σταση το λεωφορειο,Uploaded
Το αγόρι,αγορι,Uploaded
Γρήγορος / γρήγορη / γρήγορο,γρηγορος / γρηγορη / γρηγορο,Uploaded
Φρέσκος / φρέσκη / φρέσκο,φρεσκος / φρεσκη / φρεσκο,Uploaded
Βρόμικος / βρόμικη / βρόμικο,βρομικος / βρομικη / βρομικο,Uploaded
"Λευκός / λευκή / λευκό certain standard expressions using one but not the other: λευκά είδη (linen), Λευκός Οίκος (the White House) άσπρο ψωμί; άσπρα μαλλιά (white hair, but is actually one's old age); λευκά μαλλιά (hair colour)","λευκος / λευκη / λευκο certain standard expressions using one but not the other: λευκα ειδη (linen), λευκος οικος (the white house) ασπρο ψωμι; ασπρα μαλλια (white hair, but is actually one's old age); λευκα μαλλια (hair colour)",Uploaded
Χοντρός / χοντρή / χοντρό,χοντρος / χοντρη / χοντρο,Uploaded
Λεπτός / λεπτή / λεπτό,λεπτος / λεπτη / λεπτο,Uploaded
Αθλητικός / αθλητική / αθλητικό,αθλητικος / αθλητικη / αθλητικο,Uploaded
Καλοκαιρινός / καλοκαιρινή / καλοκαιρινό,καλοκαιρινος / καλοκαιρινη / καλοκαιρινο,Uploaded
Βραδινός / βραδινή / βραδινό,βραδινος / βραδινη / βραδινο,Uploaded
Μοντέρνος / μοντέρνα / μοντέρνο,μοντερνος / μοντερνα / μοντερνο,Uploaded
Καθημερινός / καθημερινή / καθημερινό,καθημερινος / καθημερινη / καθημερινο,Uploaded
Κλασικός / κλασική / κλασικό,κλασικος / κλασικη / κλασικο,Uploaded
Στενός / στενή / στενό,στενος / στενη / στενο,Uploaded
Η δωροκάρτα,δωροκαρτα,Uploaded
Παλιός / παλιά / παλιό,παλιος / παλια / παλιο,Uploaded
Η γόβα,γοβα,Uploaded
Υπάρχω,υπαρχω,Uploaded
Το πάρκιγκ,παρκιγκ,Uploaded
Συγνώμη,συγνωμη,Uploaded
Κανένας / καμιά / κανένα,κανενας / καμια / κανενα,Uploaded
Δίπλα,διπλα,Uploaded
Το πάρκο,παρκο,Uploaded
Το φουστάνι,φουστανι,Uploaded
Η παντόφλα,παντοφλα,Uploaded
Το πέδιλο,πεδιλο,Uploaded
Έχω μάθημα σε λίγο,εχω μαθημα σε λιγο,Uploaded
Πηγαίνετε ευθεία στην οδό Νίκος.,πηγαινετε ευθεια στην οδο νικος,Uploaded
Βλέπετε το φαρμακείο δεξιά.,βλεπετε το φαρμακειο δεξια,Uploaded
Εκεί στρίβετε αριστερά.,εκει στριβετε αριστερα,Uploaded
Πηγαίνετε ευθεία κάτω την οδό Αγίας Σοφίας.,πηγαινετε ευθεια κατω την οδο αγιας σοφιας,Uploaded
Στη λεωφόρο Ειρήνης.,στη λεωφορο ειρηνης,Uploaded
Και απέναντι είναι η πλατεία.,και απεναντι ειναι η πλατεια,Uploaded
Μετά από ένα τετράγωνο βλέπετε μια εκκλησία.,μετα απο ενα τετραγωνο βλεπετε μια εκκλησια,Uploaded
Δύο τετράγωνα παρακάτω.,δυο τετραγωνα παρακατω,Uploaded
Υπάρχει κανένας φούρνος εδώ κοντά;,υπαρχει κανενας φουρνος εδω κοντα,Uploaded
Το ταξίδι,ταξιδι,Uploaded
μμ = μετά το μεσημέρι,μμ = μετα το μεσημερι,Uploaded
πμ =  πριν το μεσημέρι,πμ = πριν το μεσημερι,Uploaded
Είναι μία το μεσημέρι.,ειναι μια το μεσημερι,Uploaded
Πριν,πριν,Uploaded
Το βιβλίο του Πέτρου.,βιβλιο του πετρου,Uploaded
Ο Αλέξανδρος > του Αλέξανδρου,αλεξανδρος > του αλεξανδρου,Uploaded
Ο Βαγγέλης > του Βαγγέλη,βαγγελης > του βαγγελη,Uploaded
Ο Σάββας > του Σάββα,σαββας > του σαββα,Uploaded
Είμαι το κορίτσι του Σάββα.,ειμαι το κοριτσι του σαββα,Uploaded
Η Μαρία > της Μαρίας,μαρια > της μαριας,Uploaded
Η Νεφέλη > της Νεφέλης,νεφελη > της νεφελης,Uploaded
Είμαι ο φίλος της Νεφέλης.,ειμαι ο φιλος της νεφελης,Uploaded
Μιλάω / μιλώ,μιλαω / μιλω,Uploaded
Φταίει το τρένο.,φταιει το τρενο,Uploaded
Αγαπάω,αγαπαω,Uploaded
Σταματάω,σταματαω,Uploaded
Τραγουδάω,τραγουδαω,Uploaded
Ξεκινάω,ξεκιναω,Uploaded
Περνάω (από),περναω (απο),Uploaded
Προτιμάω,προτιμαω,Uploaded
Συμφωνώ,συμφωνω,Uploaded
Με συγχωρείτε.,με συγχωρειτε,Uploaded
Εδώ γύρω.,εδω γυρω,Uploaded
Βγάζω βόλτα το(ν) σκύλο.,βγαζω βολτα το(ν) σκυλο,Uploaded
Βγάζω (το πουλόβερ μου),βγαζω (το πουλοβερ μου),Uploaded
Τα πόδια.,ποδια,Uploaded
Κακός / κακή / κακό,κακος / κακη / κακο,Uploaded
Δύσκολος / δύσκολη / δύσκολο,δυσκολος / δυσκολη / δυσκολο,Uploaded
Εύκολος / εύκολη / εύκολο,ευκολος / ευκολη / ευκολο,Uploaded
Η καρτέλα,καρτελα,Uploaded
Γνωστός / γνωστή / γνωστό,γνωστος / γνωστη / γνωστο,Uploaded
Πολύ γνωστή μάρκα.,πολυ γνωστη μαρκα,Uploaded
Πάω για ύπνο,παω για υπνο,Uploaded
Το ραδιόφωνο,ραδιοφωνο,Uploaded
Η φορά,φορα,Uploaded
Μια φορά,μια φορα,Uploaded
Πάω για ψώνια.,παω για ψωνια,Uploaded
Τα ψώνια,ψωνια,Uploaded
Κάνω σπορ,κανω σπορ,Uploaded
Η παρέα,παρεα,Uploaded
Πώς περνάς την ημέρα σου;,πως περνας την ημερα σου,Uploaded
Αλήθεια,αληθεια,Uploaded
Ακόμα,ακομα,Uploaded
Η πατάτα,πατατα,Uploaded
Οι γεμιστές ντομάτες,γεμιστες ντοματες,Uploaded
Η χωριάτικη σαλάτα,χωριατικη σαλατα,Uploaded
Οι τηγανητές πατάτες,τηγανητες πατατες,Uploaded
Αρνάκι φρικασέ,αρνακι φρικασε,Uploaded
ούτε > δεν περιμένει ούτε την Αλίκη ούτε τον Κώστα.,ουτε > δεν περιμενει ουτε την αλικη ουτε τον κωστα,Uploaded
Ο / η οδηγός,/ η οδηγος,Uploaded
Ο Νίκος είναι πολύ καλός φίλος μου.,νικος ειναι πολυ καλος φιλος μου,Uploaded
Μένει μόνος του.,μενει μονος του,Uploaded
Κάνω ένα τηλεφώνημα,κανω ενα τηλεφωνημα,Uploaded
Το σαλόνι,σαλονι,Uploaded
Το φλυτζάνι,φλυτζανι,Uploaded
Το πιατάκι,πιατακι,Uploaded
Το κουταλάκι,κουταλακι,Uploaded
Τα κολοκυθάκια,κολοκυθακια,Uploaded
Τα καλαμάρια,καλαμαρια,Uploaded
Η μακαρονάδα,μακαροναδα,Uploaded
Καθόλου > δεν πεινάω καθόλου / δεν υπάρχει καθόλου φαγητό,καθολου > δεν πειναω καθολου / δεν υπαρχει καθολου φαγητο,Uploaded
Παραγγέλνω,παραγγελνω,Uploaded
Τα λαζάνια,λαζανια,Uploaded
Το φιλί / τα φιλιά,φιλι / τα φιλια,Uploaded
Ο ίδιος,ιδιος,Uploaded
Το τραμ,τραμ,Uploaded
Κάθε πότε περνάει το μετρό;,καθε ποτε περναει το μετρο,Uploaded
Πάω με το μετρό / ...,παω με το μετρο /,Uploaded
Επόμενος / επόμενη / επόμενο,επομενος / επομενη / επομενο,Uploaded
Μήπως έχετε (εισιτήρια) και για το μετρό;,μηπως εχετε (εισιτηρια) και για το μετρο,Uploaded
Ένα εισιτήριο με επιστροφή,ενα εισιτηριο με επιστροφη,Uploaded
Με επιστροφή,με επιστροφη,Uploaded
Το αεροπλάνο πόση ώρα κάνει;,αεροπλανο ποση ωρα κανει,Uploaded
... Μισό λεπτό ...,μισο λεπτο,Uploaded
Δεν έχει τρένο από Αθήνα για Θεσσαλονίκη.,δεν εχει τρενο απο αθηνα για θεσσαλονικη,Uploaded
Το τρένο ξεκινάει από τη Θεσσαλονίκη στις 8 το βράδυ.,τρενο ξεκιναει απο τη θεσσαλονικη στις 8 το βραδυ,Uploaded
Μία ώρα περίπου,μια ωρα περιπου,Uploaded
Κοστίζω,κοστιζω,Uploaded
Το μπουκάλι,μπουκαλι,Uploaded
Η αγγελία,αγγελια,Uploaded
(ε)χθές,ε)χθες,Uploaded
Κάνω / στρώνω το τραπέζι,κανω / στρωνω το τραπεζι,Uploaded
Ο σερβιτόρος / το γκαρσόν(ι),σερβιτορος / το γκαρσον(ι),Uploaded
Το μπουκάλι κρασί,μπουκαλι κρασι,Uploaded
Σερβίρω (το πιάτο),σερβιρω (το πιατο),Uploaded
Δεν υπάρχει κανείς.,δεν υπαρχει κανεις,Uploaded
τρελή,τρελη,Uploaded
Τα μακαρόνια,μακαρονια,Uploaded
Τα ζυμαρικά,ζυμαρικα,Uploaded
Και τι ώρα φτάνει;,και τι ωρα φτανει,Uploaded
Το απλό εισιτήριο,απλο εισιτηριο,Uploaded
Το εισιτήριο τουριστική θέση,εισιτηριο τουριστικη θεση,Uploaded
Το εισιτήριο πρώτη θέση,εισιτηριο πρωτη θεση,Uploaded
Πιο φτηνό,πιο φτηνο,Uploaded
Πόσα θέλετε;,ποσα θελετε,Uploaded
Ίδιος / ίδια / ίδιο,ιδιος / ιδια / ιδιο,Uploaded
Φτάνει,φτανει,Uploaded
Κάνει / έχει κρύο,κανει / εχει κρυο,Uploaded
Κάνει / έχει ζέστη,κανει / εχει ζεστη,Uploaded
Τι καιρό κάνει; Τι καιρό έχει;,τι καιρο κανει; τι καιρο εχει,Uploaded
Ποια εποχή σου αρέσει;,ποια εποχη σου αρεσει,Uploaded
Οι μέρες είναι πιο μεγάλες.,μερες ειναι πιο μεγαλες,Uploaded
Ο αέρας,αερας,Uploaded
Ο ήλιος,ηλιος,Uploaded
Η συννεφιά,συννεφια,Uploaded
Έχει ψύχρα,εχει ψυχρα,Uploaded
θέλω θέλεις θέλει θέλουμε θέλετε θέλουν,θελω θελεις θελει θελουμε θελετε θελουν,Uploaded
λέω λές λέει λέμε λέτε λένε,λεω λες λεει λεμε λετε λενε,Uploaded
μιλάω / μιλώ μιλάς μιλάει μιλάμε μιλάτε μιλάνε,μιλαω / μιλω μιλας μιλαει μιλαμε μιλατε μιλανε,Uploaded
μπορώ μπορείς μπορεί μπορούμε μπορείτε μπορούν,μπορω μπορεις μπορει μπορουμε μπορειτε μπορουν,Uploaded
Δε συμφωνώ,δε συμφωνω,Uploaded
Πότε έχεις τα γενέθλιά σου;,ποτε εχεις τα γενεθλια σου,Uploaded
Έχω τα γενέθλιά μου το χειμώνα τον Ιανουάριο.,εχω τα γενεθλια μου το χειμωνα τον ιανουαριο,Uploaded
τα ψέματα (ex: λέω ψέματα),ψεματα (ex: λεω ψεματα),Uploaded
Η ταινία / το φιλμ / το έργο,ταινια / το φιλμ / το εργο,Uploaded
Ο γάμος,γαμος,Uploaded
Άλλη μια φορά,αλλη μια φορα,Uploaded
Το πρόγραμμα,προγραμμα,Uploaded
Πετάω,πεταω,Uploaded
Η λαϊκή,λαικη,Uploaded
Κουνάω,κουναω,Uploaded
"Δε μου λες. Δε μου λες, τι ώρα είναι;","δε μου λες. δε μου λες, τι ωρα ειναι",Uploaded
Η ζωή,ζωη,Uploaded
Αμέ!,αμε,Uploaded
Δεν το πιστεύω!,δεν το πιστευω,Uploaded
Το γυμναστήριο,γυμναστηριο,Uploaded
Άρρωστος / άρρωστη / άρρωστο,αρρωστος / αρρωστη / αρρωστο,Uploaded
Μπροστά,μπροστα,Uploaded
Κανονίζω,κανονιζω,Uploaded
Πόσο από το καθένα;,ποσο απο το καθενα,Uploaded
Πάρε,παρε,Uploaded
Ωραία ιδέα,ωραια ιδεα,Uploaded
Εδώ και δύο χρόνια.,εδω και δυο χρονια,Uploaded
Κανονίζουμε τίποτα;,κανονιζουμε τιποτα,Uploaded
Τι θα ήθελες;,τι θα ηθελες,Uploaded
ήμουν ήσουν ήταν ήμασταν ήσασταν ήταν,ημουν ησουν ηταν ημασταν ησασταν ηταν,Uploaded
έκανα έκανες έκανε κάναμε κάνατε έκαναν / κάνανε,εκανα εκανες εκανε καναμε κανατε εκαναν / κανανε,Uploaded
είδα είδες είδε είδαμε είδατε είδαν,ειδα ειδες ειδε ειδαμε ειδατε ειδαν,Uploaded
έφαγα έφαγες έφαγε φάγαμε φάγατε έφαγαν / φάγανε,εφαγα εφαγες εφαγε φαγαμε φαγατε εφαγαν / φαγανε,Uploaded
πήγα πήγες πήγε πήγαμε πήγατε πήγαν,πηγα πηγες πηγε πηγαμε πηγατε πηγαν,Uploaded
γύρισα γύρισες γύρισε γυρίσαμε γυρίσατε γύρισαν / γυρίσανε,γυρισα γυρισες γυρισε γυρισαμε γυρισατε γυρισαν / γυρισανε,Uploaded
μου σου του / της / του μας σας τους / τους / τους,μου σου του / της / του μας σας τους / τους / τους,Uploaded
Ο χορός,χορος,Uploaded
Πρώτα (Πρώτα θα πάω στο φούρνο),πρωτα (πρωτα θα παω στο φουρνο),Uploaded
Ο ναός,ναος,Uploaded
Όλος / όλη / όλο (όλη την εβδομάδα),ολος / ολη / ολο (ολη την εβδομαδα),Uploaded
Έχει φεγγάρι,εχει φεγγαρι,Uploaded
Το μοναστήρι,μοναστηρι,Uploaded
Η βάρκα,βαρκα,Uploaded
Απλός / απλή / απλό,απλος / απλη / απλο,Uploaded
Η επιστροφή,επιστροφη,Uploaded
Η θέση,θεση,Uploaded
Το(ν) Φεβρουάριο,το(ν) φεβρουαριο,Uploaded
Το(ν) Μάρτιο,το(ν) μαρτιο,Uploaded
Τον Απρίλιο,τον απριλιο,Uploaded
Το(ν) Μάιο,το(ν) μαιο,Uploaded
Τον Ιούλιο,τον ιουλιο,Uploaded
Τον Αύγουστο,τον αυγουστο,Uploaded
Το(ν) Σεπτέμβριο,το(ν) σεπτεμβριο,Uploaded
Τον Οκτώβριο,τον οκτωβριο,Uploaded
Το(ν) Νοέμβριο,το(ν) νοεμβριο,Uploaded
Το(ν) Δεκέμβριο,το(ν) δεκεμβριο,Uploaded
Περασμένος / περασμένη / περασμένο,περασμενος / περασμενη / περασμενο,Uploaded
Θα είμαι,θα ειμαι,Uploaded
Θα κάνω,θα κανω,Uploaded
θα δω θα δεις θα δει θα δούμε θα δείτε θα δουν,θα δω θα δεις θα δει θα δουμε θα δειτε θα δουν,Uploaded
θα φάω θα φας θα φάει θα φάμε θα φάτε θα φάνε,θα φαω θα φας θα φαει θα φαμε θα φατε θα φανε,Uploaded
Θα πάω,θα παω,Uploaded
θα γυρίσω θα γυρίσεις θα γυρίσει θα γυρίσουμε θα γυρίσετε θα γυρίσουν,θα γυρισω θα γυρισεις θα γυρισει θα γυρισουμε θα γυρισετε θα γυρισουν,Uploaded
Ερχόμενος / ερχόμενη / ερχόμενο,ερχομενος / ερχομενη / ερχομενο,Uploaded
Παώ διακοπές,παω διακοπες,Uploaded
Μαζί,μαζι,Uploaded
Η επανάληψη,επαναληψη,Uploaded
Μερικός / μερική / μερικό,μερικος / μερικη / μερικο,Uploaded
Το μήνυμα / τα μηνύματα,μηνυμα / τα μηνυματα,Uploaded
Ετοιμάζω,ετοιμαζω,Uploaded
Το ποτό,ποτο,Uploaded
Τελευταίος / τελευταία / τελευταίο,τελευταιος / τελευταια / τελευταιο,Uploaded
Ότι,οτι,Uploaded
Ο / η βοηθός,/ η βοηθος,Uploaded
Ο τυχερός / η τυχερή,τυχερος / η τυχερη,Uploaded
Η αρχή,αρχη,Uploaded
Ο γονέας / ο γονιός,γονεας / ο γονιος,Uploaded
Ο κήπος,κηπος,Uploaded
"Τον and την + κ,π,ξ,ψ (μπ,ντ,γκ)","τον and την + κ,π,ξ,ψ (μπ,ντ,γκ)",Uploaded
Τελευταία,τελευταια,Uploaded
Πλένω τα πιάτα,πλενω τα πιατα,Uploaded
Χτενίζω,χτενιζω,Uploaded
έρχομαι έρχεσαι έρχεται ερχόμαστε έρχεστε έρχονται,ερχομαι ερχεσαι ερχεται ερχομαστε ερχεστε ερχονται,Uploaded
κοιμάμαι κοιμάσαι κοιμάται κοιμόμαστε κοιμάστε κοιμούνται,κοιμαμαι κοιμασαι κοιμαται κοιμομαστε κοιμαστε κοιμουνται,Uploaded
Αρχίζω δουλειά,αρχιζω δουλεια,Uploaded
Το διάλειμμα (κανώ μισή ώρα διάλειμμα),διαλειμμα (κανω μιση ωρα διαλειμμα),Uploaded
Σχολάω από τη δουλειά,σχολαω απο τη δουλεια,Uploaded
Όλοι μας,ολοι μας,Uploaded
Ξεχνώ,ξεχνω,Uploaded
Ξεκουράζομαι,ξεκουραζομαι,Uploaded
Εργάζομαι,εργαζομαι,Uploaded
Εργάζομαι ως βοηθός,εργαζομαι ως βοηθος,Uploaded
Το κιλό,κιλο,Uploaded
Λέω ένα τραγούδι,λεω ενα τραγουδι,Uploaded
Ψητός / ψητή / ψητό,ψητος / ψητη / ψητο,Uploaded
Η αγορά,αγορα,Uploaded
Πάω στην αγορά,παω στην αγορα,Uploaded
(δεν) θα τον δω,δεν) θα τον δω,Uploaded
Η ψησταριά,ψησταρια,Uploaded
Έλα μαζί μου,ελα μαζι μου,Uploaded
Επικίνδυνος / επικίνδυνη / επικίνδυνο,επικινδυνος / επικινδυνη / επικινδυνο,Uploaded
Ένα γραμμάριο,ενα γραμμαριο,Uploaded
Κρίμα που δεν ήμουν έκει.,κριμα που δεν ημουν εκει,Uploaded
Νομίζω πως ...,νομιζω πως,Uploaded
Για παράδειγμα,για παραδειγμα,Uploaded
Ο / η συνάδελφος,/ η συναδελφος,Uploaded
Ονομάζομαι,ονομαζομαι,Uploaded
Δεν + VERB + ποτέ Δεν βάφομαι ποτέ το πρωί,δεν + verb + ποτε δεν βαφομαι ποτε το πρωι,Uploaded
Συνήθως κοιμάμαι νωρίς Κοιμάμαι συνήθως νωρίς,συνηθως κοιμαμαι νωρις κοιμαμαι συνηθως νωρις,Uploaded
Μη(ν) + VERB Μη λες τίποτα,μη(ν) + verb μη λες τιποτα,Uploaded
Μη λες ψέματα ποτέ Μη λες ποτέ ψέματα,μη λες ψεματα ποτε μη λες ποτε ψεματα,Uploaded
Δυνατός / δυνατή / δυνατό,δυνατος / δυνατη / δυνατο,Uploaded
Εδώ που τα λέμε ...,εδω που τα λεμε,Uploaded
Μα τι ωραία που ...,μα τι ωραια που,Uploaded
Μη με πειράζεις,μη με πειραζεις,Uploaded
Μην κάνεις έτσι,μην κανεις ετσι,Uploaded
Ποιο(ν) Who is always with ν  - ποιον  Which is without ν except for vowels and certain letters - ποιο(ν),ποιο(ν) who is always with ν,Uploaded
Αυτός / ή / τό,αυτος / η / το,Uploaded
Τα γλυκά,γλυκα,Uploaded
Ο / η ζωγράφος,/ η ζωγραφος,Uploaded
Το μάτι,ματι,Uploaded
Το κομμωτήριο,κομμωτηριο,Uploaded
Ο κομμωτής / η κομμώτρια,κομμωτης / η κομμωτρια,Uploaded
Κρυώνω,κρυωνω,Uploaded
Παράξενος / η / ο,παραξενος / η / ο,Uploaded
Η γκαντεμιά,γκαντεμια,Uploaded
Τάκα-τάκα,τακα-τακα,Uploaded
Το λάδι,λαδι,Uploaded
Εκείνος ο ... Εκείνη η ... Εκείνο το ...,εκεινος ο ... εκεινη η ... εκεινο το,Uploaded
Ποιον λες;,ποιον λες,Uploaded
Το πράγμα / τα πράγματα,πραγμα / τα πραγματα,Uploaded
Το πιάνο,πιανο,Uploaded
Ο / η δημοσιογράφος,/ η δημοσιογραφος,Uploaded
Ο / η αρχαιολόγος,/ η αρχαιολογος,Uploaded
Ερωτευμένος / η / ο,ερωτευμενος / η / ο,Uploaded
Βάζω τα ρούχα μου,βαζω τα ρουχα μου,Uploaded
Η κωμωδία,κωμωδια,Uploaded
Έπειτα,επειτα,Uploaded
Το κάστρο,καστρο,Uploaded
Υπέροχος / η / ο,υπεροχος / η / ο,Uploaded
Η εξέταση / οι εξετάσεις,εξεταση / οι εξετασεις,Uploaded
Tone on third last vowel * ζ > σ * ευ > εψ / φ > ψ * ν > σ,tone on third last vowel * ζ > σ * ευ > εψ / φ > ψ * ν > σ,Uploaded
Η βαλίτσα,βαλιτσα,Uploaded
Συνέχεια,συνεχεια,Uploaded
Η στιγμή,στιγμη,Uploaded
Κατά τις 09:00 Γύρω στις 09:00,κατα τις 09:00 γυρω στις 09:00,Uploaded
Τα λέμε από κοντά,λεμε απο κοντα,Uploaded
Ψωνίζω,ψωνιζω,Uploaded
Έξαλλος / η / ο,εξαλλος / η / ο,Uploaded
Η ρίγα / οι ρίγες,ριγα / οι ριγες,Uploaded
Η παρουσίαση,παρουσιαση,Uploaded
Η τραγωδία,τραγωδια,Uploaded
Το δράμα,δραμα,Uploaded
Το όπερα,οπερα,Uploaded
Θυμώνω,θυμωνω,Uploaded
Ανάβω το φως,αναβω το φως,Uploaded
Σβήνω το φως,σβηνω το φως,Uploaded
Πιστεύω,πιστευω,Uploaded
Παίρνω (στο) τηλέφωνο,παιρνω (στο) τηλεφωνο,Uploaded
Αλλάζω,αλλαζω,Uploaded
Καθαρίζω,καθαριζω,Uploaded
Σιδερώνω,σιδερωνω,Uploaded
Πρέπει να ... Δουλέψω,πρεπει να ... δουλεψω,Uploaded
Πίσω,πισω,Uploaded
Θέλω να … φάω,θελω να … φαω,Uploaded
Καλή διασκέδαση,καλη διασκεδαση,Uploaded
