Greek (raw TSV),Normalized variants (keys),English from TSV
μηδέν,μηδεν,Uploaded
ένας/μία/ένα,ενα; ενας; μια,Uploaded
δύο,δυο,Uploaded
πέντε,πεντε,Uploaded
έξι,εξι,Uploaded
επτά / εφτά,επτα; εφτα,Uploaded
οκτώ / οχτώ,οκτω; οχτω,Uploaded
εννέα / εννιά,εννεα; εννια,Uploaded
δέκα,δεκα,Uploaded
δώδεκα,δωδεκα,Uploaded
εβδομήντα,εβδομηντα,Uploaded
εκατό(ν),εκατο; εκατον,Uploaded
Το μάθημα,μαθημα,Uploaded
Ποιος / ποια / ποιο,ποια; ποιο; ποιος,Uploaded
Είμαι,ειμαι,Uploaded
Πώς σε λένε;,πως σε λενε,Uploaded
Ξέρω,ξερω,Uploaded
Καταλαβαίνω,καταλαβαινω,Uploaded
Τα αγγλικά,αγγλικα,Uploaded
Τα ολλανδικά,ολλανδικα,Uploaded
Τα γαλλικά,γαλλικα,Uploaded
Τα γερμανικά,γερμανικα,Uploaded
Τα ισπανικά,ισπανικα,Uploaded
Τα ιταλικά,ιταλικα,Uploaded
Πώς;,πως,Uploaded
Πού;,που,Uploaded
Μένω,μενω,Uploaded
Από πού είσαι;,απο που εισαι,Uploaded
Το Βέλγιο,βελγιο,Uploaded
Η Ελλάδα,ελλαδα,Uploaded
Η Ισπανία,ισπανια,Uploaded
Η Ιταλία,ιταλια,Uploaded
Η Αγγλία,αγγλια,Uploaded
Η Γαλλία,γαλλια,Uploaded
Η Γερμανία,γερμανια,Uploaded
Η Ολλανδία,ολλανδια,Uploaded
Ο Καναδάς,καναδας,Uploaded
Περιμένω (τον Βαγγέλη/ την Μαρία/ το κορίτσι),κοριτσι; περιμενω (τον βαγγελη; την μαρια,Uploaded
Θέλω,θελω,Uploaded
Τι Θέλεις;,τι θελεις,Uploaded
Γεια σου,γεια σου,Uploaded
Το βιβλίο,βιβλιο,Uploaded
Το κρασί,κρασι,Uploaded
Το τσάι,τσαι,Uploaded
Το σπίτι,σπιτι,Uploaded
Λέω,λεω,Uploaded
Έχω,εχω,Uploaded
Δουλεύω,δουλευω,Uploaded
Σπουδάζω,σπουδαζω,Uploaded
Καλημέρα,καλημερα,Uploaded
Καλησπέρα,καλησπερα,Uploaded
Καληνύχτα,καληνυχτα,Uploaded
Καλό βράδυ,καλο βραδυ,Uploaded
Καλή συνέχεια,καλη συνεχεια,Uploaded
Καλή εβδομάδα,καλη εβδομαδα,Uploaded
Καλό μήνα,καλο μηνα,Uploaded
Χαίρετε,χαιρετε,Uploaded
Καλά,καλα,Uploaded
Πολύ Καλά,πολυ καλα,Uploaded
Θαύμα,θαυμα,Uploaded
Μια χαρά,μια χαρα,Uploaded
έτσι κι έτσι,ετσι κι ετσι,Uploaded
Άσχημα,ασχημα,Uploaded
Πολύ άσχημα,πολυ ασχημα,Uploaded
Χάλια,χαλια,Uploaded
Τι κάνεις;,τι κανεις,Uploaded
Ευχαριστώ,ευχαριστω,Uploaded
Το ρολόι,ρολοι,Uploaded
Η ώρα,ωρα,Uploaded
Το λεπτό,λεπτο,Uploaded
Το δευτερόλεπτο,δευτερολεπτο,Uploaded
Το τέταρτο,τεταρτο,Uploaded
Και / κι,και; κι,Uploaded
Είναι δύο παρά δέκα,ειναι δυο παρα δεκα,Uploaded
Διαβάζω,διαβαζω,Uploaded
Εδώ,εδω,Uploaded
Το παιδί,παιδι,Uploaded
Το τηλέφωνο,τηλεφωνο,Uploaded
Το νερό,νερο,Uploaded
Η θάλασσα,θαλασσα,Uploaded
Το πρόβλημα,προβλημα,Uploaded
Ο φοιτητής / Η φοιτήτρια,φοιτητης; φοιτητρια,Uploaded
Η σοκολάτα,σοκολατα,Uploaded
Η μπύρα / μπίρα,μπιρα; μπυρα,Uploaded
Το σουβλάκι,σουβλακι,Uploaded
Το γιαούρτι,γιαουρτι,Uploaded
Το αεροδρόμιο,αεροδρομιο,Uploaded
Το ούζο,ουζο,Uploaded
Ο φραπές,φραπες,Uploaded
Ο μουσακάς,μουσακας,Uploaded
Το τζατζίκι,τζατζικι,Uploaded
Ο κεφτές,κεφτες,Uploaded
Η τυρόπιτα,τυροπιτα,Uploaded
Τα κινέζικα,κινεζικα,Uploaded
Είναι τρεις η ώρα,ειναι τρεις; ωρα,Uploaded
Κύριε,κυριε,Uploaded
Κύρια,κυρια,Uploaded
Η τράπεζα,τραπεζα,Uploaded
Το σχολείο,σχολειο,Uploaded
Η βιβλιοθήκη,βιβλιοθηκη,Uploaded
Ο / η γιατρός,γιατρος; ο,Uploaded
Η ταβέρνα,ταβερνα,Uploaded
Το κορίτσι,κοριτσι,Uploaded
Η λεμονάδα,λεμοναδα,Uploaded
Το αυτοκίνητο,αυτοκινητο,Uploaded
Η εφημερίδα,εφημεριδα,Uploaded
Το κινητό,κινητο,Uploaded
Κάνω,κανω,Uploaded
Ο φίλος,φιλος,Uploaded
Η γυναίκα,γυναικα,Uploaded
Ο άντρας,αντρας,Uploaded
Ο αδερφός / αδελφός,αδελφος; αδερφος,Uploaded
Η αδερφή / αδελφή,αδελφη; αδερφη,Uploaded
Η κόρη,κορη,Uploaded
Ο γιος,γιος,Uploaded
Τώρα,τωρα,Uploaded
Ο παππούς,παππους,Uploaded
Καλώς όρισες,καλως ορισες,Uploaded
Λοιπόν,λοιπον,Uploaded
Παρακαλώ,παρακαλω,Uploaded
Κοντά,κοντα,Uploaded
Το αεροπλάνο,αεροπλανο,Uploaded
Εκεί,εκει,Uploaded
σήμερα,σημερα,Uploaded
Η γάτα,γατα,Uploaded
Μεγάλος / μεγάλη / μεγάλο,μεγαλη; μεγαλο; μεγαλος,Uploaded
Μικρός / μικρή / μικρό,μικρη; μικρο; μικρος,Uploaded
Καλός / καλή / καλό,καλη; καλο; καλος,Uploaded
Ο χρόνος,χρονος,Uploaded
Μπράβο,μπραβο,Uploaded
Τι ώρα είναι;,τι ωρα ειναι,Uploaded
Μετά,μετα,Uploaded
Μακριά,μακρια,Uploaded
Δεξιά,δεξια,Uploaded
Αριστερά,αριστερα,Uploaded
Μήπως ...;,μηπως,Uploaded
Το ξενοδοχείο,ξενοδοχειο,Uploaded
Η σαλάτα,σαλατα,Uploaded
Το λεωφορείο,λεωφορειο,Uploaded
Τίποτα,τιποτα,Uploaded
Κάτι,κατι,Uploaded
Πόσο κάνει ...;,ποσο κανει,Uploaded
Η μουσική,μουσικη,Uploaded
Ορίστε,οριστε,Uploaded
Το περίπτερο,περιπτερο,Uploaded
Ο περιπτεράς,περιπτερας,Uploaded
Αγοράζω,αγοραζω,Uploaded
Πληρώνω,πληρωνω,Uploaded
Τα λεφτά,λεφτα,Uploaded
Τα ρέστα,ρεστα,Uploaded
Τα ψιλά,ψιλα,Uploaded
Το περιοδικό,περιοδικο,Uploaded
Το γραμματόσημο,γραμματοσημο,Uploaded
Η κάρτα,καρτα,Uploaded
Το τσιγάρο,τσιγαρο,Uploaded
Ένα πακέτο τσιγάρα,ενα πακετο τσιγαρα,Uploaded
Ο χάρτης,χαρτης,Uploaded
Το μολύβι,μολυβι,Uploaded
Γιατί,γιατι,Uploaded
Ένα ευρώ,ενα ευρω,Uploaded
Το ψωμί,ψωμι,Uploaded
Ο χυμός,χυμος,Uploaded
Η τσίχλα,τσιχλα,Uploaded
Η πορτοκαλάδα,πορτοκαλαδα,Uploaded
Η κούκλα,κουκλα,Uploaded
Το νησί,νησι,Uploaded
Το χιόνι,χιονι,Uploaded
Το λουλούδι,λουλουδι,Uploaded
Η οικογένεια,οικογενεια,Uploaded
Το πορτοφόλι,πορτοφολι,Uploaded
Το φαγητό,φαγητο,Uploaded
Ο δρόμος,δρομος,Uploaded
Η οδός,οδος,Uploaded
Το νοσοκομείο,νοσοκομειο,Uploaded
Το εστιατόριο,εστιατοριο,Uploaded
Το πανεπιστήμιο,πανεπιστημιο,Uploaded
Η δουλειά,δουλεια,Uploaded
Το γραφείο,γραφειο,Uploaded
Το ταχυδρομείο,ταχυδρομειο,Uploaded
Ευθεία,ευθεια,Uploaded
Η εβδομάδα,εβδομαδα,Uploaded
Η Δευτέρα,δευτερα,Uploaded
Η Τρίτη,τριτη,Uploaded
Η Τετάρτη,τεταρτη,Uploaded
Η Πέμπτη,πεμπτη,Uploaded
Η Παρασκευή,παρασκευη,Uploaded
Το Σάββατο,σαββατο,Uploaded
Η Κυριακή,κυριακη,Uploaded
Το σαββατοκύριακο,σαββατοκυριακο,Uploaded
Πώς το λένε αυτό στα ελληνικά;,πως το λενε αυτο στα ελληνικα,Uploaded
Το γάλα,γαλα,Uploaded
Η σπανακόπιτα,σπανακοπιτα,Uploaded
Το βούτυρο,βουτυρο,Uploaded
Η μπανάνα,μπανανα,Uploaded
Το αυγό,αυγο,Uploaded
Το μπάνιο,μπανιο,Uploaded
Η μέρα,μερα,Uploaded
Το ποτήρι,ποτηρι,Uploaded
Το πιάτο,πιατο,Uploaded
Ο μήνας,μηνας,Uploaded
Με,με,Uploaded
Ή,η,Uploaded
Το εισιτήριο,εισιτηριο,Uploaded
Η κουζίνα,κουζινα,Uploaded
Το μαχαίρι,μαχαιρι,Uploaded
Το πιρούνι,πιρουνι,Uploaded
Το κουτάλι,κουταλι,Uploaded
Το παράθυρο,παραθυρο,Uploaded
Το διαμέρισμα,διαμερισμα,Uploaded
Πόσων χρονών είσαι;,ποσων χρονων εισαι,Uploaded
Είναι ανοιχτή η τράπεζα;,ειναι ανοιχτη; τραπεζα,Uploaded
Μαθαίνω,μαθαινω,Uploaded
Ο καιρός,καιρος,Uploaded
Εγώ,εγω,Uploaded
Εσύ,εσυ,Uploaded
Αυτός / αυτή / αυτό,αυτη; αυτο; αυτος,Uploaded
Εμείς,εμεις,Uploaded
Εσείς,εσεις,Uploaded
Αυτοί / αυτές / αυτά,αυτα; αυτες; αυτοι,Uploaded
Το πορτοκάλι,πορτοκαλι,Uploaded
Το μήλο,μηλο,Uploaded
Το αχλάδι,αχλαδι,Uploaded
Το δαμάσκηνο,δαμασκηνο,Uploaded
Η καρύδα,καρυδα,Uploaded
Το σταφύλι,σταφυλι,Uploaded
Τα ρούχα,ρουχα,Uploaded
Το κοστούμι,κοστουμι,Uploaded
Το κασκόλ,κασκολ,Uploaded
Το πουλόβερ,πουλοβερ,Uploaded
Το παντελόνι,παντελονι,Uploaded
Η τσάντα,τσαντα,Uploaded
Το καπέλο,καπελο,Uploaded
Η ζώνη,ζωνη,Uploaded
Η κάλτσα,καλτσα,Uploaded
Ένα ζευγάρι κάλτσες,ενα ζευγαρι καλτσες,Uploaded
Το μπλουζάκι,μπλουζακι,Uploaded
Η μπότα / μπότες,μποτα; μποτες,Uploaded
Το πουκάμισο,πουκαμισο,Uploaded
Το παπούτσι,παπουτσι,Uploaded
Ένα ζευγάρι παπούτσια,ενα ζευγαρι παπουτσια,Uploaded
Το μπουφάν,μπουφαν,Uploaded
Τα γυαλιά,γυαλια,Uploaded
Η φούστα,φουστα,Uploaded
Το φόρεμα,φορεμα,Uploaded
Το παλτό,παλτο,Uploaded
Η γραβάτα,γραβατα,Uploaded
Το σακάκι,σακακι,Uploaded
Το κουμπί,κουμπι,Uploaded
Το γιλέκο,γιλεκο,Uploaded
Η μπλούζα,μπλουζα,Uploaded
Το φανελάκι,φανελακι,Uploaded
Τα εσώρουχα,εσωρουχα,Uploaded
Το σορτς,σορτς,Uploaded
Το καλσόν,καλσον,Uploaded
Μονόκλινο,μονοκλινο,Uploaded
Δίκλινο,δικλινο,Uploaded
Το κρεβάτι,κρεβατι,Uploaded
Το ψυγείο,ψυγειο,Uploaded
Το ντους,ντους,Uploaded
Το πρωινό,πρωινο,Uploaded
Η θέα,θεα,Uploaded
Ο όροφος,οροφος,Uploaded
Το ασανσέρ,ασανσερ,Uploaded
Τρίτος / τρίτη / τρίτο,τριτη; τριτο; τριτος,Uploaded
Τέταρτος / τέταρτη / τέταρτο,τεταρτη; τεταρτο; τεταρτος,Uploaded
Πέμπτος / πέμπτη / πέμπτο,πεμπτη; πεμπτο; πεμπτος,Uploaded
Το κλειδί,κλειδι,Uploaded
Μπλε,μπλε,Uploaded
Ροζ,ροζ,Uploaded
Μπεζ,μπεζ,Uploaded
Μοβ,μοβ,Uploaded
Μαύρος / μαύρη / μαύρο,μαυρη; μαυρο; μαυρος,Uploaded
Ο υπάλληλος,υπαλληλος,Uploaded
Η τιμή,τιμη,Uploaded
Νέος / νέα / νέο,νεα; νεο; νεος,Uploaded
Αστείος / αστεία / αστείο,αστεια; αστειο; αστειος,Uploaded
Θα (θα κάνω / θα είμαι),θα (θα κανω; θα ειμαι,Uploaded
Τρώω,τρωω,Uploaded
Βλέπω τηλεόραση,βλεπω τηλεοραση,Uploaded
Το χρώμα,χρωμα,Uploaded
Κάθε,καθε,Uploaded
Βλέπω,βλεπω,Uploaded
Ωραίος / ωραία / ωραίο,ωραια; ωραιο; ωραιος,Uploaded
Ο / η ηθοποιός,ηθοποιος; ο,Uploaded
Τον / την βλέπεις;,την βλεπεις; τον,Uploaded
Πίνω,πινω,Uploaded
Γράφω,γραφω,Uploaded
Το πρωί,πρωι,Uploaded
Η άσκηση,ασκηση,Uploaded
Για πόσον καιρό;,για ποσον καιρο,Uploaded
Ζεστός / ζεστή / ζεστό,ζεστη; ζεστο; ζεστος,Uploaded
Φυσικά,φυσικα,Uploaded
Δίνω,δινω,Uploaded
Μα είστε νέα,μα ειστε νεα,Uploaded
Ψάχνω,ψαχνω,Uploaded
Η Εθνική τράπεζα,εθνικη τραπεζα,Uploaded
Τα χρόνια (οι χρόνοι - only for verb conjugations),χρονια; χρονια οι χρονοι,Uploaded
Χορεύω,χορευω,Uploaded
Το άτομο,ατομο,Uploaded
Η πολυκατοικία,πολυκατοικια,Uploaded
Κρύος /κρύα / κρύο,κρυα; κρυο; κρυος,Uploaded
Καινούργιος /καινούργια / καινούργιο,καινουργια; καινουργιο; καινουργιος,Uploaded
Μέτριος / μέτρια / μέτριο,μετρια; μετριο; μετριος,Uploaded
Έχει ντους ή μπάνιο;,εχει ντους; μπανιο,Uploaded
Το αλάτι,αλατι,Uploaded
Το πιπέρι,πιπερι,Uploaded
Ανεβαίνω,ανεβαινω,Uploaded
Κατεβαίνω,κατεβαινω,Uploaded
Στρίβω,στριβω,Uploaded
Βγαίνω (έξω),βγαινω; βγαινω εξω,Uploaded
Μπαίνω (μέσα),μπαινω; μπαινω μεσα,Uploaded
Γκρινιάζω,γκρινιαζω,Uploaded
Κάνω στάση,κανω σταση,Uploaded
(ε)πάνω,επανω; πανω,Uploaded
Κάτω,κατω,Uploaded
Παρακάτω,παρακατω,Uploaded
Ακριβώς,ακριβως,Uploaded
Γρήγορα,γρηγορα,Uploaded
Πάλι,παλι,Uploaded
Όμως,ομως,Uploaded
Η γωνία,γωνια,Uploaded
Το τετράγωνο,τετραγωνο,Uploaded
"Πιο αργά, παρακαλώ",παρακαλω; πιο αργα,Uploaded
Η λεωφόρος,λεωφορος,Uploaded
Η εκκλησία,εκκλησια,Uploaded
Το δώρο,δωρο,Uploaded
Παίρνω,παιρνω,Uploaded
Λεπτός / λεπτή / λεπτό,λεπτη; λεπτο; λεπτος,Uploaded
Βραδινός / βραδινή / βραδινό,βραδινη; βραδινο; βραδινος,Uploaded
Βάζω,βαζω,Uploaded
Σωστό,σωστο,Uploaded
Λάθος,λαθος,Uploaded
Παλιός / παλιά / παλιό,παλια; παλιο; παλιος,Uploaded
Ο πίνακας,πινακας,Uploaded
Το καθαριστήριο,καθαριστηριο,Uploaded
Ο υδραυλικός,υδραυλικος,Uploaded
Η πιτσαρία,πιτσαρια,Uploaded
Το ζαχαροπλαστείο,ζαχαροπλαστειο,Uploaded
Κανένας / καμιά / κανένα,καμια; κανενα; κανενας,Uploaded
Το βιβλιοπωλείο,βιβλιοπωλειο,Uploaded
Ο ηλεκτρολόγος,ηλεκτρολογος,Uploaded
Το ανθοπωλείο,ανθοπωλειο,Uploaded
Το μαγιό,μαγιο,Uploaded
Χρόνια πολλά!,χρονια πολλα,Uploaded
Να τα εκατοστίσεις!,να τα εκατοστισεις,Uploaded
Ταξιδεύω,ταξιδευω,Uploaded
Το μεσημέρι,μεσημερι,Uploaded
Το απόγευμα,απογευμα,Uploaded
Το βράδυ,βραδυ,Uploaded
Η νύχτα,νυχτα,Uploaded
Τα μεσάνυχτα,μεσανυχτα,Uploaded
Νωρίς,νωρις,Uploaded
Αργά,αργα,Uploaded
Μιλάω / μιλώ,μιλαω; μιλω,Uploaded
Μπορώ,μπορω,Uploaded
Φτάνω,φτανω,Uploaded
Φεύγω,φευγω,Uploaded
Ακούω,ακουω,Uploaded
Φταίω,φταιω,Uploaded
Αγαπάω,αγαπαω,Uploaded
Πεινάω,πειναω,Uploaded
Διψάω,διψαω,Uploaded
Σταματάω,σταματαω,Uploaded
Τραγουδάω,τραγουδαω,Uploaded
Ξεκινάω,ξεκιναω,Uploaded
Περνάω (από),περναω; περναω απο,Uploaded
Προτιμάω,προτιμαω,Uploaded
Περπατάω,περπαταω,Uploaded
Ξυπνάω,ξυπναω,Uploaded
Αργώ,αργω,Uploaded
Ανησυχώ,ανησυχω,Uploaded
Συγχωρώ,συγχωρω,Uploaded
Οδηγώ,οδηγω,Uploaded
Τηλεφωνώ,τηλεφωνω,Uploaded
Ζω,ζω,Uploaded
Κλαίω,κλαιω,Uploaded
Η γραμμή,γραμμη,Uploaded
Ποτέ,ποτε,Uploaded
Ο σταθμός,σταθμος,Uploaded
Γύρω,γυρω,Uploaded
Βγάζω βόλτα το(ν) σκύλο.,βγαζω βολτα το σκυλο; βγαζω βολτα τον σκυλο,Uploaded
Βγάζω (το πουλόβερ μου),βγαζω; βγαζω το πουλοβερ μου,Uploaded
Το πλοίο,πλοιο,Uploaded
Το τρένο,τρενο,Uploaded
Το ποδήλατο,ποδηλατο,Uploaded
Η μηχανή,μηχανη,Uploaded
Με τα πόδια.,με τα ποδια,Uploaded
Κακός / κακή / κακό,κακη; κακο; κακος,Uploaded
Πάντως,παντως,Uploaded
Μάλλον,μαλλον,Uploaded
Πάντα,παντα,Uploaded
Συνήθως,συνηθως,Uploaded
Τα νέα,νεα,Uploaded
Σπάνια,σπανια,Uploaded
Το μεσημεριανό,μεσημεριανο,Uploaded
Το βραδινό,βραδινο,Uploaded
Γυρίζω,γυριζω,Uploaded
Καπνίζω,καπνιζω,Uploaded
Τότε,τοτε,Uploaded
Το όνομα,ονομα,Uploaded
Σοβαρά,σοβαρα,Uploaded
Έξω,εξω,Uploaded
Μέσα,μεσα,Uploaded
Ο κύριος,κυριος,Uploaded
Το τυρί,τυρι,Uploaded
Η ντομάτα,ντοματα,Uploaded
Η χωριάτικη σαλάτα,χωριατικη σαλατα,Uploaded
Το παστίτσιο,παστιτσιο,Uploaded
Το αρνάκι,αρνακι,Uploaded
Ο / η οδηγός,ο; οδηγος,Uploaded
Δεσποινίς,δεσποινις,Uploaded
Ο θείος,θειος,Uploaded
Η θεία,θεια,Uploaded
Όταν,οταν,Uploaded
Το φιλότιμο,φιλοτιμο,Uploaded
Το πάτωμα,πατωμα,Uploaded
Το ζώο,ζωο,Uploaded
Το ράφι,ραφι,Uploaded
Η πιατοθήκη,πιατοθηκη,Uploaded
Η κατσαρόλα,κατσαρολα,Uploaded
Το συρτάρι,συρταρι,Uploaded
Ο άνθρωπος,ανθρωπος,Uploaded
Το χταποδάκι,χταποδακι,Uploaded
Πεινάω σαν λύκος,πειναω σαν λυκος,Uploaded
Ο λύκος,λυκος,Uploaded
Ο διάλογος,διαλογος,Uploaded
Η διεύθυνση,διευθυνση,Uploaded
Στέλνω,στελνω,Uploaded
Το φιλί / τα φιλιά,φιλι; φιλια,Uploaded
Το πουλί,πουλι,Uploaded
Το κέντρο,κεντρο,Uploaded
Το τρόλεϊ,τρολει,Uploaded
Σίγουρα,σιγουρα,Uploaded
Αργεί το επόμενο;,αργει το επομενο,Uploaded
Κατάλαβα,καταλαβα,Uploaded
Το ταξιδιωτικό γραφείο,ταξιδιωτικο γραφειο,Uploaded
Περίπου,περιπου,Uploaded
αύριο,αυριο,Uploaded
μεθαύριο,μεθαυριο,Uploaded
(ε)χθές,εχθες; χθες,Uploaded
προχθές,προχθες,Uploaded
Κάνω / στρώνω το τραπέζι,κανω; στρωνω το τραπεζι,Uploaded
Ο σερβιτόρος / το γκαρσόν(ι),γκαρσον; γκαρσονι; σερβιτορος,Uploaded
Σερβίρω (το πιάτο),σερβιρω; σερβιρω το πιατο,Uploaded
Ο κατάλογος,καταλογος,Uploaded
Το λιμάνι,λιμανι,Uploaded
Η πόρτα,πορτα,Uploaded
Το Πάσχα,πασχα,Uploaded
Χριστός Ανέστη,χριστος ανεστη,Uploaded
Αληθώς Ανέστη,αληθως ανεστη,Uploaded
Ο μάγειρας,μαγειρας,Uploaded
Τα μαχαιροπίρουνα,μαχαιροπιρουνα,Uploaded
Τρέχω,τρεχω,Uploaded
Ίδιος / ίδια / ίδιο,ιδια; ιδιο; ιδιος,Uploaded
Φτάνει,φτανει,Uploaded
Η εποχή,εποχη,Uploaded
Ο χειμώνας,χειμωνας,Uploaded
Το καλοκαίρι,καλοκαιρι,Uploaded
Το φθινόπωρο,φθινοπωρο,Uploaded
Η άνοιξη,ανοιξη,Uploaded
Κάνει / έχει κρύο,εχει κρυο; κανει,Uploaded
Κάνει / έχει ζέστη,εχει ζεστη; κανει,Uploaded
Έχει δροσιά,εχει δροσια,Uploaded
Έχει αέρα,εχει αερα,Uploaded
Έχει ήλιο,εχει ηλιο,Uploaded
Έχει συννεφιά,εχει συννεφια,Uploaded
Έχει ωραίο καιρό,εχει ωραιο καιρο,Uploaded
Έχει άσχημο καιρό,εχει ασχημο καιρο,Uploaded
Βρέχει,βρεχει,Uploaded
Χιονίζει,χιονιζει,Uploaded
Φυσάει,φυσαει,Uploaded
Το κρύο,κρυο,Uploaded
Η ζέστη,ζεστη,Uploaded
Το σύννεφο,συννεφο,Uploaded
μιλάω / μιλώ μιλάς μιλάει μιλάμε μιλάτε μιλάνε,μιλαω; μιλω μιλας μιλαει μιλαμε μιλατε μιλανε,Uploaded
Το αγγούρι,αγγουρι,Uploaded
Το κρεμμύδι,κρεμμυδι,Uploaded
Η ταινία / το φιλμ / το έργο,εργο; ταινια; φιλμ,Uploaded
Το φύλλο,φυλλο,Uploaded
Πέφτω,πεφτω,Uploaded
Το ποδόσφαιρο,ποδοσφαιρο,Uploaded
Η λαϊκή,λαικη,Uploaded
Τα φρούτα,φρουτα,Uploaded
Τα λαχανικά,λαχανικα,Uploaded
Το μαρούλι,μαρουλι,Uploaded
Η ελιά,ελια,Uploaded
Η μελιτζάνα,μελιτζανα,Uploaded
Το κεφάλι,κεφαλι,Uploaded
"Δε μου λες. Δε μου λες, τι ώρα είναι;",δε μου λες. δε μου λες; τι ωρα ειναι,Uploaded
έχουμε και λέμε,εχουμε και λεμε,Uploaded
Συχνά,συχνα,Uploaded
Το μωρό,μωρο,Uploaded
Απαντάω,απανταω,Uploaded
Το φανάρι,φαναρι,Uploaded
μου σου του / της / του μας σας τους / τους / τους,μου σου του; της; του μας σας τους; τους,Uploaded
Το φεγγάρι,φεγγαρι,Uploaded
Η ρετσίνα,ρετσινα,Uploaded
Όλος / όλη / όλο (όλη την εβδομάδα),ολη; ολο; ολο ολη την εβδομαδα; ολος,Uploaded
κάνω ηλιοθεραπεία,κανω ηλιοθεραπεια,Uploaded
Το τραγούδι,τραγουδι,Uploaded
Κάνω μπάνιο,κανω μπανιο,Uploaded
Κάπου-κάπου,καπου-καπου,Uploaded
Τον Ιανουάριο,τον ιανουαριο,Uploaded
Το(ν) Φεβρουάριο,τον φεβρουαριο; φεβρουαριο,Uploaded
Το(ν) Μάρτιο,μαρτιο; τον μαρτιο,Uploaded
Τον Απρίλιο,τον απριλιο,Uploaded
Το(ν) Μάιο,μαιο; τον μαιο,Uploaded
Τον Ιούνιο,τον ιουνιο,Uploaded
Τον Ιούλιο,τον ιουλιο,Uploaded
Τον Αύγουστο,τον αυγουστο,Uploaded
Το(ν) Σεπτέμβριο,σεπτεμβριο; τον σεπτεμβριο,Uploaded
Τον Οκτώβριο,τον οκτωβριο,Uploaded
Το(ν) Νοέμβριο,νοεμβριο; τον νοεμβριο,Uploaded
Το(ν) Δεκέμβριο,δεκεμβριο; τον δεκεμβριο,Uploaded
Πέρσι,περσι,Uploaded
Πρόπερσι,προπερσι,Uploaded
Φέτος,φετος,Uploaded
Θα είμαι,θα ειμαι,Uploaded
Θα κάνω,θα κανω,Uploaded
Θα πάω,θα παω,Uploaded
Απόψε,αποψε,Uploaded
Του χρόνου,του χρονου,Uploaded
Σε δύο χρόνια,σε δυο χρονια,Uploaded
Οι διακοπές,διακοπες,Uploaded
Ο υπολογιστής,υπολογιστης,Uploaded
Διαλέγω,διαλεγω,Uploaded
Ξεκουραστήκατε;,ξεκουραστηκατε,Uploaded
Αμέσως,αμεσως,Uploaded
Πουλάω,πουλαω,Uploaded
Ζητάω,ζηταω,Uploaded
Χαιρετάω,χαιρεταω,Uploaded
Μερικές φορές,μερικες φορες,Uploaded
Παρακολουθώ,παρακολουθω,Uploaded
Μελετάω,μελεταω,Uploaded
Η εργασία,εργασια,Uploaded
Το κυλικείο,κυλικειο,Uploaded
Το μήνυμα / τα μηνύματα,μηνυμα; μηνυματα,Uploaded
Φτιάχνω,φτιαχνω,Uploaded
Καλώ,καλω,Uploaded
Βρίσκω,βρισκω,Uploaded
Ρωτάω,ρωταω,Uploaded
Ότι,οτι,Uploaded
Ο / η βοηθός,βοηθος; ο,Uploaded
Ο τυχερός / η τυχερή,τυχερη; τυχερος,Uploaded
Το γράμμα,γραμμα,Uploaded
Ανοίγω,ανοιγω,Uploaded
Κλείνω,κλεινω,Uploaded
Το επώνυμο,επωνυμο,Uploaded
Δουλεύω από το σπίτι,δουλευω απο το σπιτι,Uploaded
Σηκώνομαι,σηκωνομαι,Uploaded
Πλένομαι,πλενομαι,Uploaded
Σηκώνω,σηκωνω,Uploaded
Ντύνομαι,ντυνομαι,Uploaded
Βάφομαι,βαφομαι,Uploaded
Ξυρίζομαι,ξυριζομαι,Uploaded
Χτενίζομαι,χτενιζομαι,Uploaded
Έρχομαι,ερχομαι,Uploaded
Κάθομαι,καθομαι,Uploaded
Σκέφτομαι,σκεφτομαι,Uploaded
Αισθάνομαι,αισθανομαι,Uploaded
Χρειάζομαι,χρειαζομαι,Uploaded
Κουράζομαι,κουραζομαι,Uploaded
Ζεσταίνομαι,ζεσταινομαι,Uploaded
Κοιμάμαι,κοιμαμαι,Uploaded
Θυμάμαι,θυμαμαι,Uploaded
Λυπάμαι,λυπαμαι,Uploaded
Φοβάμαι,φοβαμαι,Uploaded
Χτενίζω,χτενιζω,Uploaded
Το διάλειμμα (κανώ μισή ώρα διάλειμμα),διαλειμμα; διαλειμμα κανω μιση ωρα διαλειμμα,Uploaded
Σχολάω,σχολαω,Uploaded
Ξαπλώνω,ξαπλωνω,Uploaded
Συναντάω,συνανταω,Uploaded
Επιστρέφω,επιστρεφω,Uploaded
Η ξεκούραση,ξεκουραση,Uploaded
Λέγομαι,λεγομαι,Uploaded
Ίσως,ισως,Uploaded
Έλα,ελα,Uploaded
Φοβάμαι πως ...,φοβαμαι πως,Uploaded
Λυπάμαι που ...,λυπαμαι που,Uploaded
Νομίζω πως ...,νομιζω πως,Uploaded
Ο / η συνάδελφος,ο; συναδελφος,Uploaded
Γελάω,γελαω,Uploaded
Ποιον γελάτε;,ποιον γελατε,Uploaded
Το ιατρείο,ιατρειο,Uploaded
Με τις ώρες,με τις ωρες,Uploaded
Περαστικά,περαστικα,Uploaded
Πονάω,ποναω,Uploaded
Πειράζω,πειραζω,Uploaded
Το στομάχι,στομαχι,Uploaded
Έχω δίκιο,εχω δικιο,Uploaded
Ο λαιμός,λαιμος,Uploaded
Η καρδιά,καρδια,Uploaded
Δεν πειράζει,δεν πειραζει,Uploaded
Σχεδόν,σχεδον,Uploaded
Συνηθίζω,συνηθιζω,Uploaded
Βοηθάω,βοηθαω,Uploaded
Ντρέπομαι,ντρεπομαι,Uploaded
Αυτός / ή / τό,αυτος; η; το,Uploaded
μου αρέσει - αυτός ο άντρας - αυτή η γυναίκα - αυτό το τραγούδι,γυναικα; μου αρεσει,Uploaded
Τα φάρμακα,φαρμακα,Uploaded
Τα μαλλιά,μαλλια,Uploaded
Ο / η ζωγράφος,ζωγραφος; ο,Uploaded
Ο πυρετός,πυρετος,Uploaded
Παράξενος / η / ο,η; ο; παραξενος,Uploaded
Παραέφαγα,παραεφαγα,Uploaded
Τάκα-τάκα,τακα-τακα,Uploaded
Η μνήμη,μνημη,Uploaded
Όλη την ώρα,ολη την ωρα,Uploaded
Μέρα παρά μέρα,μερα παρα μερα,Uploaded
Βρίσκομαι,βρισκομαι,Uploaded
Ματιάζω - Ξεματιάζω,ματιαζω,Uploaded
Γυμνάζομαι,γυμναζομαι,Uploaded
Φωνάζω,φωναζω,Uploaded
Ο / η δημοσιογράφος,δημοσιογραφος; ο,Uploaded
Ο / η αρχαιολόγος,αρχαιολογος; ο,Uploaded
Φτύνω,φτυνω,Uploaded
Ερωτευμένος / η / ο,ερωτευμενος; η; ο,Uploaded
Ο έρωτας,ερωτας,Uploaded
Η πισίνα,πισινα,Uploaded
Κολυμπάω,κολυμπαω,Uploaded
Το παραμύθι,παραμυθι,Uploaded
Ο κανόνας,κανονας,Uploaded
Κανονικά,κανονικα,Uploaded
Ανώμαλα,ανωμαλα,Uploaded
Κάπου,καπου,Uploaded
Κάποτε,καποτε,Uploaded
Αγκαλιάζω,αγκαλιαζω,Uploaded
Κοιτάζω,κοιταζω,Uploaded
Η παραλία,παραλια,Uploaded
Τελειώνω,τελειωνω,Uploaded
Έπειτα,επειτα,Uploaded
Γνωρίζω,γνωριζω,Uploaded
Χάνω,χανω,Uploaded
Υπέροχος / η / ο,η; ο; υπεροχος,Uploaded
Άρχισα,αρχισα,Uploaded
Δούλεψα,δουλεψα,Uploaded
Αγόρασα,αγορασα,Uploaded
Μαγείρεψα,μαγειρεψα,Uploaded
Πλήρωσα,πληρωσα,Uploaded
Είχα,ειχα,Uploaded
Διάβασα,διαβασα,Uploaded
Τελείωσα,τελειωσα,Uploaded
Περίμενα,περιμενα,Uploaded
Πήρα,πηρα,Uploaded
Έφτασα,εφτασα,Uploaded
Το ποίημα,ποιημα,Uploaded
Κλείνω εισιτήρια,κλεινω εισιτηρια,Uploaded
Αποφασίζω,αποφασιζω,Uploaded
Έγινε,εγινε,Uploaded
Σε κλείνω τώρα,σε κλεινω τωρα,Uploaded
Κατά,κατα,Uploaded
Η σαχλαμάρα,σαχλαμαρα,Uploaded
Η παράσταση,παρασταση,Uploaded
Έξαλλος / η / ο,εξαλλος; η; ο,Uploaded
Το έργο,εργο,Uploaded
Βάλτε μπρος,βαλτε μπρος,Uploaded
Η κοπέλα,κοπελα,Uploaded
Μαζεύω,μαζευω,Uploaded
Το φως,φως,Uploaded
κλέβω,κλεβω,Uploaded
Πουθενά,πουθενα,Uploaded
Κάποιος,καποιος,Uploaded
Παίρνω (στο) τηλέφωνο,παιρνω στο τηλεφωνο; παιρνω τηλεφωνο,Uploaded
Περιμένω - περίμενα - θα περιμένω,περιμενω,Uploaded
Εμπρός,εμπρος,Uploaded
