date	nl	el
		尾纬伪委谓蠅 - 尾纬萎魏伪 - 胃伪 尾纬蠅
		渭蟺伪委谓蠅 - 渭蟺萎魏伪 - 胃伪 渭蟺蠅
		伪谓蔚尾伪委谓蠅 - 伪谓苇尾畏魏伪 - 胃伪 伪谓苇尾蠅 / 伪谓蔚尾蠋
		魏伪蟿蔚尾伪委谓蠅 - 魏伪蟿苇尾畏魏伪 - 胃伪 魏伪蟿蔚尾蠋 / 魏伪蟿苇尾蠅
		尾蟻委蟽魏蠅 - 尾蟻萎魏伪 - 胃伪 尾蟻蠅
2026-02-04	tot	苇蠅蟼 / 蠅蟼 / 渭苇蠂蟻喂
2026-02-04	jogging	畏 蠁蠈蟻渭伪
2026-02-04	stilte	畏 畏蟽蠀蠂委伪
2026-02-04	vaderland	畏 蟺伪蟿蟻委未伪
2026-02-04	watermeloen	畏 魏伪蟻蟺慰蠉味喂
2026-02-04	zand	畏 维渭渭慰蟼
2026-02-04	gastvrijheid	畏 蠁喂位慰尉蔚谓委伪
2026-02-04	blij	蠂伪蟻慰蠉渭蔚谓慰蟼-畏-慰
2026-02-04	gebroken	蟽蟺伪蟽渭苇谓慰蟼-畏-慰
2026-02-04	volgend jaar	蟿慰谓 蠂蟻蠈谓慰
2026-02-04	huur	蟿慰 蔚谓慰委魏喂慰
2026-02-04	reclamefolder	蟿慰 未喂伪蠁畏渭喂蟽蟿喂魏蠈
2026-02-04	golf	蟿慰 魏蠉渭伪
2026-02-04	mast	蟿慰 魏伪蟿维蟻蟿喂
2026-02-04	nog maar net	渭蠈位喂蟼
2026-02-04	werkelijk	蟺蟻伪纬渭伪蟿喂魏蠈蟼-畏-慰
2026-02-04	schitterend	蠀蟺苇蟻慰蠂伪
2026-02-04	in elk geval; absoluut; alleszins	慰蟺蠅蟽未萎蟺慰蟿蔚
2026-02-04	manier	慰 蟿蟻蠈蟺慰蟼
2026-02-04	lade	蟿慰 蟽蠀蟻蟿维蟻喂
2026-02-04	kast	畏 谓蟿慰蠀位维蟺伪
2026-02-04	rug	畏 蟺位维蟿畏
2026-02-04	spel	蟿慰 蟺伪喂蠂谓委未喂
2026-02-04	horizontaal	慰蟻喂味蠈谓蟿喂慰蟼
2026-02-04	verticaal	魏维胃蔚蟿慰蟼
2026-02-04	horizon	慰 慰蟻委味慰谓蟿伪蟼
2026-02-04	ge毛rgerd geraken	苇蠂蠅 谓蔚蠉蟻伪
2026-02-04	beginnen roepen	尾维味蠅 蟿喂蟼 蠁蠅谓苇蟼
2026-02-04	slecht reageren	渭喂位维蠅 维蟽蠂畏渭伪
2026-02-04	ik kan niet meer	未蔚谓 渭蟺慰蟻蠋 维位位慰
2026-02-04	het is jouw schuld	蔚蟽蠉 蠁蟿伪喂蟼!
2026-02-04	waar is het ene, waar is het andere	蟺慰蠀 蔚委谓伪喂 蟿慰 苇谓伪, 蟺慰蠀 蔚委谓伪喂 蟿慰 维位位慰
2026-02-04	on	蟺维谓蠅 蟽蔚
2026-02-04	in	渭苇蟽伪 蟽蔚
2026-02-04	dicht bij	魏慰谓蟿维 蟽蔚
2026-02-04	voor	渭蟺蟻慰蟽蟿维 蟽蔚
2026-02-04	onder	魏维蟿蠅 伪蟺蠈
2026-02-04	buiten	苇尉蠅 伪蟺蠈
2026-02-04	ver van	渭伪魏蟻喂维 伪蟺蠈
2026-02-04	achter	蟺委蟽蠅 伪蟺蠈
2026-02-11	oplossing	畏 位蠉蟽畏
2026-02-11	identiteit	畏 蟿伪蠀蟿蠈蟿畏蟿伪
2026-02-11	buur	慰 纬蔚委蟿慰谓伪蟼
2026-02-11	winkel	蟿慰 魏伪蟿维蟽蟿畏渭伪
2026-02-11	veel plezier ermee	渭蔚 纬蔚喂伪 蟽慰蠀!
2026-02-11	circuleren	魏蠀魏位慰蠁慰蟻蠋
2026-02-11	(al)waar	蠈蟺慰蠀
2026-02-11	niet meer	未蔚谓 蟺喂伪
2026-02-11	staken	伪蟺蔚蟻纬蠋
2026-02-11	korting	畏 苇魏蟺蟿蠅蟽畏
2026-02-11	passen (kledij)	未慰魏喂渭维味蠅
2026-02-11	procent	蟿慰喂蟼 蔚魏伪蟿蠈
2026-02-25	muis	蟿慰 蟺慰谓蟿委魏喂
2026-02-25	muizen	蟿伪 蟺慰谓蟿委魏喂伪
2026-02-25	oven	慰 蠁慰蠉蟻谓慰蟼
2026-02-25	gootsteen	慰 谓蔚蟻慰蠂蠉蟿畏蟼
2026-02-25	glas	蟿慰 蟺慰蟿萎蟻喂
2026-02-25	halfharde kaas (geel)	蟿慰 魏伪蟽苇蟻喂
2026-02-25	deur	畏 蟺蠈蟻蟿伪
2026-02-25	bord	蟿慰 蟺喂维蟿慰
2026-02-25	stoel	畏 魏伪蟻苇魏位伪
2026-02-25	pan	蟿慰 蟿畏纬维谓喂
2026-02-25	kast	蟿慰 谓蟿慰蠀位维蟺喂
2026-02-25	lade	蟿慰 蟽蠀蟻蟿维蟻喂
2026-02-25	kopje	蟿慰 蠁位喂蟿味维谓喂
2026-02-25	zout	蟿慰 伪位维蟿喂
2026-02-25	kat	畏 纬维蟿伪
2026-02-25	Waar bevindt zich de kat?	蟺慰蠉 尾蟻委蟽魏蔚蟿伪喂 蟿慰 蟺慰谓蟿委魏喂
2026-02-25	achter de deur	蟺委蟽蠅 伪蟺蠈 蟿畏谓 蟺蠈蟻蟿伪
2026-02-25	tussen het kopje en	伪谓维渭蔚蟽伪 蟽蟿慰 蟺慰蟿萎蟻喂 魏伪喂
2026-02-25	op de kast	蟺维谓蠅 蟽蟿慰 谓蟿慰蠀位维蟺喂
2026-02-25	in de kast	渭苇蟽伪 蟽蟿慰 谓蟿慰蠀位维蟺喂
2026-02-25	naast het zout	未委蟺位伪 蟽蟿慰 伪位维蟿喂
2026-02-25	voor de kat	渭蟺蟻慰蟽蟿维 伪蟺蠈 蟿畏 纬维蟿伪
2026-03-04	botsen	蟿蟻伪蟺维蟻蠅
2026-03-04	noteren	蟽畏渭蔚喂蠋谓蠅
2026-03-04	leeftijd	畏 畏位喂魏委伪
2026-03-04	bruid; schoondochter	畏 谓蠉蠁畏
2026-03-04	bruidegom; schoonzoon	慰 纬伪渭蟺蟻蠈蟼
2026-03-04	schoonouders	慰 蟺蔚胃蔚蟻喂魏维
2026-03-04	schoonvader	慰 蟺蔚胃蔚蟻蠈蟼
2026-03-04	schoonmoeder	畏 蟺蔚胃蔚蟻维
2026-03-04	kinderen van oom en tante	蟿伪 尉伪未苇位蠁喂伪
2026-03-04	zoon van oom en tante	慰 尉维未蔚位蠁慰蟼
2026-03-04	dochter van oom en tante	畏 尉伪未苇位蠁畏
2026-03-04	broers en zussen	蟿伪 伪未苇位蠁喂伪
2026-03-04	zussen	慰喂 伪未蔚位蠁苇蟼
2026-03-04	neef	慰 伪谓喂蠄喂蠈蟼
2026-03-04	nicht	畏 伪谓喂蠄喂维
2026-03-04	kinderen van broers en zussen	蟿伪 伪谓委蠄喂伪
2026-03-04	eerste neven / nichten	蟿伪 蟺蟻蠋蟿伪 尉伪未苇蟻蠁喂伪
2026-03-04	veilig	伪蟽蠁伪位萎蟼
2026-03-04	is veilig	蔚委谓伪喂 伪蟽蠁伪位苇蟼
2026-03-04	heks	畏 渭维纬喂蟽蟽伪
2026-03-04	kleinzoon	慰 蔚纬纬慰谓蠈蟼
2026-03-04	kleindochter	畏 蔚纬纬慰谓萎
2026-03-04	kleinkind	蟿慰 蔚纬纬蠈谓喂
2026-03-04	kleinkinderen	蟿伪 蔚纬纬蠈谓喂伪
2026-03-04	Wat is hij/zij van jou	韦喂 蟿慰谓/蟿畏谓 苇蠂蔚喂蟼
2026-03-04	haven	蟿慰 位喂渭维谓喂
2026-03-04	hoe dan ook	蟺维谓蟿蠅蟼
2026-03-04	aan de kant	维魏蟻畏-维魏蟻畏
2026-03-04	echt	蟺蟻伪纬渭伪蟿喂魏蠋蟼
2026-03-04	een tweetal	魏伪谓维 未蠀蠈
2026-03-04	een grote zwak(te)	畏 渭蔚纬维位畏 伪未蠀谓伪渭委伪