να; 4945119
το; 3934560
δεν; 2764595
είναι; 2710480
θα; 2601251
και; 2405466
μου; 1908383
με; 1672489
για; 1579431
την; 1483336
σου; 1363704
τον; 1352759
τα; 1332077
που; 1263507
σε; 1260581
τι; 1253172
του; 1191492
αυτό; 1148741
ότι; 1045020
στο; 980620
από; 899261
της; 675613
τη; 673583
όχι; 645035
ναι; 640758
αν; 631357
ένα; 625153
τους; 602294
εδώ; 596977
μια; 584732
αλλά; 580901
μας; 580240
είσαι; 559967
σας; 558861
ήταν; 551213
πρέπει; 532904
είμαι; 522672
κι; 515213
οι; 510684
στην; 476673
πολύ; 470523
γιατί; 448405
δε; 439459
εγώ; 421867
πως; 416514
τώρα; 414821
εντάξει; 373685
ξέρω; 369296
κάτι; 366581
τις; 356961
έχει; 349070
έχω; 333105
εσύ; 312776
μην; 309630
θέλω; 292452
καλά; 287834
έτσι; 274047
στη; 269318
στον; 265380
αυτή; 259221
ξέρεις; 258455
κάνεις; 257588
έχεις; 249888
όταν; 249708
μπορώ; 244903
μόνο; 240149
εκεί; 235124
σαν; 234274
μαζί; 233367
πώς; 228775
τίποτα; 220963
κάνω; 210527
όλα; 206757
ευχαριστώ; 204276
μπορεί; 189356
κάνει; 187362
ποτέ; 186846
απ; 185398
τόσο; 183920
στα; 180915
αυτά; 180313
πού; 180148
πάμε; 179638
μέσα; 179015
των; 175959
μπορείς; 171810
πιο; 167180
υπάρχει; 166069
ακόμα; 165474
απλά; 163492
έλα; 163261
έχουμε; 161519
αυτός; 160032
σπίτι; 159005
λοιπόν; 157144
είμαστε; 153741
τότε; 153464
πίσω; 152697
παρακαλώ; 151063
μετά; 149708
πριν; 149123
ίσως; 149089
λίγο; 148489
νομίζω; 147944
κύριε; 147021
γεια; 146974
ένας; 146008
πάντα; 145870
πω; 145078
ποιος; 139501
δουλειά; 137637
μη; 134172
δω; 131989
λες; 130606
αλήθεια; 129027
όπως; 127719
παιδιά; 126792
όλοι; 125948
είπε; 124746
γι; 121359
θέλεις; 119655
άλλο; 118950
δύο; 118600
ας; 118307
ζωή; 117854
είχε; 116403
έναν; 116385
κάνουμε; 116349
πάω; 112827
οχι; 110037
ωραία; 109495
καλό; 108779
είπα; 105360
θες; 104845
πες; 104740
στις; 104018
κοίτα; 103727
πάνω; 102964
έξω; 102374
σένα; 102268
χρόνια; 101941
ώρα; 101369
έχουν; 100648
ούτε; 100212
μία; 97384
μα; 97143
κάτω; 96633
μένα; 96118
φορά; 96053
μέρα; 95201
ήμουν; 95069
κάποιος; 94891
έπρεπε; 94315
κάθε; 94272
μέχρι; 93885
κανείς; 93399
καλή; 93195
όμως; 92809
επειδή; 91618
γυναίκα; 91304
πράγματα; 91064
είστε; 90700
είχα; 90235
χωρίς; 89975
ήθελα; 89161
σωστά; 88653
θέλει; 87054
μαμά; 86941
μπορούμε; 86647
μόλις; 85894
δυο; 85855
πάει; 85840
λέει; 84464
θεέ; 84322
πας; 83467
καλύτερα; 83196
ειναι; 82572
σήμερα; 82459
έγινε; 80665
έκανε; 80566
ακριβώς; 80149
πόσο; 79380
συγγνώμη; 79049
πεις; 78531
αρέσει; 76224
έκανα; 76080
συμβαίνει; 75927
λυπάμαι; 75646
πολλά; 74575
φαίνεται; 74434
πρόβλημα; 73097
εμένα; 72905
είπες; 72483
κάποιον; 72362
στιγμή; 71806
αυτόν; 71427
λάθος; 71385
μέρος; 71082
γίνει; 70824
όσο; 69449
λένε; 69277
λεφτά; 69026
περίμενε; 69020
χρόνο; 68351
παιδί; 67786
άλλη; 67487
βλέπω; 67475
πράγμα; 67065
απο; 65773
εσένα; 65740
έκανες; 65595
φυσικά; 64289
δικό; 63482
ήσουν; 63362
γρήγορα; 62910
πάλι; 62680
στους; 62535
πιστεύω; 62403
κάποια; 62319
ως; 62061
φίλε; 61965
οπότε; 61945
μάλλον; 61676
πάρω; 61223
μπαμπά; 61060
γίνεται; 61008
λέω; 60825
έχετε; 60664
υπάρχουν; 60589
ξέρει; 60203
ιδέα; 60098
χρειάζεται; 59222
όλο; 58796
ίδιο; 58509
πήγαινε; 57127
νομίζεις; 56800
σίγουρα; 56702
οτι; 56349
συγνώμη; 56219
πάρει; 56192
μωρό; 56017
εσείς; 55342
νέα; 55188
όλη; 55107
μητέρα; 54801
σημαίνει; 54478
φορές; 54306
εμείς; 54257
είδα; 54152
αρκετά; 54090
δει; 53882
κάνουν; 53482
πατέρας; 53447
βλέπεις; 53341
κόσμο; 52781
όλους; 52679
καιρό; 51594
χαρά; 51591
μόνος; 51024
σταμάτα; 50536
κυρία; 50014
ήδη; 49795
προς; 49756
πάρε; 49670
ακόμη; 49564
εκτός; 49564
πραγματικά; 49069
όνομα; 48796
νόμιζα; 48684
κανένα; 48330
αμέσως; 48153
πατέρα; 48111
αύριο; 47708
βράδυ; 47407
τελευταία; 47303
πει; 47229
καταλαβαίνω; 47146
αυτοί; 47121
απλώς; 47000
λεπτά; 46793
ποιο; 46720
δίκιο; 45881
μεγάλη; 45685
απόψε; 45682
ήξερα; 45316
πότε; 45256
πρώτη; 45248
ποια; 45095
πια; 44821
δρ; 44810
αυτές; 44613
τέλος; 44592
χρειάζομαι; 44541
μπορούσα; 44538
πρόκειται; 44475
όπλο; 43605
μάλιστα; 43561
άνθρωποι; 43553
θέση; 43531
τύπος; 42777
μιλήσω; 42623
μέρες; 42553
κάνετε; 42410
δική; 42409
χέρια; 42287
δεις; 42078
αγάπη; 41995
πόλη; 41896
βρω; 41810
ήρθε; 41567
μήπως; 41392
εαυτό; 41386
αμάξι; 41362
πειράζει; 41335
ελα; 41278
κάνε; 41203
είχες; 41202
μακριά; 41074
θέλετε; 40745
πέρα; 40706
κοντά; 40580
τέτοιο; 40529
ξέρετε; 40495
βοήθεια; 40469
συνέβη; 40450
θέμα; 40443
αυτούς; 40333
λεπτό; 40296
τρόπο; 39681
κατά; 39680
κάποιο; 39553
εννοώ; 39526
μεγάλο; 39450
πόρτα; 39446
ενα; 39224
ξανά; 39195
τί; 39078
μερικές; 39048
καλός; 39004
μάτια; 38897
ώρες; 38896
καθόλου; 38888
βρούμε; 38771
ορίστε; 38625
θυμάσαι; 38586
κορίτσι; 38332
διάολο; 38303
ηταν; 38254
εννοείς; 38114
σίγουρος; 38105
φύγε; 38101
ελπίζω; 37987
αφού; 37880
χέρι; 37865
ανθρώπους; 37858
ιστορία; 37805
ομάδα; 37800
μπροστά; 37739
κακό; 37597
μπορείτε; 37568
περισσότερο; 37357
εχω; 37092
έρθει; 37076
γαμώτο; 36923
δούμε; 36866
κεφάλι; 36848
δρόμο; 36841
όλες; 36528
πιστεύεις; 36284
πρωί; 36031
φύγω; 35910
μπορούσε; 35797
δώσε; 35786
σχέση; 35767
ξέρουμε; 35734
καλύτερο; 35692
μιλάς; 35584
άνθρωπος; 35510
βοηθήσω; 35358
χαίρομαι; 35308
βρήκα; 35269
δηλαδή; 35266
καν; 35190
ήθελε; 35069
φίλος; 34962
αυτήν; 34914
πήρε; 34350
νύχτα; 34310
ωραίο; 34287
πάνε; 34111
εκείνη; 34020
πάρεις; 33965
ευκαιρία; 33872
ψέματα; 33842
τέλεια; 33766
αλλιώς; 33761
δωμάτιο; 33757
μόνη; 33506
φύγουμε; 33404
τρεις; 33364
πέθανε; 33363
άλλα; 33326
αστυνομία; 33312
ελάτε; 33174
καμιά; 33088
λόγο; 33081
πήγε; 33015
κανέναν; 32993
γραφείο; 32806
άντρας; 32774
ίδια; 32571
ώστε; 32426
πρώτα; 32208
ανησυχείς; 31976
κόρη; 31839
τo; 31711
πέντε; 31522
πούμε; 31418
είδες; 31289
βέβαια; 31113
τηλέφωνο; 31068
νιώθω; 31061
τρία; 31029
λέμε; 30747
αγόρι; 30710
άντρες; 30702
τζακ; 30558
είχαμε; 30554
αίμα; 30547
επίσης; 30400
σοβαρά; 30399
έρχεται; 29881
αυτο; 29855
τέτοια; 29779
οικογένεια; 29778
καρδιά; 29602
σκατά; 29542
θέλουν; 29458
τουλάχιστον; 29367
όπου; 29365
κάπου; 29319
μικρό; 29198
νερό; 29117
κόσμος; 28972
ενός; 28943
μυαλό; 28632
πήρα; 28594
δύσκολο; 28579
τρέχει; 28451
μήνες; 28319
δώσω; 28275
αργότερα; 28225
αγαπώ; 28216
θέλουμε; 28189
καμία; 28159
θυμάμαι; 27950
σχεδόν; 27884
πλάκα; 27723
γυναίκες; 27710
να; 27627
ποιός; 27604
φίλοι; 27390
σχολείο; 27308
εχεις; 27301
βρεις; 27276
γι'αυτό; 27212
κοπέλα; 26827
νεκρός; 26819
ποιον; 26767
μπαμπάς; 26747
παιχνίδι; 26568
υπόθεση; 26392
δολάρια; 26377
μερικά; 26371
άλλος; 26369
μικρή; 26294
ήθελες; 26205
μπορούν; 26148
είχαν; 26147
χθες; 26095
ρε; 26084
αργά; 25957
εμπρός; 25943
καταλαβαίνεις; 25864
εάν; 25795
σύντομα; 25781
τρόπος; 25572
ισως; 25564
μεταξύ; 25488
φυλακή; 25467
ήρθες; 25451
χάρη; 25406
συμβεί; 25261
απ'; το; 25087
σημασία; 25036
σκοτώσει; 24984
μιλήσουμε; 24955
έλεγα; 24870
αντίο; 24869
εχει; 24798
πρώτο; 24782
φαγητό; 24772
έρθεις; 24733
μείνε; 24581
έτοιμος; 24580
ετσι; 24532
συνέχεια; 24528
αστείο; 24525
πεθάνει; 24473
φύγεις; 24392
θεός; 24380
φύγει; 24342
άντρα; 24320
σχέδιο; 24155
πολλές; 24137
πείτε; 24110
πάρουμε; 23910
σκότωσε; 23828
άλλους; 23814
κατάσταση; 23812
γύρω; 23733
τύχη; 23606
ζωής; 23585
ήρθα; 23522
κανένας; 23471
γονείς; 23398
οταν; 23355
άσχημα; 23313
όπλα; 23259
σημαντικό; 23242
νοιάζει; 23232
σκέφτηκα; 23216
πρόσεχε; 23183
κατάλαβα; 23129
προσπαθώ; 23090
συγχωρείτε; 22928
γλυκιά; 22913
όσα; 22882
αφήσω; 22809
πόδια; 22804
μπράβο; 22780
υποθέτω; 22725
τζον; 22673
ντε; 22577
καλημέρα; 22546
τελικά; 22539
αρχή; 22363
βιβλίο; 22355
ραντεβού; 22250
χρειαζόμαστε; 22229
έρθω; 22222
κύριοι; 22181
χρήματα; 22085
φοβάμαι; 22068
βρήκες; 22040
κάναμε; 21991
εμάς; 21854
δύναμη; 21853
τι; 21807
εκείνο; 21769
κορίτσια; 21651
πάρα; 21600
όνομά; 21560
ηρέμησε; 21478
φίλους; 21430
σωστό; 21392
υπήρχε; 21311
σκοτώσω; 21288
γιος; 21287
μείνει; 21258
μιλάω; 21210
φέρω; 21195
αυτοκίνητο; 21162
έφυγε; 21078
βασικά; 21019
λόγος; 21017
σεξ; 20960
μάθω; 20956
γη; 20934
απόδοση; 20931
οποίο; 20835
τύπο; 20827
καλύτερη; 20824
σαμ; 20732
μισό; 20704
εδω; 20670
μοιάζει; 20639
ενώ; 20599
χρειάζεσαι; 20563
όμορφη; 20525
ακούς; 20470
επιλογή; 20419
κου; 20389
γιο; 20378
φίλο; 20322
βοηθήσει; 20294
σίγουρη; 20272
περιμένω; 20259
έξι; 20238
μπορούσες; 20211
ταινία; 20116
νοσοκομείο; 20090
βρει; 19972
πάρτι; 19969
ακούω; 19950
καφέ; 19895
νέο; 19837
χριστέ; 19830
αφεντικό; 19827
περίπου; 19803
χώρα; 19705
ερώτηση; 19579
κε; 19559
περάσει; 19426
τελείωσε; 19409
ξέρουν; 19339
μήνυμα; 19325
επόμενη; 19248
έδωσε; 19212
μάικλ; 19181
μιας; 19160
πήρες; 19094
σώμα; 19083
δουλεύει; 19080
μείνω; 19064
αφήσεις; 19038
εσάς; 18924
περίπτωση; 18855
άλλοι; 18797
κα; 18780
ακούγεται; 18614
σκέφτομαι; 18609
διαλόγων; 18548
αφήστε; 18490
είπαν; 18452
δίπλα; 18437
άλλες; 18428
άρεσε; 18409
αξίζει; 18403
σκάφος; 18389
περιμένει; 18332
καλώς; 18303
βάλω; 18295
γίνεις; 18294
βρίσκεται; 18284
καληνύχτα; 18198
δέκα; 18192
αρέσουν; 18117
κρεβάτι; 18080
μάθεις; 18076
εύκολο; 18066
άκουσα; 18052
τσάρλι; 18039
σειρά; 17963
άλλον; 17956
κοιτάξτε; 17929
ήξερες; 17901
μoυ; 17887
λέξη; 17863
πήγα; 17859
τελευταίο; 17776
δες; 17743
γίνω; 17709
ποτό; 17696
λίγη; 17692
βδομάδα; 17677
συμφωνία; 17645
μείνεις; 17613
κύριος; 17601
υπέροχα; 17571
αδερφή; 17539
στοιχεία; 17511
παρά; 17504
γειά; 17469
περιμένετε; 17371
πέρασε; 17354
κάποτε; 17340
οτιδήποτε; 17299
ρούχα; 17265
φωτιά; 17234
φίλη; 17216
κάπως; 17190
μέλλον; 17188
γιατρός; 17137
λέτε; 17136
δεv; 17113
περισσότερα; 17102
πόσα; 17097
πρόσωπο; 17093
μιλάει; 17030
περίεργο; 17008
πουθενά; 16991
ήξερε; 16958
φύγετε; 16955
σκάσε; 16852
παλιά; 16831
ερωτήσεις; 16818
γυρίσω; 16805
αλλα; 16797
πλέον; 16793
βρήκαμε; 16770
έλεγε; 16742
εχουμε; 16736
κάτσε; 16720
έκαναν; 16696
δικά; 16693
προφανώς; 16656
ήμασταν; 16607
βοηθήσεις; 16573
περιοχή; 16567
προσοχή; 16546
σύστημα; 16537
νιώθεις; 16503
προβλήματα; 16491
υπέροχο; 16473
μιλάμε; 16448
δείτε; 16439
έρχομαι; 16412
πληροφορίες; 16367
κομμάτι; 16338
άδεια; 16305
σημείο; 16300
πάτε; 16289
πρώτος; 16219
πόλεμο; 16219
σκέφτεσαι; 16204
μάθει; 16111
πολλοί; 16105
φρανκ; 16065
αποστολή; 16056
φωτογραφία; 16019
είδε; 16007
δείξω; 15984
φοβάσαι; 15974
βάλε; 15971
πλευρά; 15910
περίμενα; 15893
βρήκε; 15892
μακάρι; 15835
τελειώσει; 15817
θεού; 15777
τιμή; 15737
ολα; 15671
εισαι; 15659
ασφάλεια; 15635
φως; 15618
κάποιες; 15599
ρα; 15530
έτοιμοι; 15524
διανομή; 15499
κυρίες; 15488
καλύτερος; 15470
έι; 15463
εντελώς; 15444
παντού; 15425
κατάλαβες; 15394
θάνατο; 15386
προσπάθησε; 15370
γνωρίζω; 15370
σκοτώσεις; 15362
ακούσει; 15352
οικογένειά; 15344
χάλια; 15343
τόσα; 15297
φέρε; 15262
άσε; 15140
μικρέ; 15133
μέση; 15127
κέντρο; 15126
μιλήσει; 15124
δώσει; 15116
κράτα; 15109
πτώμα; 15045
τρελός; 15004
μαλλιά; 15001
λίστα; 14965
ταξίδι; 14930
άφησε; 14915
θεό; 14799
επιτέλους; 14796
δώσεις; 14793
δώρο; 14766
υπόσχομαι; 14752
πάρτε; 14735
σχετικά; 14735
έτοιμη; 14722
είδους; 14714
τμήμα; 14663
πραγματικότητα; 14607
μουσική; 14592
ειμαι; 14586
παίρνει; 14549
γνώμη; 14536
καιρός; 14488
μήνα; 14484
συνέχισε; 14471
αυτού; 14461
ενδιαφέρον; 14448
ρωτήσω; 14438
συνήθως; 14393
δείπνο; 14391
δικός; 14298
συγχωρείς; 14283
σάρα; 14242
υποτίθεται; 14217
πρεπει; 14212
χρόνος; 14126
υπό; 14083
στ; 14067
έρχονται; 14047
καθώς; 14046
μυστικό; 13992
φωτογραφίες; 13971
γάμο; 13963
άκρη; 13931
μαλακίες; 13911
στόμα; 13903
εβδομάδα; 13899
μιλήσεις; 13858
παίρνεις; 13855
τελείως; 13849
βγάλω; 13830
κάντε; 13825
τζο; 13808
σταματήστε; 13788
είτε; 13788
αεροπλάνο; 13777
πλοίο; 13751
τηλεόραση; 13749
επάνω; 13736
λίγα; 13680
λείπει; 13668
έλεγχο; 13658
χρειαστεί; 13640
σήμα; 13636
μεγάλος; 13548
τομ; 13541
επίθεση; 13525
χάρηκα; 13520
αέρα; 13511
οκ; 13503
δουλεύω; 13483
παραπάνω; 13464
περιμένεις; 13461
τέλειο; 13447
σιγά; 13432
γιατι; 13431
βάση; 13360
άνθρωπο; 13356
μένει; 13350
σκεφτόμουν; 13318
άτομο; 13312
έμαθα; 13295
λόγια; 13288
ψηλά; 13280
ανάγκη; 13274
βγει; 13256
πρώην; 13242
ακούστε; 13236
γραμμή; 13224
οποία; 13219
έπεσε; 13175
δίνει; 13167
δουλεύεις; 13138
κώλο; 13104
γιατρέ; 13076
νόημα; 13067
πολυ; 13042
υποτίτλων; 13002
περιμένουμε; 12966
σκέψου; 12963
παρέα; 12947
κλειδί; 12914
ολοι; 12904
σoυ; 12904
αδερφός; 12897
τίποτε; 12869
γύρνα; 12868
εναντίον; 12865
ατύχημα; 12856
εκατομμύρια; 12839
έχασα; 12803
έρευνα; 12798
ζωντανός; 12747
απάντηση; 12742
μικρός; 12710
πόδι; 12635
αλλάξει; 12625
ενας; 12608
συγχαρητήρια; 12608
επιμέλεια; 12602
δείχνει; 12593
είvαι; 12535
φεύγω; 12505
λέγεται; 12497
μισώ; 12488
τέσσερα; 12478
ευχαριστούμε; 12444
εκ; 12432
παρελθόν; 12420
λιγότερο; 12401
ξενοδοχείο; 12387
μάνα; 12382
εκείνος; 12378
χρονών; 12365
χιλιάδες; 12363
μαγαζί; 12357
ήρθατε; 12305
βλέπετε; 12301
πεθάνεις; 12287
μάικ; 12254
ματιά; 12250
πρόγραμμα; 12239
υόρκη; 12235
όμορφο; 12199
δουλειές; 12199
σταματήσει; 12195
κοιτάς; 12185
ει; 12146
μέτρα; 12109
λεξ; 12094
μπαρ; 12085
απ'; την; 12082
παίρνω; 12081
προσέχεις; 12072
σα; 12062
εγω; 12061
ειλικρινά; 12048
αδελφή; 12047
βρείτε; 12040
κόσμου; 12031
συχνά; 12029
τραπέζι; 12005
έλεγες; 11992
βρες; 11959
τωρα; 11950
μάχη; 11947
οπως; 11945
νούμερο; 11936
ανάμεσα; 11929
παίζει; 11895
μπες; 11863
δυνάμεις; 11861
χώρο; 11831
πεθάνω; 11780
όντως; 11780
άτομα; 11779
φαίνεσαι; 11779
εν; 11778
κάποιοι; 11764
ίδιος; 11758
αληθινό; 11739
μπορούσαμε; 11681
σήκω; 11664
λιγάκι; 11654
άκου; 11652
κίνηση; 11638
ξέχνα; 11637
θύμα; 11636
δεξιά; 11625
ξαφνικά; 11612
απόφαση; 11583
πήγες; 11577
πηγαίνετε; 11574
κρίμα; 11570
μηχανή; 11552
βάλεις; 11519
μπάνιο; 11510
ημέρα; 11489
πιστεύει; 11471
επαφή; 11466
κάνατε; 11462
είδος; 11460
σταματήσεις; 11417
όνειρο; 11395
παράξενο; 11386
ψυχή; 11385
ποιοι; 11373
τρελό; 11371
νωρίς; 11351
άκουσες; 11338
ύπνο; 11297
αφήσουμε; 11287
εξαιτίας; 11236
ντετέκτιβ; 11224
κανόνες; 11190
φωνή; 11165
παλιό; 11155
παίζεις; 11100
βδομάδες; 11099
κάθαρμα; 11098
πρόεδρος; 11088
πίστευα; 11084
δίνω; 11054
λόγω; 11034
μείνετε; 11029
ζήτησε; 11003
κει; 10999
πάντων; 10991
έστειλε; 10990
μαξ; 10977
μπεν; 10966
αγαπάς; 10959
γιαγιά; 10957
σκότωσες; 10955
θανάτου; 10945
πάντως; 10939
σύμφωνα; 10937
έβαλε; 10923
αριστερά; 10906
ηλίθιος; 10903
απίστευτο; 10891
δεσποινίς; 10884
τραγούδι; 10877
επόμενο; 10873
έδωσα; 10870
δολοφόνος; 10870
πλανήτη; 10868
αφορά; 10856
προσπαθεί; 10839
χριστούγεννα; 10839
ανήκει; 10796
έκπληξη; 10785
δεύτερη; 10782
προσπάθησα; 10753
βάλει; 10752
αισθάνομαι; 10749
ζει; 10704
δυνατά; 10700
βγες; 10678
αναφορά; 10676
μπει; 10659
γιατρό; 10657
βλέπει; 10642
βασιλιάς; 10630
γνώρισα; 10611
αποκλειστική; 10602
ναρκωτικά; 10602
προσωπικό; 10596
πιστέψω; 10595
άρχισε; 10579
ησυχία; 10578
σκηνή; 10549
ορκίζομαι; 10542
πρεπε; 10541
ψάχνω; 10530
ασφαλής; 10485
αντί; 10460
δίνεις; 10459
σκοτώσουν; 10444
νεκρή; 10429
ασφαλείας; 10409
εύκολα; 10403
έφερα; 10389
άρα; 10385
βόμβα; 10378
λίγες; 10374
χτες; 10363
τέσσερις; 10341
τoυ; 10335
ζητήσω; 10334
γυρίσει; 10328
πηγαίνω; 10317
υπέροχη; 10314
βγάλε; 10308
σκεφτώ; 10272
τού; 10260
φόνο; 10252
καταλάβεις; 10243
αγώνα; 10242
καταλάβει; 10238
γεγονός; 10237
πάρτυ; 10224
νησί; 10207
άνδρες; 10206
μάθημα; 10200
νομίζει; 10196
ελπίδα; 10194
αρκετό; 10189
μαλάκα; 10182
εβδομάδες; 10177
περάσω; 10168
δυστυχώς; 10156
πολλούς; 10148
χτύπησε; 10147
προσπαθείς; 10120
δικαίωμα; 10116
ποιό; 10112
σφαίρα; 10110
μεγάλε; 10107
βόλτα; 10098
παράθυρο; 10097
κτίριο; 10095
φτάνει; 10092
μάτι; 10092
ντέιβιντ; 10087
δώσ; 10048
δικέ; 10033
απλό; 10029
αγόρια; 10016
κουτί; 10003
αδερφό; 9977
φέρει; 9950
πράκτορας; 9938
δύσκολη; 9936
ξαναδεί; 9926
κάρτα; 9908
χάσει; 9894
δώ; 9881
διαφορετικά; 9880
μπω; 9880
κύριο; 9878
πoυ; 9858
αμερική; 9856
αρχηγός; 9817
ξέχασα; 9814
πήραν; 9813
καταλάβω; 9808
τσάντα; 9783
μεγαλύτερο; 9769
σκότωσα; 9767
σταματήσω; 9759
εσυ; 9753
αγαπάω; 9750
νέος; 9741
στάσου; 9741
έφερε; 9740
διορθώσεις; 9726
βγαίνει; 9691
βγήκε; 9624
διαφορά; 9623
βασιλιά; 9618
μόνοι; 9608
γράμμα; 9607
λατρεύω; 9606
αλλού; 9598
φαντάζομαι; 9573
δευτερόλεπτα; 9571
επιχείρηση; 9565
ειδικά; 9544
εκκλησία; 9523
πράκτορα; 9520
ωχ; 9495
σκύλα; 9451
αρχίσει; 9441
μίλα; 9441
ακούσω; 9438
τυχερός; 9430
βγάλεις; 9422
γλυκό; 9420
τρελή; 9409
πρωινό; 9399
μείνουμε; 9398
κακός; 9366
μπήκε; 9358
τάξη; 9354
μίλησα; 9337
μπάλα; 9322
συζητήσουμε; 9315
γυρίσεις; 9313
κόλαση; 9311
γλώσσα; 9311
χειρότερο; 9294
γύρισε; 9292
στοίχημα; 9288
διαμέρισμα; 9258
φέρεις; 9247
σχέδια; 9238
ντι; 9232
απόγευμα; 9222
θάνατος; 9201
εταιρία; 9191
κρατήσω; 9187
τέρας; 9187
ήρθαν; 9154
έρθουν; 9135
νεκροί; 9132
συνάντηση; 9127
μισή; 9123
βάλουμε; 9121
πέρασα; 9118
είπατε; 9115
κόλπο; 9110
αποδείξεις; 9105
κλειδιά; 9105
κάποιου; 9096
θάλασσα; 9087
κανεις; 9072
πόνο; 9067
επιστρέψω; 9058
χαρτιά; 9027
αφήσει; 9010
αρχίζει; 9000
βιβλία; 9000
φτάσει; 9000
μεγαλύτερη; 8998
νωρίτερα; 8984
ζωές; 8976
φεύγει; 8976
παπούτσια; 8973
στo; 8971
βγούμε; 8964
είχατε; 8959
όποιος; 8958
τηλεφώνησε; 8952
μάθουμε; 8952
δείξε; 8924
τεστ; 8916
μπιλ; 8913
μπλε; 8912
φοβερό; 8904
εξηγήσω; 8898
μέρη; 8894
κατι; 8892
πόλεμος; 8888
καλησπέρα; 8885
κρασί; 8877
πάρουν; 8871
στρατό; 8867
αφήνεις; 8843
δις; 8841
ποιά; 8839
έβαλα; 8827
γνωρίζεις; 8825
κινητό; 8814
εξ; 8797
πρόσωπό; 8797
πρόεδρε; 8785
σκοπό; 8782
φορτηγό; 8782
κλαρκ; 8779
μεγάλα; 8774
δωμάτιό; 8774
υπηρεσία; 8753
χορό; 8741
πλάτη; 8740
τζέιμς; 8740
πράγματι; 8730
χρειάζονται; 8725
χρόνου; 8714
τζέι; 8691
μύτη; 8683
απολύτως; 8672
φτιάξω; 8666
τηλεφωνήσω; 8659
φας; 8643
γαμώ; 8638
χειρότερα; 8636
βγω; 8633
βρήκαν; 8633
όλων; 8632
μπομπ; 8622
σημάδι; 8599
δικαστήριο; 8598
δόξα; 8584
ξερω; 8574
όποτε; 8558
όμορφα; 8550
ενδιαφέρει; 8549
φάμε; 8534
πέσει; 8506
εποχή; 8506
αναρωτιέμαι; 8502
υπήρχαν; 8498
έρχεσαι; 8497
τράπεζα; 8485
κρατάει; 8479
δουν; 8472
πολλή; 8471
ναι; 8462
άνοιξε; 8433
ακούσεις; 8433
τελειώσαμε; 8426
ευτυχώς; 8425
κόκκινο; 8422
δεύτερο; 8413
σταματήσουμε; 8398
έγκυος; 8395
επικίνδυνο; 8389
κάμερα; 8386
αριθμό; 8375
ζήτησα; 8366
πήγαν; 8363
γιε; 8353
γίνονται; 8351
κάλεσε; 8345
πονάει; 8343
εταιρεία; 8331
κάθισε; 8321
προσωπικά; 8319
νικ; 8312
δυνατόν; 8309
τζορτζ; 8307
κακή; 8306
τζέικ; 8301
θέσεις; 8297
βρίσκω; 8295
δώστε; 8292
βαθιά; 8289
αποκλείεται; 8284
πόσες; 8282
δυνατό; 8276
δικιά; 8258
μπύρα; 8244
γαμήσου; 8242
βάζεις; 8237
έπαθε; 8232
ημουν; 8231
αρχεία; 8222
συζήτηση; 8221
χάρι; 8213
χάσω; 8207
κομμάτια; 8192
έξυπνος; 8189
λαιμό; 8183
βοήθειά; 8178
κυβέρνηση; 8171
ανησυχώ; 8166
ηλικία; 8161
άφησα; 8126
απαντήσεις; 8123
επρεπε; 8120
ήσασταν; 8116
βρουν; 8114
κοινό; 8113
βεβαίως; 8103
φεύγουμε; 8094
μπεις; 8081
συγχρονισμός; 8080
ετών; 8067
ονόματα; 8065
ασφαλές; 8058
διεύθυνση; 8033
περιμένουν; 8015
κρατήσει; 8013
απ'; τη; 8007
θεία; 8001
βγάλουμε; 7998
γυρίσουμε; 7995
τσακ; 7991
αισθάνεσαι; 7990
κιόλας; 7986
περάσεις; 7986
τουαλέτα; 7985
είπαμε; 7983
ψάχνεις; 7980
πιάσει; 7971
καινούριο; 7964
σοβαρό; 7956
ελεύθερος; 7950
διακοπές; 7950
μαύρο; 7950
θεραπεία; 7943
πάθει; 7938
φοράς; 7934
γεμάτο; 7925
σωστή; 7923
στείλω; 7919
φεύγεις; 7915
νεκρό; 7909
κουσα; 7906
τσάι; 7896
ταξί; 7894
ζώα; 7880
δικηγόρος; 7879
βρέθηκε; 7875
αλλαγή; 7873
μαχαίρι; 7862
πηγαίνει; 7855
μαλάκας; 7831
τεντ; 7826
κλαμπ; 7825
μικρά; 7811
φταίει; 7808
δώσουμε; 7807
άντε; 7799
αληθινή; 7799
μέρους; 7792
άνδρας; 7787
αρκεί; 7773
ενέργεια; 7772
ήρεμα; 7771
εμπιστοσύνη; 7756
τρίτη; 7752
λύση; 7749
καλοί; 7744
βοήθησε; 7735
πηγαίνεις; 7734
ηλίθια; 7734
πεθαίνει; 7724
παραλίγο; 7701
αρχηγέ; 7695
βραδιά; 7691
άσχημο; 7684
λεωφορείο; 7683
ήρθαμε; 7680
εύχομαι; 7679
απ'; τον; 7674
μις; 7674
εχετε; 7672
εκει; 7670
έγιναν; 7661
βγάζει; 7661
κατάφερες; 7656
πίεση; 7655
ζωντανή; 7653
ζητώ; 7652
τοίχο; 7650
δαχτυλίδι; 7647
λέξεις; 7634
χάσεις; 7622
σόου; 7622
καλα; 7619
ολόκληρη; 7614
έχασε; 7612
πτήση; 7608
καλές; 7606
νοιξε; 7603
πίστη; 7601
μυστικά; 7593
πίστεψέ; 7592
περνάει; 7590
πάρετε; 7579
κλείσε; 7565
εικόνα; 7564
προσπαθήσω; 7561
ενταξει; 7560
διαφορετικό; 7555
δικούς; 7526
μέσω; 7522
έφερες; 7511
χαλάρωσε; 7510
παιχνίδια; 7506
κουζίνα; 7497
ηλίθιε; 7496
νταν; 7493
όχι; 7493
γέφυρα; 7472
διάβολο; 7470
απόλυτα; 7468
γίνουν; 7440
τρένο; 7439
βγεις; 7437
ξύπνα; 7435
ειλικρινής; 7431
χάσαμε; 7429
είδατε; 7426
μίλια; 7426
ζωντανό; 7424
τηv; 7424
νομίζετε; 7417
γλυκέ; 7415
τρύπα; 7413
βασίλισσα; 7412
παρίσι; 7406
κίνδυνο; 7406
ίχνη; 7404
βοήθησέ; 7378
στρατιώτες; 7375
σκέψη; 7369
σκληρά; 7360
έπιασε; 7354
σ'αυτό; 7350
φάει; 7343
πιθανόν; 7332
πόλης; 7324
μέλος; 7318
επί; 7315
θέλαμε; 7303
έρωτα; 7302
έδαφος; 7301
σαι; 7300
φώτα; 7294
κρατάς; 7292
κρύο; 7291
αδελφός; 7287
πνεύμα; 7284
προσφορά; 7281
άλλαξε; 7281
ηλίθιο; 7276
σεβασμό; 7275
ζεις; 7275
εξαρτάται; 7273
μακ; 7269
ντάνι; 7263
αυτη; 7259
μοίρα; 7254
έδωσες; 7253
δάσος; 7253
ζώνη; 7248
θαυμάσια; 7240
κοριτσάκι; 7232
περάσουμε; 7227
αστυνομικός; 7224
εκτιμώ; 7203
έφτασε; 7203
σφαίρες; 7199
ψάχνουμε; 7197
τζιμ; 7193
εργαστήριο; 7192
φάω; 7191
πάτωμα; 7187
βήμα; 7178
βίντεο; 7177
δόντια; 7176
γινόταν; 7168
υπεύθυνος; 7159
ρωτάς; 7151
τύποι; 7144
αίθουσα; 7123
ματ; 7123
κοιμηθώ; 7108
ρίξε; 7102
κρατήσεις; 7097
βγάλει; 7088
άκουσε; 7081
προσπάθεια; 7080
τόση; 7078
αγαπάει; 7075
πουλί; 7059
κυριε; 7057
ρολόι; 7053
στολή; 7051
γκέι; 7039
μονο; 7035
πιστεύετε; 7022
πραγματικό; 7021
εξαφανίστηκε; 7012
θέλατε; 7011
ρίτσαρντ; 7003
παίξουμε; 7001
αδερφέ; 7001
μαρκ; 6990
έργο; 6982
καινούργιο; 6979
θελω; 6976
καθένας; 6974
σκυλί; 6967
λογαριασμό; 6965
κέιτ; 6965
ζευγάρι; 6963
κάν; 6963
επτά; 6960
ποτε; 6959
προτιμώ; 6952
ρίξω; 6945
βρίσκεις; 6935
μερικούς; 6934
εννοούσα; 6930
έτοιμο; 6930
έμαθες; 6926
ταιριάζει; 6924
δικηγόρο; 6920
γωνία; 6919
επιστρέψει; 6917
ηπα; 6916
φροντίσω; 6914
σον; 6902
αίματος; 6892
μαζι; 6886
ανθρώπων; 6883
πρόταση; 6883
ζω; 6880
στόχος; 6879
ταχύτητα; 6871
ομως; 6870
συμφωνώ; 6867
μού; 6857
τόνι; 6853
άφησες; 6836
εξετάσεις; 6816
φταίω; 6811
χει; 6807
άλογο; 6803
βρίσκονται; 6802
πηγαίνουμε; 6795
κλείσω; 6795
καταφέρεις; 6789
μαίρη; 6788
έγκλημα; 6778
καρλ; 6776
δικοί; 6760
μερικοί; 6757
κουνηθείτε; 6757
μ'αρέσει; 6756
ασε; 6752
διαταγές; 6744
έλεγαν; 6744
σκοτώνει; 6741
πάτερ; 6739
γράφει; 6739
δίκαιο; 6735
διάρκεια; 6729
οι; 6722
χρειαστείς; 6711
μετάφραση; 6706
σκεφτείς; 6705
κοίταξε; 6704
μπράιαν; 6698
τέρμα; 6695
ολόκληρο; 6694
καπέλο; 6691
σκοτώθηκε; 6683
συνεχίσουμε; 6679
περισσότεροι; 6677
αυτής; 6676
τελειώσω; 6670
κούκλα; 6670
ιστορίες; 6670
γίνεσαι; 6666
ρέι; 6666
έχασες; 6665
ευτυχισμένη; 6654
πελάτες; 6652
πύλη; 6648
πρόσβαση; 6645
πίτερ; 6640
συνεχώς; 6628
φτάσουμε; 6627
θείος; 6627
άρρωστος; 6626
βάρος; 6624
θυμάστε; 6622
ξεκινήσουμε; 6622
ήσυχο; 6619
αίσθηση; 6618
τρομερό; 6609
κρις; 6606
σ'ευχαριστώ; 6599
κάιλ; 6598
έμεινε; 6596
στου; 6596
διαδικασία; 6594
πιθανότητα; 6591
συμπεριφορά; 6588
διάστημα; 6588
βόρεια; 6583
πορεία; 6577
σταθμό; 6577
δείχνεις; 6576
τηλεφώνημα; 6575
βοηθάει; 6572
ποιόν; 6566
τζίμι; 6564
σώσει; 6562
ελήφθη; 6562
σερίφη; 6555
κουνήσου; 6551
σ'ένα; 6544
υπόλοιπα; 6541
περάστε; 6534
βοηθήσουμε; 6525
στοιχείο; 6518
χρειαζόταν; 6508
λειτουργεί; 6496
πηγή; 6494
τελειώνει; 6490
βλέπουμε; 6490
παίζω; 6488
έπιασα; 6487
φέρνει; 6486
μπούμε; 6467
ντάνιελ; 6464
αποτέλεσμα; 6462
ηθελα; 6462
γαμημένο; 6455
πανεπιστήμιο; 6454
συμβούλιο; 6452
χρώμα; 6449
γνωρίζει; 6449
χρυσό; 6440
ταινίες; 6440
ήρωας; 6434
δέντρο; 6432
εμπειρία; 6430
σκοτάδι; 6422
βάζω; 6414
πιστεύουν; 6412
αρχίσουμε; 6405
ναί; 6403
κέβιν; 6400
ψάχνει; 6399
πόση; 6396
ελευθερία; 6394
εχουν; 6392
μίλησε; 6388
μπάτσοι; 6376
σπίτια; 6375
μπα; 6373
επίπεδο; 6373
εξάλλου; 6372
φέρτε; 6363
αλλάξω; 6360
σύζυγος; 6359
σπουδαίο; 6359
αλλάζει; 6354
κρατήσου; 6351
βγείτε; 6348
λουλούδια; 6339
πατρίδα; 6334
παράδειγμα; 6331
γλύκα; 6327
επεισόδιο; 6321
όνειρα; 6316
αεροδρόμιο; 6315
ζήσει; 6314
χαρτί; 6308
φαίνονται; 6297
σπουδαία; 6295
έβαλες; 6295
ρόμπερτ; 6293
πιάσουμε; 6282
φάση; 6273
εστιατόριο; 6272
ρέιτσελ; 6271
γάμος; 6269
μπάτσος; 6263
τζόι; 6261
καλέσω; 6256
πήραμε; 6250
σημαντική; 6248
προχώρα; 6247
στόχο; 6247
τoν; 6247
σκύλο; 6241
ξερεις; 6238
φτάσαμε; 6237
καινούρια; 6235
μπορω; 6230
εργασία; 6228
νότια; 6228
δουλέψει; 6227
ακρίβεια; 6225
λονδίνο; 6220
τέτοιες; 6215
ράιαν; 6213
κοιμάται; 6200
πήγαινα; 6198
πιάσε; 6194
πιστέψεις; 6191
θαύμα; 6190
τζόνι; 6182
χένρι; 6182
έμαθε; 6179
γνωρίσω; 6178
ήθελαν; 6177
σταμάτησε; 6174
είναι; 6172
μονάδα; 6169
κυβερνήτη; 6166
καθαρά; 6164
φιλαράκο; 6163
τov; 6160
σώσω; 6155
γράμματα; 6152
ζήσω; 6149
αγαπημένο; 6136
στήθος; 6135
ειρήνη; 6129
πυρ; 6127
τιποτα; 6127
πέτα; 6123
λεπτομέρειες; 6121
απέναντι; 6118
σκληρό; 6116
απλή; 6112
παραλία; 6107
μπορέσω; 6107
φάντασμα; 6105
λι; 6097
καριέρα; 6091
χρησιμοποίησε; 6085
γελοίο; 6083
πέφτει; 6082
ποτάμι; 6079
δούλευε; 6073
ρόλο; 6072
γύρισα; 6071
παίξω; 6070
γυναίκας; 6066
πιθανότητες; 6066
σαββατοκύριακο; 6065
στρατηγέ; 6065
ξεχάσεις; 6063
γειτονιά; 6061
εκείνον; 6055
μένω; 6054
βρίσκομαι; 6050
πήτερ; 6046
φόρεμα; 6041
συνέντευξη; 6040
ρώτησα; 6037
μπορούσαν; 6034
πληρώσω; 6024
συμβουλή; 6021
ξεκίνησε; 6010
κουβέντα; 6009
φάρμακα; 6005
έρικ; 6000
καθίστε; 5997
κρίση; 5995
τελείωσα; 5991
θεωρία; 5977
φύση; 5971
φάνηκε; 5967
τσαρλς; 5964
παίξεις; 5956
γεύμα; 5956
πράμα; 5945
μένεις; 5942
δέρμα; 5938
διάβασα; 5938
κρατάω; 5938
παρασκευή; 5937
απ'; τα; 5937
ξύλο; 5936
λόγους; 5935
διότι; 5934
τρώει; 5932
μπαίνει; 5924
σέξι; 5920
άνδρα; 5919
προτού; 5916
αφήνει; 5916
ιδιαίτερα; 5915
υπολογιστή; 5912
αδύνατον; 5911
χωριό; 5907
γέρος; 5904
λευκό; 5900
γνωρίσει; 5889
οδηγεί; 5880
αφήνω; 5871
καινούργια; 5869
τζων; 5866
κατευθείαν; 5862
ξεχάσω; 5858
καρέκλα; 5858
προστασία; 5855
ελεύθερη; 5854
ωραίος; 5853
ανοίξτε; 5832
κυρίως; 5827
πολιτική; 5822
χρειαστώ; 5817
εκατό; 5815
τής; 5815
πτώματα; 5814
μιλάτε; 5812
ακίνητος; 5803
ενάντια; 5798
επιλογές; 5795
εφημερίδα; 5792
φόβο; 5791
εγκλήματος; 5791
καταπληκτικό; 5789
τoυς; 5789
απαίσιο; 5784
είδαμε; 5783
δύσκολα; 5783
πράγματά; 5783
ζητάω; 5767
σκεφτεί; 5767
νομίζουν; 5767
ωρα; 5765
βάλτε; 5764
τω; 5762
πιάσω; 5754
αλλάξεις; 5753
μνήμη; 5750
χάνεις; 5747
γάτα; 5746
γεύση; 5741
τελευταίες; 5725
μπείτε; 5722
περνάς; 5719
καθαρό; 5717
οκτώ; 5715
προσπαθούσα; 5713
ευχαριστω; 5712
μυρίζει; 5706
ευθύνη; 5698
επιτυχία; 5696
αστεία; 5696
λάθη; 5688
δυνατή; 5683
κατάφερε; 5676
σχολή; 5673
κλήση; 5669
παμε; 5667
καταστροφή; 5665
δυνατός; 5661
λος; 5660
βλάκας; 5655
σκυλιά; 5653
κόπο; 5651
σ'αγαπώ; 5648
γάλα; 5645
κος; 5639
παππού; 5639
συμβαίνουν; 5632
γάμου; 5628
παγίδα; 5627
ακούει; 5625
αποτελέσματα; 5623
κάποιους; 5623
κάνα; 5622
έκλεψε; 5617
σκότωσαν; 5614
βλέπουν; 5611
πρόεδρο; 5608
έξυπνο; 5607
πιστεύουμε; 5607
δείχνουν; 5603
βλακείες; 5599
πόρτες; 5598
επέστρεψε; 5593
λουκ; 5593
περισσότερες; 5588
ελέγχου; 5587
έστω; 5586
αλ; 5581
μετα; 5578
δοκίμασε; 5578
μαύρη; 5577
φησέ; 5577
μαθήματα; 5574
όσους; 5569
διευθυντής; 5566
να'ναι; 5566
κιλά; 5564
ζητάς; 5563
πεδίο; 5560
επικεφαλής; 5557
πιθανότατα; 5557
πόσοι; 5553
προτείνω; 5545
πυροβόλησε; 5544
έκρηξη; 5543
γουόλτερ; 5543
σώσεις; 5539
δίκη; 5538
στιγμές; 5537
πριγκίπισσα; 5536
καταφέρουμε; 5534
καθίκι; 5534
μέλη; 5532
απαίσια; 5525
μεγάλες; 5521
ξέχασες; 5513
σημάδια; 5512
κατάλληλη; 5507
βρήκατε; 5501
κλείσει; 5494
πιθανό; 5491
δρόμος; 5483
υποθέσεις; 5479
περήφανος; 5471
έγραψε; 5468
χτύπημα; 5466
άσχημη; 5462
εξω; 5462
είκοσι; 5459
χτυπήσει; 5455
νίκη; 5449
αδύνατο; 5449
αριθμός; 5449
πάρκο; 5448
πάρ; 5448
γης; 5444
ασθενής; 5441
καταφέρω; 5438
αγγλικά; 5438
βοηθός; 5435
εγινε; 5435
ελεύθερο; 5432
πέρασες; 5423
σκοτ; 5418
ξαναδώ; 5418
γνωρίζετε; 5417
ακου; 5413
νοιάζεται; 5412
απειλή; 5411
στρατός; 5407
θύματα; 5405
διάφορα; 5402
πραγματική; 5402
εντολή; 5396
τρέλα; 5391
σχέσεις; 5378
καλοκαίρι; 5372
μπόμπι; 5372
πωλ; 5370
αληθινά; 5363
μεσα; 5361
κατάφερα; 5352
αδελφό; 5343
παράσταση; 5341
ντον; 5340
κρέας; 5339
τύπου; 5335
εκδίκηση; 5330
οδό; 5330
πολέμου; 5327
λογική; 5321
πήγαμε; 5319
διασκέδαση; 5314
μπορει; 5312
διαταγή; 5311
παίξει; 5311
οσο; 5307
παίρνουν; 5306
πέθαναν; 5305
παρόν; 5304
σκουπίδια; 5298
όποιον; 5296
χάθηκε; 5285
αγαπητή; 5285
βαρέθηκα; 5283
φύγουν; 5283
δρόμους; 5279
μπουκάλι; 5274
ασφαλώς; 5272
ανησυχείτε; 5271
καταλαβαίνετε; 5271
μητέρας; 5266
καταφέρει; 5265
συσκευή; 5258
στραβά; 5256
πληρώσει; 5256
φοράει; 5252
ζήσεις; 5252
κηδεία; 5247
ιατρική; 5246
εις; 5245
ρώτα; 5237
αντε; 5232
γράψω; 5228
πρόσφατα; 5227
ρομπότ; 5226
σκέφτηκες; 5223
λοχία; 5220
άνετα; 5218
μιλάνε; 5217
μετρητά; 5207
αγορά; 5206
γυαλιά; 5205
κόψω; 5204
τύπους; 5202
χτυπάει; 5201
τεράστια; 5196
φτιάξει; 5196
φιλί; 5196
πεθάνουμε; 5188
επιστρέφω; 5181
ιδέες; 5174
συνεχίστε; 5170
δικές; 5169
και; 5167
γέρο; 5164
ουρανό; 5158
τόπο; 5153
σύζυγός; 5152
τράβα; 5151
σκέψεις; 5141
γενέθλια; 5135
έπαθες; 5134
βαν; 5130
ψέμα; 5116
καλιφόρνια; 5112
τεράστιο; 5110
φύγαμε; 5109
ξεκίνα; 5109
γουίλ; 5105
βάζει; 5104
αποθήκη; 5104
πουν; 5101
κρατήσουμε; 5100
στείλε; 5092
έρθετε; 5091
περίεργα; 5087
στάση; 5087
δέν; 5087
κοιμηθείς; 5084
κάθεσαι; 5081
έξυπνη; 5075
λίμνη; 5075
συνεχίσω; 5074
διάλειμμα; 5071
μπίλι; 5069
ξεχνάς; 5067
τρως; 5067
γκόμενα; 5067
ναρκωτικών; 5067
συ; 5066
έφυγα; 5062
φαινόταν; 5060
αρχές; 5054
πόρνη; 5054
δίνουν; 5052
κερδίσει; 5048
επιπλέον; 5047
σάββατο; 5038
ψάρι; 5037
ταυτότητα; 5035
πεθάνουν; 5034
κουσέ; 5034
χρησιμοποιεί; 5033
φάκελο; 5029
ελικόπτερο; 5025
βρε; 5023
λα; 5022
πιάνει; 5021
απάντησε; 5015
χω; 5015
παράτα; 5014
δολοφόνο; 5012
πετύχει; 5011
ζημιά; 5005
ομάδας; 5004
λογικό; 5003
φοβερή; 5001
κάθριν; 4998
προσπαθούμε; 4997
πέρασαν; 4994
πιάσουν; 4986
επιτρέπεται; 4985
αναρωτιόμουν; 4984
δουλεύουν; 4981
πληρώσεις; 4976
εμπιστεύομαι; 4976
θυμίζει; 4974
κανω; 4973
νόμο; 4972
τυχερή; 4971
μοναδική; 4970
αποφάσισα; 4966
αληθινός; 4963
αποτυπώματα; 4961
ακούτε; 4961
έφτιαξα; 4960
κάμερες; 4958
ταλέντο; 4954
ποτά; 4943
περί; 4941
βρίσκεσαι; 4934
προσεκτικά; 4933
φοβάται; 4932
απόδειξη; 4927
έφυγες; 4926
σκύλος; 4921
διάλεξε; 4920
τρίτο; 4912
σπαθί; 4912
βάρκα; 4910
μάθουν; 4905
κανει; 4904
αξία; 4904
αντέχω; 4901
σκοτώσουμε; 4898
διάολε; 4884
συναντήσω; 4883
κάντο; 4875
ισχύει; 4875
παντελόνι; 4873
κανονικά; 4872
σύζυγο; 4868
μοιάζεις; 4867
προσέχω; 4866
τόμας; 4866
πρόσεξε; 4865
σταν; 4860
όρια; 4848
βέγκας; 4848
χρονιά; 4848
κοιτάξω; 4842
κοίταξέ; 4842
ήσυχη; 4839
οποιαδήποτε; 4836
υπήρξε; 4836
ομάδες; 4836
γίνουμε; 4833
μόργκαν; 4833
αφήσετε; 4831
γεγονότα; 4828
υπομονή; 4823
ζώο; 4820
τζιν; 4816
δευτέρα; 4810
αυτα; 4809
καταφέραμε; 4809
υπάρξει; 4795
στρατηγός; 4789
άκουσέ; 4786
γλυκά; 4783
ποτήρι; 4781
μάρτιν; 4778
έφτιαξε; 4775
γουίλιαμ; 4768
πλήρη; 4767
ακομα; 4765
ασθενή; 4762
τόνυ; 4762
πράξη; 4761
μίλησες; 4757
ένταλμα; 4756
ανοίξω; 4755
ασθενείς; 4753
χάπια; 4753
φοίβη; 4752
πλάσμα; 4746
δόκτωρ; 4745
ανθρώπινο; 4742
έβλεπα; 4740
παντρεμένος; 4734
ήλιο; 4730
εναν; 4728
ληστεία; 4725
όσοι; 4723
οδηγός; 4722
κολέγιο; 4720
ευχαριστήσω; 4720
τοσο; 4718
μπόρεσα; 4712
έκλεισε; 4705
ζεστό; 4702
δείξει; 4700
ένιωσα; 4696
σούπερ; 4696
υπόγειο; 4695
ελ; 4691
δείγμα; 4686
μπορεις; 4684
γύρισες; 4684
ήλιος; 4683
πέταξε; 4682
τζέιν; 4679
γεμάτη; 4676
εφτά; 4675
σερ; 4673
ψάχνουν; 4672
φταις; 4671
επόμενος; 4671
σκληρή; 4660
σμιθ; 4657
χρειάζεστε; 4654
προηγούμενη; 4652
χαρούμενη; 4650
οδηγίες; 4647
χρήμα; 4645
προσωπική; 4635
φήμη; 4634
όχημα; 4634
χρησιμοποιήσω; 4631
βοηθήστε; 4630
ώσπου; 4629
μένουν; 4626
απόσταση; 4625
παντρευτώ; 4622
πελάτης; 4621
χάρτη; 4619
είν; 4619
ζουν; 4612
ουσία; 4612
καταστρέψει; 4611
μεξικό; 4611
μηχανές; 4610
πέτρα; 4610
πληροφορία; 4609
δράση; 4607
ασφαλείς; 4606
πλησιάζει; 4602
κορυφή; 4599
τελευταίος; 4598
φοράω; 4598
καθηγητής; 4596
έδωσαν; 4596
υπόλοιπο; 4595
οδηγήσει; 4595
πιούμε; 4590
στείλει; 4588
ωστε; 4582
εκπομπή; 4578
μαγεία; 4577
χτύπα; 4576
ελέγξω; 4569
βρεθεί; 4567
αγαπημένη; 4567
πέσε; 4565
χεις; 4563
πολ; 4560
ρεύμα; 4559
άλλου; 4559
παντρευτείς; 4558
αστυνομικό; 4558
σπιτι; 4556
μοναδικό; 4555
ήσυχα; 4554
αχ; 4553
έσπασε; 4552
αρκετή; 4551
τρέχα; 4548
ννα; 4547
άλλων; 4544
τρέξε; 4543
αυτος; 4542
σάντουιτς; 4540
ζούμε; 4539
βρισκόμαστε; 4537
τζόουνς; 4537
χλόη; 4537
χαζό; 4534
κακά; 4532
δώρα; 4532
φέρουμε; 4531
κάρτερ; 4524
πράσινο; 4522
εισιτήρια; 4521
περίμενες; 4521
μαι; 4520
χρωστάς; 4519
μάντεψε; 4519
ρος; 4517
βία; 4515
συνεχίσεις; 4514
άλογα; 4512
επείγον; 4512
δολοφονία; 4511
μετράει; 4510
σκληρός; 4510
κουσε; 4506
πoλύ; 4506
πισω; 4502
ασθενοφόρο; 4502
νόμιζες; 4500
ηρθε; 4496
δωρεάν; 4494
πιτ; 4494
περάσαμε; 4493
πιες; 4490
χρωστάω; 4490
όροφο; 4487
χαρούμενος; 4483
εξής; 4483
διαβάσω; 4480
βγάλτε; 4476
έλεν; 4476
κοιμάσαι; 4475
μπήκα; 4474
μορφή; 4469
εφημερίδες; 4468
μπάτσους; 4465
έστειλα; 4465
φίλες; 4463
τριγύρω; 4459
βγάζεις; 4456
ησουν; 4455
κασέτα; 4454
τομέα; 4452
ρότζερ; 4452
σικάγο; 4451
εντολές; 4447
ζέστη; 4445
ζήτησες; 4443
μαρία; 4443
θείο; 4443
εντ; 4443
έφυγαν; 4438
αγοράσω; 4433
πεθαίνουν; 4432
πάγο; 4425
ρίξεις; 4425
έσωσε; 4424
μπορέσουμε; 4422
εκατομμύριο; 4416
λαν; 4412
μυαλά; 4411
τέλειωσε; 4410
ειδήσεις; 4410
θείε; 4408
προκαλεί; 4407
εκανα; 4404
νόμος; 4404
πράκτορες; 4401
ευγενικό; 4397
δικαιοσύνη; 4394
ου; 4392
αρχίσω; 4392
χάσουμε; 4390
γνωρίσεις; 4390
εχθρός; 4386
δέχομαι; 4385
είσαστε; 4384
αυτών; 4384
καθήκον; 4383
ντροπή; 4381
δείξεις; 4379
αστειεύεσαι; 4378
θέματα; 4377
τόσες; 4376
τσέπη; 4375
γνωρίζουμε; 4375
γιατροί; 4372
ξεκινάμε; 4371
πακέτο; 4370
τόμι; 4365
διάθεση; 4361
όμορφος; 4358
θα'ναι; 4358
ευτυχισμένος; 4355
νιώθει; 4354
λοιπον; 4352
αναμνήσεις; 4351
μεριά; 4351
αγόρασα; 4346
πίστευε; 4344
θελα; 4342
απασχολημένος; 4341
δουλέψω; 4338
οχτώ; 4337
μάς; 4335
άξιζε; 4334
μ'αυτό; 4332
κανονίσω; 4322
γουρούνι; 4318
κατ; 4318
μάρτυρες; 4316
αστυνομίας; 4313
προσπαθούν; 4310
εκείνα; 4309
ξεχάσει; 4305
τζεφ; 4305
φανεί; 4304
πεινάω; 4302
όρεξη; 4299
είδαν; 4299
μυρωδιά; 4297
θυμωμένος; 4292
βγάζω; 4292
δέντρα; 4290
πολύς; 4290
βγαίνω; 4284
εξουσία; 4281
τεχνολογία; 4281
διαφορετική; 4280
αγόρασε; 4279
έψαχνα; 4277
σύμπαν; 4277
ημέρες; 4276
έντι; 4274
μπελάδες; 4272
εμφανίστηκε; 4269
υπόλοιποι; 4263
ήμαστε; 4263
ανησυχεί; 4262
καρκίνο; 4261
υπαρχει; 4261
άρρωστη; 4260
εγχείρηση; 4259
νέιθαν; 4257
βιάσου; 4255
αριστερό; 4254
παρακαλω; 4250
μούτρα; 4250
καθαρή; 4249
ευχή; 4249
πέμπτη; 4245
διαβάσει; 4242
νεκρούς; 4240
ανθρώπινη; 4240
φανταστικό; 4239
άρθρο; 4238
μπι; 4238
τέλειος; 4237
εμπιστεύεσαι; 4236
αναφέρω; 4233
μωρά; 4233
φτιάξουμε; 4233
ερχόταν; 4231
εννοείτε; 4229
παίζουν; 4228
τζέισον; 4226
χρησιμοποιείς; 4223
εντύπωση; 4222
μυστική; 4222
χρειαστούμε; 4221
τρώω; 4221
γιου; 4218
συμβόλαιο; 4215
ακούσατε; 4214
αποφάσισε; 4210
χα; 4209
αυλή; 4206
διαβάζεις; 4206
νοσοκόμα; 4204
παππούς; 4203
ντέιβ; 4197
βγαίνεις; 4197
πισίνα; 4197
σώσουμε; 4195
δεξί; 4194
μιλούσε; 4194
εννιά; 4194
αρκετές; 4193
όλος; 4191
κλαιρ; 4189
λοχαγέ; 4188
ανοίξει; 4184
κήπο; 4184
αρχηγό; 4182
παράδοση; 4179
σπάσει; 4176
κατηγορίες; 4174
επιστρέψεις; 4170
κυριακή; 4169
κάθομαι; 4169
αλλο; 4167
μαλακία; 4166
πρόβλημά; 4165
έγινα; 4165
τσιγάρο; 4163
λύκειο; 4163
αιώνα; 4162
έγραψα; 4162
ανθρώπου; 4160
πόνος; 4159
βροχή; 4159
συν; 4157
ζακ; 4157
ημερολόγιο; 4156
ωστόσο; 4156
διάδρομο; 4156
ερχεται; 4154
ξεφύγει; 4148
απαραίτητο; 4147
στέλνει; 4147
βλάκα; 4146
κινείται; 4145
πελάτη; 4141
μισεί; 4141
θυμήσου; 4140
μάρτυρας; 4136
αφέντη; 4135
σύμφωνοι; 4134
μοιάζουν; 4133
προάλλες; 4127
δοκιμάσω; 4127
μάθετε; 4126
τρόπους; 4123
τοτε; 4122
ανάσα; 4122
κοτόπουλο; 4119
τελειώσουμε; 4118
επιτροπή; 4116
ένοχος; 4114
μεθυσμένος; 4114
αρχίζω; 4114
περιουσία; 4114
φρόντισε; 4107
αιτία; 4106
κράτησε; 4104
ρώτησε; 4102
έβγαλε; 4099
δεκάρα; 4099
προσφέρω; 4097
πιω; 4095
τες; 4094
χάουαρντ; 4092
σήκωσε; 4090
ήλπιζα; 4089
λόις; 4089
μπήκες; 4087
αρέσεις; 4085
τζωρτζ; 4085
λέγε; 4084
απίθανο; 4083
εκατοντάδες; 4081
κερδίσεις; 4077
ειδικός; 4075
βοηθήσουν; 4075
φησε; 4074
παντρευτεί; 4073
παντα; 4073
σούζαν; 4073
έγινες; 4070
μεγαλύτερος; 4069
έσωσες; 4069
στομάχι; 4064
παρουσία; 4063
πίνεις; 4060
μπουν; 4056
πήγαινέ; 4052
πίστεψε; 4052
τέχνη; 4051
φορτηγάκι; 4048
ουίσκι; 4047
φιλ; 4047
φιλενάδα; 4046
γαλλία; 4046
ανοιχτή; 4046
υπηρεσίες; 4044
ειμαστε; 4044
δολοφονήθηκε; 4038
ανοιχτά; 4037
χάνω; 4031
επιστρέψουμε; 4030
αυτοκίνητα; 4028
αλκοόλ; 4027
ψάρια; 4025
ρίξουμε; 4025
τζάκσον; 4024
εξαιρετικά; 4022
γαμημένη; 4020
μάγκα; 4017
ασφάλειας; 4017
ειδική; 4014
χαθεί; 4013
σημεία; 4013
προηγούμενα; 4011
αρχίσεις; 4009
γνωριμία; 4008
ανοίξεις; 4004
υπερβολικά; 4002
εξέταση; 4001
καταλαβαίνει; 3998
μέγεθος; 3998
χιλιόμετρα; 3998
μπορούσατε; 3996
τζέσι; 3993
λιγο; 3986
ερωτευμένος; 3986
μισά; 3984
αισθήματα; 3983
ξέραμε; 3979
φτιάξεις; 3978
εργοστάσιο; 3977
κυβερνήτης; 3977
άρχισα; 3976
κιμ; 3976
κωδικό; 3975
θέατρο; 3970
ενοχλεί; 3966
εκπληκτικό; 3966
νιώσεις; 3965
διευθυντή; 3964
συνθήκες; 3961
πετάξω; 3960
χειρουργείο; 3958
ροκ; 3956
τζ; 3955
εντυπωσιακό; 3953
περισσότερη; 3952
χιλιάρικα; 3949
δάσκαλε; 3948
μιλούσα; 3947
λούκας; 3946
γνωστό; 3944
κουρασμένος; 3944
ένιωθα; 3943
μηνύματα; 3943
περίεργη; 3937
τέιλορ; 3937
παιδιού; 3935
γω; 3935
σημείωμα; 3931
παράτησε; 3930
αγγλία; 3927
παράδεισο; 3922
βοηθήσετε; 3920
φεγγάρι; 3919
ύστερα; 3919
τηλέφωνό; 3918
πίτσα; 3913
ήξεραν; 3912
ίχνος; 3911
κέισι; 3908
οποιονδήποτε; 3907
σαμπάνια; 3907
ηλίθιοι; 3907
καθηγητά; 3903
τάιλερ; 3903
ρωτήσεις; 3902
επιταγή; 3900
έτοιμα; 3899
αλλάζουν; 3899
γκαράζ; 3898
κάθεται; 3896
ομορφιά; 3894
φέρεσαι; 3891
κοπέλες; 3890
πείραζε; 3890
επιστροφή; 3889
πορτοφόλι; 3889
έφαγε; 3888
δολλάρια; 3886
κάρεν; 3886
ψωμί; 3885
έπαιρνε; 3882
σπάσω; 3880
ονομάζεται; 3878
παίρνουμε; 3874
κανάλι; 3870
σκέφτεται; 3869
κόουλ; 3867
κόλπα; 3863
μεσάνυχτα; 3859
σοβαρή; 3857
άρχισαν; 3856
φαντάσου; 3856
νο; 3853
δουλεύουμε; 3852
υποσχέθηκα; 3849
ενισχύσεις; 3849
καθένα; 3849
τατουάζ; 3848
εαυτός; 3847
ροζ; 3845
ζητήσεις; 3844
αστυνόμε; 3844
κανα; 3840
δώσετε; 3838
κερδίσω; 3838
βουνό; 3837
ερχόμαστε; 3837
κυνήγι; 3831
τοποθεσία; 3829
ηθοποιός; 3827
ανοιχτό; 3826
ανέφερε; 3825
δόση; 3825
παρκ; 3824
αρχίδια; 3824
ασανσέρ; 3824
άποψη; 3823
γίνετε; 3822
μπορέσεις; 3821
βινς; 3820
χρησιμοποιήσουμε; 3819
ρώμη; 3818
βυζιά; 3818
ντζελες; 3817
ανοησίες; 3816
είσοδο; 3815
ηρθα; 3814
σύμπτωση; 3813
αρχείο; 3812
κάστρο; 3810
διαβάζω; 3810
αγώνας; 3810
αδέρφια; 3809
διαζύγιο; 3808
τυχεροί; 3806
φαντασία; 3804
φυσιολογικό; 3804
παγωτό; 3803
έκθεση; 3800
πιάνεις; 3793
παιδιών; 3792
τραύμα; 3789
ανυπομονώ; 3787
ευρώπη; 3785
σελίδα; 3783
προσπαθούσε; 3781
ύποπτος; 3780
χώρος; 3779
οικογένειας; 3778
μπάουερ; 3777
προκάλεσε; 3776
σκοπός; 3775
βραβείο; 3775
τάφο; 3774
γιορτή; 3773
βιβλιοθήκη; 3770
νου; 3769
πίνω; 3768
στρατιώτης; 3767
υπόλοιπη; 3765
πλήρωμα; 3765
με; 3761
φόνος; 3760
ετοιμαστείτε; 3760
χρονια; 3759
μάγισσα; 3759
υλικό; 3757
ακτή; 3753
γράφω; 3753
πολίτες; 3749
ψάξω; 3748
λίζα; 3747
ρίξει; 3746
θαυμάσιο; 3744
φτιάχνει; 3743
καλύτερες; 3742
γραμμές; 3738
πέρσι; 3738
μονάδες; 3737
ξεκινήσει; 3736
άδικο; 3736
αυτιά; 3735
σύζυγό; 3734
κατάρα; 3733
έδειξε; 3732
σωρό; 3725
κρατήστε; 3725
κλειστό; 3725
κουμπί; 3725
αθώος; 3724
καταιγίδα; 3723
παίζουμε; 3723
κοινωνία; 3722
προσέχετε; 3721
παιδια; 3719
πιάσεις; 3717
στρατιώτη; 3712
ζητήσει; 3712
χρήση; 3711
ντους; 3711
ακολουθήστε; 3703
γεννήθηκε; 3703
ουρά; 3703
γράψει; 3698
χανκ; 3698
βρίσκει; 3697
σκόνη; 3696
έστειλαν; 3696
αρχικά; 3694
ρόουζ; 3694
άργησα; 3693
φάρμακο; 3692
αμφιβάλλω; 3691
σταρ; 3691
επιφάνεια; 3689
αρχίζεις; 3688
σκότωσέ; 3687
αστέρι; 3684
φέτος; 3684
έως; 3680
προσέξτε; 3678
στυλ; 3678
φορούσε; 3677
μαμάς; 3675
θυμάται; 3675
χαζός; 3673
αντίθετο; 3672
καναπέ; 3671
θάρρος; 3668
ψέμματα; 3666
ρικ; 3665
στείλουμε; 3664
άδειο; 3662
πιάστε; 3662
κελί; 3660
νοιώθω; 3657
ευχαρίστως; 3656
ηρεμήστε; 3656
κώδικα; 3654
αίτηση; 3652
σύνορα; 3651
κρυφά; 3650
κέρδισε; 3648
κανόνας; 3647
λούις; 3646
πληρώνει; 3646
κοιμηθεί; 3645
αγαπούσα; 3642
αυτό; 3642
πανέμορφη; 3638
θεώ; 3633
δικαιολογία; 3633
κουράγιο; 3633
χλμ; 3632
συνέβαινε; 3630
ικανότητα; 3630
θέα; 3625
σενα; 3622
φωνάζεις; 3621
διαμέρισμά; 3621
πίνακα; 3621
συναντήσει; 3620
ρωτάω; 3619
νέας; 3618
αυγά; 3618
πηγαίνουν; 3616
επιθυμία; 3616
θεωρώ; 3614
γράφεις; 3611
ψώνια; 3610
προ; 3608
κατάλαβε; 3607
αγαπητέ; 3606
χτυπήσεις; 3606
εξηγήσεις; 3605
μοντέλο; 3603
ποινή; 3598
σπιτιού; 3598
αντικείμενο; 3598
φήμες; 3596
αναλάβει; 3596
χίλια; 3595
ρίσκο; 3594
περάσετε; 3593
έvα; 3591
ποιανού; 3590
σίγουρο; 3590
κατηγορία; 3587
χάουζ; 3586
ξέφυγε; 3584
κλινική; 3581
μαύρος; 3581
βοηθάς; 3580
παω; 3575
ερχομαι; 3575
απ'; τους; 3574
αργήσει; 3574
μιλήσαμε; 3573
κόψε; 3573
ασφαλή; 3572
εμφανιστεί; 3572
ψυγείο; 3572
μάρσαλ; 3572
εχθρό; 3570
περνάω; 3568
μεταφορά; 3568
φτάσω; 3564
πουλιά; 3561
λείπεις; 3561
μπαρτ; 3561
αγαπούσε; 3560
τζάστιν; 3560
παρακολουθεί; 3559
προχωρήσουμε; 3557
κοιτάξεις; 3557
παλτό; 3556
μεγαλειότατε; 3552
τυρί; 3552
μουσείο; 3550
χρονο; 3549
μάσκα; 3549
δώδεκα; 3547
περιοδικό; 3546
αδελφέ; 3546
κάνοντας; 3546
σίγουροι; 3545
ακολουθεί; 3542
μπάσταρδε; 3541
προσπαθήσεις; 3540
αγκαλιά; 3539
φαντάσματα; 3539
εξήγηση; 3537
φωνές; 3535
ωω; 3534
δουλεια; 3534
συναντηθούμε; 3534
κλαις; 3534
τηλεφώνησα; 3533
λίο; 3533
ευτυχία; 3530
χειρότερη; 3528
εκπαίδευση; 3527
φασαρία; 3526
ολο; 3525
οπουδήποτε; 3525
σκοτώνεις; 3525
μεσημέρι; 3521
τέξας; 3521
τιμ; 3521
απώλεια; 3517
υπέροχος; 3517
λείπουν; 3516
λιζ; 3514
τρομακτικό; 3512
πιεις; 3508
χαζή; 3508
νομιζω; 3507
συναντήσεις; 3506
χαμηλά; 3506
σοκολάτα; 3505
πηγαίναμε; 3502
πλήρωσε; 3501
χτύπησα; 3501
πάρκερ; 3500
υγεία; 3500
προσπαθήσουμε; 3496
αγγίζεις; 3496
έβγαλα; 3495
φορτίο; 3494
μαθητές; 3492
τζούλια; 3490
φάε; 3489
ενέργειας; 3486
χάνουμε; 3485
καταλάβουν; 3485
ελίζαμπεθ; 3485
παρεμπιπτόντως; 3480
κούπερ; 3476
ελέγχει; 3475
ιστορίας; 3474
δεδομένα; 3474
χρησιμοποιούν; 3473
δούλευα; 3469
μηδέν; 3467
ποιες; 3466
γι'αυτόν; 3464
μάχης; 3463
δώσουν; 3462
παρεξήγηση; 3455
επεισόδια; 3455
ικανότητες; 3453
εθνική; 3450
χρησιμοποιήσεις; 3446
συναρπαστικό; 3446
χτύπησες; 3445
μηχάνημα; 3444
έριξε; 3442
τζέρι; 3441
συνεργάτης; 3440
μάρκους; 3438
αμφιβολία; 3436
μπορέσει; 3434
μεταφραση; 3434
ντέρεκ; 3434
γουστάρω; 3431
ελεύθερα; 3429
εξαφανιστεί; 3428
κέρδισα; 3426
ξύπνησα; 3424
επίσκεψη; 3424
σκάφη; 3421
κινήσεις; 3418
άγρια; 3418
απλα; 3417
βαλίτσα; 3415
μαλάκες; 3414
σκιά; 3412
νέες; 3411
γκολφ; 3411
κοιμάμαι; 3410
τελειώσεις; 3407
ανοίγει; 3407
κάτσω; 3407
δάχτυλα; 3406
νεαρός; 3404
αυτοκτονία; 3404
γενέθλιά; 3402
κο; 3402
γυρίστε; 3399
κεφάλια; 3399
θόρυβο; 3396
κατεύθυνση; 3395
νεαρέ; 3395
νταμ; 3394
ήμουνα; 3391
ζωντανοί; 3390
προσέχει; 3389
τελετή; 3389
μάθε; 3389
ζούσε; 3386
ύποπτο; 3386
δουλειάς; 3386
αγώνες; 3385
πετάει; 3382
έβαλαν; 3380
μείνουν; 3380
πολιτεία; 3379
αμήν; 3379
εξοπλισμό; 3378
εκείνοι; 3374
φαίνομαι; 3373
σάιμον; 3372
πλούσιος; 3370
κυνηγάει; 3367
βλέμμα; 3366
καθηγητή; 3366
αντίδραση; 3363
οπωσδήποτε; 3362
βολή; 3362
έμοιαζε; 3359
τελειώνουμε; 3358
σκεφτείτε; 3357
τρώνε; 3357
αφήσουν; 3355
λάνα; 3355
καταπληκτική; 3353
άφησαν; 3352
νόμιζε; 3348
ιησού; 3343
αναφορές; 3343
αλλάξουμε; 3340
ωραια; 3339
χάνει; 3339
φοβόμουν; 3335
μάγια; 3333
δοκιμάσουμε; 3332
μικρές; 3329
αποδείξω; 3327
οικογένειες; 3326
συστήματα; 3324
στιβ; 3324
σταματήσουν; 3323
άμα; 3323
κέρδισες; 3321
φτάσεις; 3320
μισείς; 3318
ζήτημα; 3317
απαντήσω; 3316
δάσκαλος; 3313
βόμβες; 3311
συναίσθημα; 3310
μισέλ; 3310
μπόρεσες; 3309
φανταστώ; 3308
ζωη; 3308
ήχο; 3308
εκανες; 3308
δούλεψε; 3308
λειτουργία; 3303
παντρεμένη; 3303
αντίγραφο; 3302
σινεμά; 3301
φοβούνται; 3299
πράξεις; 3299
ταν; 3299
μαϊάμι; 3299
τρελάθηκες; 3298
δοκιμάσεις; 3297
διάβασε; 3297
λαό; 3295
αποφάσεις; 3295
εφόσον; 3292
ντουλάπα; 3288
πραγματικός; 3284
καζίνο; 3283
καλύτεροι; 3283
πήρατε; 3280
εισιτήριο; 3280
τιμωρία; 3278
πιάσαμε; 3278
μενα; 3278
κοστούμι; 3278
γήπεδο; 3277
βίκτορ; 3277
συγγραφέας; 3276
αέρας; 3275
ουάσιγκτον; 3273
νύφη; 3272
έρθουμε; 3271
τζόρνταν; 3269
υγειά; 3268
αγάπης; 3267
χάλασε; 3265
βάθος; 3265
γνωστός; 3264
όπλων; 3263
φτάνουν; 3263
λούσι; 3260
διαδρομή; 3259
αντάλλαγμα; 3257
έχε; 3256
δηλητήριο; 3253
βέβαιος; 3252
αλλαγές; 3251
γύρο; 3248
ουάου; 3244
πρώτον; 3243
τυχαία; 3242
σύνδεση; 3241
πλάσματα; 3240
αναλάβω; 3238
οργή; 3238
δημόσια; 3238
θυμωμένη; 3237
διασκεδαστικό; 3236
φαντάζεσαι; 3236
γερουσιαστή; 3235
κίνητρο; 3234
οποιοδήποτε; 3231
δυτικά; 3231
δρόμου; 3230
χαμένος; 3229
πληρώνω; 3229
γκόμενες; 3229
εχθρούς; 3228
τζούλι; 3228
δικαιώματα; 3227
φωνάξω; 3227
ξανακάνει; 3227
δικαστή; 3226
κρύβεται; 3226
ανάλυση; 3226
φαντάστηκα; 3225
τέρι; 3225
ενημερώσω; 3224
μπρος; 3223
ουάσινγκτον; 3219
επιχειρήσεις; 3219
καλέ; 3219
ζητάει; 3218
καθαρίσω; 3218
πανέμορφο; 3217
καταφύγιο; 3216
χρειαζόμουν; 3215
τηλέφωνα; 3213
νέοι; 3212
βενζίνη; 3211
πιστόλι; 3211
έξοδο; 3210
σ'αυτή; 3208
πουτάνα; 3208
τζάκι; 3207
λάρι; 3206
περήφανη; 3205
ντιν; 3205
μαγικό; 3204
τελείωσες; 3202
επικίνδυνος; 3201
οδήγησε; 3200
δικαστής; 3200
σπουδαίος; 3200
οποίος; 3200
δεδομένων; 3199
φώναξε; 3198
κανε; 3198
έρημο; 3197
απάτη; 3196
έπαιρνα; 3194
αστυνομικοί; 3194
σκεφτούμε; 3194
επομένως; 3193
έπιασαν; 3189
έφαγα; 3189
βουνά; 3188
τριάντα; 3188
αφήνουν; 3187
επιστήμη; 3186
μάθαμε; 3186
αυτοκίνητό; 3185
πόσους; 3184
λευκός; 3179
εμ; 3178
καλο; 3177
κατέβα; 3177
χτυπήσω; 3176
παράνομο; 3176
φρεντ; 3176
φυλή; 3175
γιαυτό; 3175
βλακεία; 3174
θεωρείς; 3171
συγγενείς; 3168
δωμάτια; 3168
μερα; 3167
περιβάλλον; 3166
ος; 3163
εγκέφαλο; 3163
τζος; 3162
καλοσύνη; 3162
υποστήριξη; 3161
σιντ; 3161
είσαι; 3160
βγήκα; 3157
παρ; 3156
μαντέψω; 3154
υπέρ; 3153
συμμορία; 3153
σιωπή; 3151
σενάριο; 3149
συνταγματάρχη; 3147
μυστήριο; 3147
συνεργασία; 3147
φέρνεις; 3146
τούρτα; 3146
γάμα; 3146
αστειεύομαι; 3145
μπαίνεις; 3145
επαγγελματίας; 3143
επιτέθηκε; 3142
αποφασίσει; 3141
κάρτες; 3140
απίστευτα; 3138
αντικείμενα; 3137
ολη; 3136
ίντερνετ; 3136
προσπαθώντας; 3133
κερδίζει; 3131
περάσουν; 3130
ψάξουμε; 3130
παράθυρα; 3129
μπραντ; 3129
έδινε; 3126
τρέξτε; 3125
περιμέναμε; 3125
αφότου; 3123
χειροπέδες; 3122
κλείσεις; 3121
καταλάβατε; 3121
κίνδυνος; 3120
κάλεσα; 3119
καλεί; 3119
όποια; 3119
φιλία; 3118
εκανε; 3116
μοναδικός; 3115
τελείωσαν; 3114
στηβ; 3114
ξεχωριστό; 3108
κόρης; 3107
σκάλες; 3107
αληθεια; 3106
βάλουν; 3105
προσφέρει; 3101
κύκλο; 3100
καλούς; 3100
νέιτ; 3100
βίνσεντ; 3100
τελική; 3099
αηδίες; 3098
πέτρες; 3097
κουνηθείς; 3096
εε; 3096
παράξενα; 3094
προτιμούσα; 3093
καλύτερους; 3093
κατω; 3092
ευγενικός; 3090
αμάξια; 3089
φυσική; 3088
φεύγουν; 3086
καθαρός; 3086
φτιάχνω; 3085
στ'αλήθεια; 3083
άφησέ; 3082
τσιγάρα; 3081
ανατολικά; 3078
τρελαθεί; 3078
ακολούθησε; 3078
φτερά; 3077
λη; 3075
βάζουν; 3075
αιμορραγία; 3075
γλυκός; 3072
πάθος; 3070
εικόνες; 3070
είδη; 3069
τούνελ; 3068
αμάντα; 3066
έκλεψες; 3066
περίεργος; 3065
γκρέις; 3065
απασχολεί; 3065
βαριά; 3064
πουκάμισο; 3064
απαιτεί; 3062
κοιτα; 3061
μιά; 3061
οθόνη; 3059
βάλ; 3056
χώρας; 3055
ιστορικό; 3053
γκραντ; 3052
ερώτημα; 3049
δουλέψεις; 3048
οδηγήσω; 3048
συναισθήματα; 3045
παρακολουθούν; 3043
γυναικα; 3043
κυρίου; 3042
κόνορ; 3042
σκοτώστε; 3041
δίκτυο; 3041
πατάτες; 3041
βοηθούσε; 3040
κουρασμένη; 3040
έπειτα; 3039
ξέχασε; 3038
αναφέρει; 3036
πετάς; 3033
φόβος; 3032
φωνάζουν; 3031
κενό; 3031
νόμισα; 3031
κλείστε; 3030
τηλεφωνήσεις; 3029
νύχια; 3025
μονοπάτι; 3024
διοικητής; 3023
κοιτάω; 3023
χέιλι; 3022
λέγαμε; 3021
τζόνσον; 3021
θα'πρεπε; 3020
έλειψες; 3018
ικανός; 3015
συγκεκριμένο; 3014
επαναλαμβάνω; 3012
σερίφης; 3012
κάρολ; 3012
πετάξει; 3011
κράτηση; 3011
πεπρωμένο; 3009
κομπιούτερ; 3009
νίκι; 3008
μπλέξει; 3007
ελεύθεροι; 3006
μεχρι; 3006
ης; 3004
συνεργάτες; 3003
φυσικό; 3002
διαβάσεις; 3002
μέσο; 3001
κατα; 3000
συναγερμός; 2997
πυροβόλησαν; 2995
γνώρισες; 2991
σπάνια; 2990
μποντ; 2990
γρήγορο; 2990
προφίλ; 2990
σκότωνε; 2989
μόνικα; 2989
μεσημεριανό; 2988
γκρέι; 2987
θερμοκρασία; 2987
ξεκινήσω; 2986
κακοί; 2986
εξηγεί; 2986
ικετεύω; 2985
ζάχαρη; 2985
κάλυψη; 2985
απ'; αυτό; 2984
περίοδο; 2982
λλη; 2981
κοίταξα; 2981
μάρθα; 2979
προσπαθήσει; 2977
αναπνοή; 2977
σημαντικά; 2976
τίνος; 2972
φάρμα; 2972
λίλι; 2971
λέσχη; 2970
γιός; 2969
δαίμονες; 2969
απαγορεύεται; 2968
τώρα; 2965
πεινάς; 2964
ανήκουν; 2963
χείλη; 2963
φιλαράκι; 2962
στάδιο; 2962
πεθαίνω; 2961
άγχος; 2960
προειδοποίηση; 2960
αστείος; 2959
σκοπεύω; 2958
κοιτάζω; 2958
έλλειψη; 2957
τελειώσουν; 2957
ιδιαίτερο; 2956
χαμόγελο; 2955
μάρτυρα; 2955
πλοία; 2955
λίνκολν; 2953
βγαίνουν; 2953
ανακάλυψε; 2951
κοιμήσου; 2951
νταγκ; 2950
προαίσθημα; 2949
αστέρια; 2948
έπιασες; 2946
ζήτω; 2945
ερωτευμένη; 2942
ασθένεια; 2939
πανω; 2938
πιει; 2938
τζένι; 2933
αξιωματικός; 2932
ειπε; 2930
χαίρω; 2930
καπετάνιε; 2930
μεγάλωσα; 2929
γουίλσον; 2929
χρησιμοποιήσει; 2928
ιδιοκτήτης; 2927
διαφορετικός; 2927
σιχαίνομαι; 2926
λας; 2925
σαιζόν; 2924
παλιός; 2923
είvαι; 2923
ύψος; 2921
κλερ; 2919
μπρουκ; 2919
ρεμπέκα; 2919
έδινα; 2918
ουτε; 2917
περνάμε; 2917
έφεραν; 2915
θύματος; 2915
μπλούζα; 2914
λου; 2914
έλεος; 2912
ακοής; 2912
ημερομηνία; 2911
εννέα; 2910
κέιτι; 2910
περασμένη; 2909
χτυπάς; 2909
εμπιστευτείς; 2909
αηδία; 2909
αγοράσεις; 2907
μιλήσετε; 2907
σήμαινε; 2906
τέρατα; 2904
καθρέφτη; 2904
τζίμυ; 2904
υποσχέθηκες; 2901
ψάξε; 2900
αφρική; 2900
σ'αρέσει; 2897
κανονίσει; 2895
κότσια; 2895
αδερφές; 2893
απ'; τις; 2893
παρακολουθώ; 2892
χαρακτήρα; 2892
νερού; 2892
μακρυά; 2889
βρεθούμε; 2886
συνέπειες; 2885
επίπεδα; 2884
τηλεφωνήσει; 2884
έφτασα; 2883
σταματάς; 2881
συστήσω; 2881
χρειάστηκε; 2881
τραγούδια; 2881
καρδιάς; 2878
νέους; 2878
σκοτώνουν; 2877
πυροβολήσεις; 2877
μάζεψε; 2877
θυμηθώ; 2874
προκαλέσει; 2874
γράψεις; 2874
σοφία; 2874
γιό; 2873
πώ; 2872
λίσα; 2871
σοκ; 2870
ελπίδες; 2869
αγοράσει; 2868
λέγομαι; 2868
βικ; 2868
δήλωση; 2861
παν; 2858
θεοί; 2856
βαθμούς; 2855
γκόρντον; 2854
ασύρματο; 2854
έβλεπε; 2851
πενήντα; 2851
πιάτο; 2850
βαρύ; 2848
οποιοσδήποτε; 2848
σκάλα; 2848
υγρό; 2844
ανέβα; 2843
σύμβουλος; 2843
δίσκο; 2843
κουσες; 2842
εμφάνιση; 2841
πίνει; 2841
παραμένει; 2840
ενδιαφέρεται; 2838
κόκκινη; 2837
πιλότος; 2835
ποδήλατο; 2835
μάιλς; 2834
ολίβια; 2834
υπόλοιπους; 2833
ευγνώμων; 2833
πύργο; 2831
νερά; 2831
πετάξεις; 2830
πέφτουν; 2830
ποσό; 2830
κίνα; 2830
ανάποδα; 2830
επικίνδυνη; 2828
φρόντο; 2827
χορός; 2826
αγοράκι; 2826
διάσημος; 2826
αμοιβή; 2825
καυτό; 2824
κλέψει; 2822
πρώτοι; 2820
αυτοκινήτου; 2820
μπελ; 2820
ταυτόχρονα; 2819
υπογραφή; 2818
συνάντησα; 2817
βάρδια; 2817
κλείσουμε; 2814
στρατηγό; 2812
πάντες; 2812
ρώτησες; 2809
μες; 2809
χμ; 2808
ειδικό; 2807
δάχτυλο; 2806
τηλεφωνήματα; 2805
υπουργείο; 2804
τρομοκράτες; 2802
εργασίας; 2801
εγγύηση; 2800
τέχνης; 2798
νεαρή; 2797
χώμα; 2797
ρυθμό; 2796
οίκο; 2794
διαφορετικές; 2794
γριά; 2794
κατάλληλο; 2794
σχέδιό; 2792
φάτε; 2792
ειχε; 2791
σούπα; 2788
ετοιμάσου; 2788
νά; 2787
ευχαρίστηση; 2786
τησ; 2786
λογαριασμούς; 2784
δεύτερος; 2782
γιορτάσουμε; 2782
προσπάθησες; 2781
τρίχες; 2781
κωδικός; 2781
συλλογή; 2780
θελεις; 2779
όργανα; 2779
πέρνα; 2778
συμπαθώ; 2777
αv; 2777
πιό; 2775
δεύτερον; 2775
γείτονες; 2775
σταματάει; 2775
αξίζουν; 2775
ρθουρ; 2775
ενδιαφέρουσα; 2774
συνεχίσει; 2773
πυρά; 2772
μαύρα; 2772
χειριστώ; 2771
κακιά; 2771
κανουμε; 2769
συνειδητοποίησα; 2769
ξεκινάει; 2768
ιό; 2768
καλέσει; 2767
τρελά; 2766
αστυνόμος; 2765
τολμάς; 2765
θάλαμο; 2765
έπαιζε; 2765
φέρουν; 2764
χιλ; 2764
περιστατικό; 2763
πρώτες; 2763
ανν; 2763
χρόνων; 2762
ακούσουμε; 2762
σύλληψη; 2761
λίρες; 2760
στείλεις; 2758
αλλη; 2757
λυπάσαι; 2757
γκρεγκ; 2757
έρευνας; 2755
ανοιξε; 2755
χόρτο; 2755
υόρκης; 2755
παρόλο; 2752
κερδίσουμε; 2752
πέρυσι; 2751
δεχτώ; 2751
κολλήσει; 2751
τροφή; 2751
πυροβολήσω; 2750
μπίλυ; 2750
ειστε; 2749
προστατέψω; 2749
συγκρότημα; 2748
χαριτωμένο; 2747
στυλό; 2747
κόψει; 2746
μπράουν; 2745
έγγραφα; 2745
ρόι; 2745
λογικά; 2744
προστατεύει; 2744
κατέβασε; 2741
διαμάντια; 2740
γελάς; 2739
ανακάλυψα; 2738
κατάθεση; 2737
γνώση; 2735
πάψε; 2735
συνεργάτη; 2735
πάτρικ; 2734
χριστός; 2734
πέτυχε; 2731
κρατούσε; 2730
κανονικό; 2729
πλήρως; 2728
απτο; 2728
πρόσωπα; 2726
κοιτάει; 2726
έπεσα; 2726
ζήτα; 2725
επίδειξη; 2725
ψεύτης; 2724
ρόμπιν; 2724
δείξουμε; 2723
ντέξτερ; 2721
τράβηξε; 2719
γνωρίζουν; 2719
λαίδη; 2717
δύναμή; 2716
ειπα; 2716
ιησούς; 2716
φίδι; 2716
ελέγξουμε; 2715
χόμερ; 2713
κοιτάτε; 2712
καθε; 2711
κάρλος; 2711
νιώσω; 2710
νύχτες; 2709
ξέρατε; 2709
χιούμορ; 2709
νεύρα; 2708
συμβουλές; 2707
σάρκα; 2704
επέμβαση; 2704
στιγμής; 2702
προχωρήστε; 2701
ξύπνιος; 2701
δημιουργία; 2699
λεει; 2699
σακούλα; 2699
σταμάτησα; 2696
κόκα; 2696
έβγαλες; 2694
εργαλεία; 2693
εμπιστευτώ; 2692
πάτα; 2689
ζωντανά; 2688
συζητήσω; 2686
προσβολή; 2686
φτάσουν; 2684
κεντ; 2683
φύλακας; 2682
τρέισι; 2682
άμεσα; 2682
τέταρτο; 2681
γεννήθηκα; 2681
ένεση; 2680
τρέχεις; 2679
νικήσει; 2679
νούμερα; 2675
ντριου; 2675
δεύτερα; 2672
λις; 2672
φόνους; 2671
μόνα; 2670
ανοίξουμε; 2670
μπότες; 2669
επικοινωνία; 2664
όσον; 2663
εξέλιξη; 2663
ψεύτικο; 2662
να'σαι; 2662
στρατόπεδο; 2661
τρελοί; 2658
γιά; 2658
λέγατε; 2657
ρίχνει; 2657
έστειλες; 2656
διοίκηση; 2654
ντικ; 2654
στείλουν; 2654
καλ; 2654
προφανές; 2654
εαυτούς; 2653
αηδιαστικό; 2653
καλέσουμε; 2653
άφηνε; 2652
βήματα; 2652
περισσότερους; 2650
μάγος; 2650
κρανίο; 2650
ακουστά; 2649
κι; 2648
επιστρέφει; 2647
πλήθος; 2645
ρον; 2645
πληρώνουν; 2644
πάς; 2642
εννοεί; 2642
σάλι; 2637
βρέθηκαν; 2637
υπηρεσίας; 2636
πoύ; 2636
πτώση; 2636
διάβασες; 2634
ζούγκλα; 2632
δίνετε; 2630
κλέφτης; 2629
αν; 2629
θάνατό; 2628
βίας; 2626
αυτί; 2626
λές; 2625
τηλεφώνησες; 2625
ψυχές; 2623
υπολοχαγέ; 2622
γνωριστήκαμε; 2621
φωνάζει; 2620
σταθείτε; 2620
μαστε; 2620
φρικιό; 2618
ενδιαφέρομαι; 2618
οδηγό; 2616
χαλάσει; 2615
πιθανώς; 2613
βγουν; 2612
έμεινα; 2612
ίδιοι; 2610
έρωτας; 2609
μίλερ; 2608
χρησιμοποιώ; 2608
ξεπεράσει; 2607
μεγάλωσε; 2606
έλεγχος; 2606
μπαίνω; 2606
χάρυ; 2606
πάντοτε; 2606
κυρά; 2603
ήρωα; 2603
ανόητος; 2602
ενδιαφέρεσαι; 2602
παει; 2600
πείσω; 2600
χαν; 2600
διαγωνισμό; 2600
προτιμάς; 2599
κλήσεις; 2599
σκοτωθεί; 2598
αι; 2598
πουλήσω; 2596
κοστίζει; 2596
τηλεφώνησέ; 2596
βιετνάμ; 2596
παρακολούθηση; 2594
σημειώσεις; 2593
γκας; 2592
πολύτιμο; 2591
άγνωστο; 2590
γόνατα; 2590
κατάστημα; 2589
βασίλειο; 2588
γυρίζει; 2587
ψάχνετε; 2587
χωρις; 2586
μπόρεσε; 2585
κεντρικό; 2585
φορέσω; 2583
κοιμήθηκες; 2583
κέικ; 2582
μιλώντας; 2580
κοιλιά; 2580
πιστέψει; 2580
συγκέντρωση; 2579
πήγαινες; 2579
φορα; 2577
μίσος; 2576
νεντ; 2576
πλάι; 2573
ποιοί; 2573
κανά; 2573
δείγματα; 2573
είμαι; 2573
ιράκ; 2573
ποιους; 2572
βοήθησες; 2572
γίνομαι; 2572
έλεγξε; 2572
ξυπνήσει; 2571
ντένις; 2569
παλιές; 2568
λαός; 2568
πέστε; 2566
σημαία; 2566
παντρεμένοι; 2565
οικονομικά; 2565
ρίξτε; 2565
θεωρεί; 2565
πλανήτης; 2565
έμενε; 2563
ρεκόρ; 2563
σακάκι; 2562
ασυνήθιστο; 2562
δυό; 2560
ελέγχω; 2560
άλλαξαν; 2560
τετάρτη; 2559
εκείνες; 2559
μοιάζω; 2558
κρύβει; 2557
δίνουμε; 2555
εύκολη; 2555
στηv; 2553
οργάνωση; 2551
καλέστε; 2551
ελπίσουμε; 2550
μήνυση; 2549
χιόνι; 2547
ήταv; 2547
εκρηκτικά; 2544
αρνητικό; 2543
σάρλοτ; 2541
στρατιωτική; 2540
σκοπεύεις; 2540
εγκεφάλου; 2538
κάλεσες; 2536
απόλυτη; 2536
έλειπε; 2536
κοιμήθηκα; 2536
πίστεψα; 2535
αρκούδα; 2535
σεξουαλική; 2535
βοηθό; 2534
οδηγείς; 2534
συνηθισμένο; 2534
ονομάζομαι; 2533
ακτίνα; 2531
ήρωες; 2528
προηγούμενο; 2527
γνωστή; 2526
μίτσελ; 2526
κάτσεις; 2525
χτυπήθηκε; 2523
οπτική; 2523
τοντ; 2523
φύλακες; 2522
καταστρέψεις; 2521
φόρμα; 2521
μαν; 2521
φρικτό; 2520
ρθεις; 2520
ερλ; 2520
μανχάταν; 2518
ξόρκι; 2518
κεφάλαιο; 2516
καριόλη; 2516
συμφωνείς; 2515
καυτή; 2515
σκανδάλη; 2514
κριστίνα; 2514
ταιριάζουν; 2513
υπεύθυνη; 2512
κλαίει; 2512
χένρυ; 2511
σάλτσα; 2510
ανόητο; 2508
φίλου; 2507
λατρεύει; 2507
καφές; 2505
πόλεις; 2505
μπουθ; 2505
έφαγες; 2504
πρόβα; 2504
εφιάλτης; 2502
μπέιζμπολ; 2502
λειτουργούν; 2500
νικητής; 2498
γρήγορος; 2495
ευτυχισμένοι; 2495
ποδόσφαιρο; 2494
νοιάζομαι; 2494
άμεση; 2494
όριο; 2492
απλός; 2491
καλη; 2491
στέγη; 2491
συνηθίσει; 2491
ανάμεσά; 2489
στούντιο; 2489
έβαν; 2488
αδυναμία; 2487
συνταγματάρχης; 2486
υποσχέσου; 2486
παντρευτούμε; 2486
φυσιολογικά; 2486
φόνου; 2484
άσκηση; 2484
ρθει; 2483
σκέφτηκε; 2483
πεθαίνεις; 2482
δαίμονας; 2481
καλυτερα; 2477
πουλάει; 2476
αμερικής; 2474
συγκεντρώσου; 2474
κατέστρεψε; 2474
κύμα; 2474
χάος; 2474
κέιν; 2473
φράνκι; 2472
δεχτεί; 2471
πάιπερ; 2471
φοβερός; 2470
σού; 2470
γυρίζω; 2470
ευτυχισμένο; 2469
σκοτώθηκαν; 2469
ήχος; 2469
συζητήσεις; 2468
πρόσκληση; 2465
ανά; 2461
εκραγεί; 2461
μπύρες; 2460
αμέ; 2459
ανταλλαγή; 2456
αιώνες; 2454
κέλι; 2453
αρχίσαμε; 2453
αυτοκτόνησε; 2453
μπισκότα; 2452
ξανθιά; 2452
νταντά; 2452
ακίνητοι; 2450
κλουβί; 2448
θυμήθηκα; 2447
πρωταθλητής; 2447
λόγκαν; 2447
πέος; 2447
ονομα; 2446
τρομερή; 2446
μαλακό; 2446
πήδα; 2446
όνειρά; 2444
φέρνω; 2444
άφηνα; 2444
λαμβάνεις; 2444
χίτλερ; 2444
πάθεις; 2443
τος; 2443
νοιάζεσαι; 2441
πιάνω; 2441
κρατάμε; 2441
εγώ; 2440
ατμόσφαιρα; 2440
πα; 2438
πείραμα; 2435
σηκωθείτε; 2435
τοίχους; 2435
λέγοντας; 2434
μπαμπάκα; 2434
μάτσο; 2432
ρχισε; 2432
ηξερα; 2431
σέιν; 2431
κώμα; 2430
λίντα; 2430
εγκλήματα; 2429
σχήμα; 2428
μπαίνουν; 2427
αρχίζουν; 2426
πίτα; 2424
ντέιλ; 2424
μαθαίνω; 2423
υπόσχεση; 2423
αποτυχία; 2422
γενναίος; 2422
εντάξει; 2422
σύμβολο; 2421
ίσα; 2421
φλόριντα; 2420
επόμενες; 2419
προαγωγή; 2419
ένδειξη; 2419
μέρεντιθ; 2419
μονάχα; 2418
σημερα; 2418
κλείνει; 2418
ίδρυμα; 2418
πάσο; 2417
επίσημα; 2416
πρόσεξα; 2415
συνεχίζει; 2413
ειχα; 2413
χάθηκαν; 2411
εσωτερικό; 2410
ενδείξεις; 2410
συνταγματάρχα; 2409
εξαιρετική; 2409
διπλό; 2408
συγκεκριμένα; 2407
ημέρας; 2406
διάβολε; 2406
συζητάμε; 2406
βάλτο; 2406
κουλ; 2405
παλάτι; 2404
κρέμα; 2403
σεφ; 2402
πιασα; 2402
πήγαιναν; 2401
κατασκήνωση; 2400
ισχύ; 2400
τσάρλυ; 2400
γιανγκ; 2400
πρίν; 2399
φέρ; 2399
τό; 2399
βλάβη; 2399
θυσία; 2398
λλο; 2398
προπόνηση; 2398
έψαξα; 2398
έσκασε; 2398
μπορουμε; 2397
δόλωμα; 2396
ξεφύγεις; 2396
ντρέπομαι; 2394
ελα; 2392
σχολείου; 2391
κόψεις; 2391
σι; 2391
αεροπλάνα; 2389
μεγαλώσει; 2388
τσάντλερ; 2388
νόμους; 2387
όρους; 2387
αλλάξουν; 2387
ούτως; 2387
πέρασμα; 2385
κινδυνεύει; 2385
στείλτε; 2384
οδός; 2384
κοιτάζει; 2384
προέδρου; 2383
δια; 2383
κτήνος; 2383
έβλεπες; 2383
μπάσκετ; 2383
μπεθ; 2383
πειράξει; 2381
κυριολεκτικά; 2380
γυναικών; 2379
περιπτώσεις; 2379
νεα; 2379
ξανασυμβεί; 2379
επικίνδυνα; 2378
τριών; 2378
κρατάνε; 2377
τρώμε; 2376
εκείνους; 2376
εμπορικό; 2374
παίξε; 2374
συμπαθεί; 2374
συνταγή; 2374
ερχόμουν; 2374
πάρκινγκ; 2373
ζήσουμε; 2372
κολλέγιο; 2372
λευκή; 2371
πληγή; 2369
εσώρουχα; 2368
σαλόνι; 2367
μαθηματικά; 2367
συναυλία; 2366
γερμανία; 2366
αποτύπωμα; 2365
καθάρματα; 2364
φίλιπ; 2363
εξάσκηση; 2363
γεμάτος; 2363
μαγικά; 2363
περίφημα; 2362
χρηματοκιβώτιο; 2362
σπηλιά; 2362
πουλήσει; 2361
μπρους; 2361
ακουσα; 2360
πείς; 2359
ρισκάρω; 2358
κώλος; 2358
έμειναν; 2356
αναγνώριση; 2356
έγραψες; 2356
πληρώνεις; 2356
σόφι; 2356
αύξηση; 2354
σήκωσέ; 2354
σωστός; 2354
σκεφτόσουν; 2354
νεαρό; 2353
βερολίνο; 2353
βγαίνουμε; 2353
κόλλησε; 2352
κυρια; 2350
παράλογο; 2350
άγγελος; 2349
δρα; 2349
ντόνα; 2349
μαθαίνεις; 2348
υγείας; 2346
συντεταγμένες; 2346
φτιάχνεις; 2344
ντάνυ; 2343
μμ; 2342
συστήματος; 2341
πλευρό; 2340
κοινωνική; 2339
θεε; 2339
μιλούσαμε; 2339
πιάνο; 2337
ωραίες; 2337
παντρεύτηκε; 2337
μαμα; 2337
ρίτα; 2337
ξεχωριστή; 2336
αγωγή; 2336
πηγές; 2334
διάβολος; 2333
τίτλο; 2333
φανταστείς; 2332
σκάσει; 2332
λεω; 2332
γάτες; 2332
ευθεία; 2331
κάρλα; 2330
κατηγορείς; 2329
στροφή; 2328
έκλεψα; 2328
μπάφυ; 2327
χάρολντ; 2326
διαλέξεις; 2325
αναμονή; 2325
καταστραφεί; 2323
συμφωνήσαμε; 2323
γυρεύεις; 2321
γίνε; 2320
τζόναθαν; 2319
ανάγκης; 2319
παρα; 2318
ναυτικό; 2318
φάνε; 2318
φόρα; 2318
λισον; 2318
έξοδα; 2317
αριθμούς; 2317
συμπτώματα; 2317
καίγεται; 2316
καταστράφηκε; 2316
δευτερόλεπτο; 2316
αξίζεις; 2316
πάσα; 2314
επίτηδες; 2313
μαρί; 2313
ράντι; 2313
δείχνω; 2312
γαλλικά; 2311
έρευνες; 2311
αναφέρεις; 2309
ίδιες; 2309
ξυπνήσεις; 2309
παρακολουθείς; 2308
ξαναδείς; 2308
ιδιαιτέρως; 2308
αδέλφια; 2307
κλειστά; 2307
διάλεξες; 2307
ρομαντικό; 2307
ανατολή; 2305
επισκέπτες; 2305
γουστάρει; 2305
εγκληματίες; 2304
ανάθεμα; 2304
επιστήμονες; 2304
τζάμπα; 2304
φάτσα; 2303
περιοχές; 2302
μοναξιά; 2300
συναγερμό; 2300
ελέγξεις; 2299
γυμναστήριο; 2298
αιώνια; 2297
φωτός; 2296
ρεπό; 2295
στρατού; 2293
πέσω; 2292
πίστευες; 2292
χοντρό; 2292
κουνιέσαι; 2292
τραύματα; 2291
εμφανίζεται; 2290
νικόλ; 2289
ιατρικό; 2289
πέιτζ; 2289
αδύναμος; 2288
μπήκαν; 2287
τεχνική; 2287
γρήγορη; 2286
έπεσαν; 2285
πισινό; 2285
βαθμό; 2284
εύα; 2284
κόρες; 2283
παρόλα; 2282
χορέψουμε; 2280
αργήσω; 2280
έσωσα; 2278
καθαρίσει; 2277
έφτιαξες; 2276
εξωτερικό; 2275
έννοια; 2275
κιθ; 2275
χρήσιμο; 2274
πρόκληση; 2274
τόπος; 2274
υποφέρει; 2274
μάγκι; 2272
χαμένη; 2271
παράξενη; 2271
όρο; 2271
βγήκαν; 2271
έλαβα; 2271
υπόψη; 2270
άσπρο; 2268
έκοψε; 2268
μπόμπυ; 2268
κόκκινα; 2267
καποιος; 2266
κάθησε; 2264
αποτελεί; 2263
θά; 2262
τροχιά; 2262
αντίθετα; 2261
διαβάζει; 2260
νικήσουμε; 2259
κλοπή; 2259
καρφί; 2259
έιμι; 2259
λιγότερα; 2258
απ'; ότι; 2257
ωκεανό; 2257
εεε; 2256
ακούσετε; 2255
θελει; 2254
πουλάς; 2254
σταρκ; 2252
έψαχνε; 2251
σώματος; 2250
ψάρεμα; 2250
καίει; 2249
σιγουρευτώ; 2249
φοβάστε; 2247
δημοσιογράφος; 2247
πιείτε; 2247
απίστευτη; 2247
ιός; 2247
φέρεται; 2246
πίπα; 2246
αντέξω; 2245
όραμα; 2245
απόλυτο; 2245
καταστρέψω; 2244
λίγους; 2244
ευχαριστώ; 2244
ντην; 2244
αυτον; 2243
ηρεμήσεις; 2242
υπάλληλος; 2241
ντρέπεσαι; 2241
έκλεψαν; 2240
γερουσιαστής; 2238
μπερκ; 2238
επιτρέψω; 2238
γουίλι; 2238
δικαιοσύνης; 2236
τσούλα; 2236
έμιλι; 2235
ακριβό; 2235
παρατήσεις; 2235
ρωτήσει; 2235
ιδιωτικό; 2235
δασκάλα; 2235
αντέξει; 2234
βγάζουν; 2234
κατοχή; 2234
ετοιμος; 2233
σκέτη; 2233
καύσιμα; 2233
γραβάτα; 2232
γκιμπς; 2232
καταραμένο; 2231
πέσεις; 2231
σεζόν; 2230
βρισκόταν; 2230
ακούμε; 2229
φρουροί; 2229
κουίν; 2229
σταματήσετε; 2228
πρωτάθλημα; 2227
σλόαν; 2226
γνώριζε; 2225
φτιάχνουν; 2225
στέλνω; 2224
σύνταξη; 2223
τελείωνε; 2223
περιέχει; 2223
αρρώστια; 2223
γυμνή; 2222
πάτο; 2222
μήκος; 2222
νόμου; 2221
βοηθάω; 2221
θρησκεία; 2220
χορού; 2218
απασχολημένη; 2215
μεγαλώνει; 2215
τίμημα; 2214
ώμο; 2214
νικήσεις; 2214
περνάνε; 2213
άλλως; 2213
απόπειρα; 2213
φορέσεις; 2212
λείψει; 2212
βοήθησα; 2211
περιπέτεια; 2210
ονόματι; 2210
επιθέσεις; 2210
τραίνο; 2206
εμπόδιο; 2206
απαγωγή; 2205
μούρη; 2205
ακούσαμε; 2205
ρόνι; 2204
βαμπίρ; 2203
σηκώστε; 2203
ρίχνεις; 2203
καρδιακή; 2203
καταστάσεις; 2203
πούλησε; 2202
στολές; 2201
μανούλα; 2201
φρανσίσκο; 2201
φροντίσει; 2200
αστυνομικούς; 2200
κάθισμα; 2200
άρεσαν; 2197
σέπαρντ; 2197
ασπίδα; 2197
όνειρό; 2196
γάντια; 2194
αγγίξεις; 2194
πιστέψτε; 2194
ράσελ; 2194
αγαπάμε; 2194
σαμάνθα; 2194
πέιτον; 2193
έβρισκα; 2192
ακρόαση; 2191
ραδιόφωνο; 2191
αφησέ; 2190
παιδική; 2190
νιώσει; 2189
πραγματα; 2189
σκοτώνω; 2188
ύπνος; 2188
κέρδη; 2188
όβερ; 2188
εταιρίας; 2187
σημαίνουν; 2184
αντίσταση; 2183
φίσερ; 2183
επιτρέψτε; 2182
τρείς; 2182
διακόπτω; 2181
εισαγγελέα; 2181
χρυσή; 2180
βαρετό; 2180
κανονική; 2180
έιντζελ; 2180
στοιχηματίζω; 2179
καταλάβουμε; 2179
υπερβολική; 2179
παραδέχομαι; 2179
κοσμήματα; 2178
έτυχε; 2178
ξεχάσουμε; 2178
μοτέλ; 2178
δοκιμασία; 2176
πιστός; 2175
αντιμετωπίσω; 2175
τζέιμι; 2174
ον; 2172
σημαντικός; 2172
ντέιβις; 2171
σελίδες; 2170
φυσιολογική; 2168
ολες; 2167
προδοσία; 2166
άμυνα; 2165
τρομερά; 2165
ριντ; 2165
τον; 2164
κανονίσουμε; 2164
εαν; 2162
ομιλία; 2161
γνώριζα; 2161
γερμανοί; 2161
εϊ; 2160
σκοτεινή; 2159
ρεντ; 2158
πρόποση; 2158
ακούγεσαι; 2158
πήγατε; 2157
κλείνω; 2157
λιμάνι; 2157
μέτωπο; 2156
μισθό; 2156
μασάζ; 2156
βέρα; 2155
τραγωδία; 2154
κλέβει; 2154
κρίστιαν; 2154
νομίζαμε; 2153
ρωτάει; 2153
κατάσκοπος; 2153
μίλι; 2153
καρδιές; 2152
ξύπνησε; 2151
άλμα; 2151
σκασμό; 2151
κρύβεις; 2150
επιτρέπει; 2150
κινγκ; 2150
τζιλ; 2149
γυρίσουν; 2149
βάλετε; 2147
διοικητή; 2146
γκριν; 2146
κατέληξε; 2145
μεγάλοι; 2145
πάλμερ; 2145
άδειά; 2143
γρηγορα; 2142
βασίλη; 2142
πτέρυγα; 2142
καλέσεις; 2141
τόμυ; 2141
αντιμετωπίσεις; 2141
γιατρούς; 2140
ποσο; 2139
αέριο; 2138
κεντρική; 2138
στης; 2136
πολλα; 2135
ανάγκες; 2133
παίρνετε; 2133
χώρες; 2132
δήμαρχος; 2132
μεγαλύτερα; 2132
ερχόσουν; 2132
κτήριο; 2132
ακολουθούν; 2131
ασχολείσαι; 2131
πείσεις; 2130
κόψουμε; 2129
αμάν; 2128
καταλάβετε; 2128
θέαμα; 2128
σκέφτονται; 2128
βγάλουν; 2127
δύσκολες; 2127
αισθήσεις; 2127
γουέιν; 2127
χάνα; 2126
χαίρετε; 2125
γυμνάσιο; 2125
φωτιάς; 2124
κρατά; 2124
κατάστασή; 2123
δολαρίων; 2122
αθώα; 2121
χάρισμα; 2120
καθ; 2120
βγήκες; 2120
ννι; 2120
συντομότερο; 2119
άλλαξες; 2118
φασαρίες; 2118
κοινή; 2116
ευχάριστη; 2116
ένταση; 2115
χρυσάφι; 2115
στέκεσαι; 2115
πόκερ; 2114
παγκόσμιο; 2114
φροντίζω; 2112
ενοχλώ; 2111
έργα; 2111
δουλέψουμε; 2111
νομική; 2111
προειδοποιώ; 2110
νίνα; 2108
υπεύθυνο; 2106
πυροβολήσει; 2106
αρχαία; 2106
βιάζεσαι; 2105
προπονητή; 2105
φροντίζει; 2103
πληγές; 2103
αμαρτία; 2102
σκοτεινά; 2102
αγενής; 2102
λείψεις; 2102
γνώρισε; 2101
τζένιφερ; 2101
έκφραση; 2100
ανάκριση; 2100
εννοείται; 2100
δεκαετία; 2100
μπρέναν; 2100
πολεμήσουμε; 2099
παραμείνει; 2098
έκλεισα; 2098
ανθρωπότητα; 2097
έτος; 2096
αναζήτηση; 2095
πονάς; 2095
αρέσω; 2095
δολάριο; 2095
δυνατότητα; 2094
θεούλη; 2094
δον; 2092
προσευχή; 2092
αισθάνεται; 2092
βρίσκουν; 2091
ουσιαστικά; 2091
αμερικανοί; 2090
εχθροί; 2089
υπ; 2089
αρα; 2088
ιερό; 2087
οξυγόνο; 2087
λεωφόρο; 2086
μένουμε; 2085
έντουαρντ; 2085
ντιέγκο; 2085
προτείνεις; 2084
πλησιάζεις; 2084
λέοναρντ; 2084
άχρηστος; 2083
λόφο; 2083
τοv; 2083
μυρίζεις; 2083
πρίγκιπα; 2082
δέχεται; 2081
επανάσταση; 2081
δαίμονα; 2080
δοκιμή; 2080
ερχονται; 2079
δοκιμάσει; 2079
μπένετ; 2079
τέτοιος; 2078
ξεκίνησαν; 2078
συγχώρεσέ; 2077
πορτ; 2077
κόλινς; 2077
όρκο; 2076
στέλνουν; 2076
πεζοναύτες; 2076
παραμύθι; 2075
ζόρι; 2074
άρωμα; 2073
γινει; 2073
ναό; 2072
ξεκίνησα; 2072
γουρούνια; 2072
λεγα; 2071
δύση; 2071
ειδικές; 2071
λενε; 2070
κυβερνήτα; 2070
μπάτσο; 2068
μέρας; 2067
τελικό; 2067
ραντάρ; 2067
φταίξιμο; 2065
πετσέτα; 2065
μόλυνση; 2065
μπανιέρα; 2064
λεφτα; 2064
οδηγήσεις; 2063
πετάω; 2063
στοπ; 2063
κόλλα; 2062
στήλη; 2061
ζευγάρια; 2059
αλυσίδα; 2058
βαλίτσες; 2058
μέρι; 2058
ακούστηκε; 2057
δημιούργησε; 2056
καπετάνιος; 2055
τρύπες; 2055
κόστος; 2055
πιάτα; 2054
συγκεκριμένη; 2054
ετοιμοι; 2054
καλώ; 2053
καί; 2053
μόνον; 2051
χρησιμοποιούμε; 2051
νεκροταφείο; 2050
καλωσήρθατε; 2049
κακές; 2048
αδελφότητα; 2048
κανόνισε; 2047
πέθανες; 2047
μιλούσες; 2046
εξι; 2046
εσύ; 2046
γουόκερ; 2046
χαμένο; 2045
μπίσοπ; 2045
βιαστείτε; 2044
πυροβολείτε; 2044
κλόουν; 2044
κοστίσει; 2044
οδηγούν; 2043
δώσαμε; 2043
ξυπνήσω; 2042
εταιρείας; 2041
υποθέσουμε; 2040
πλούσια; 2039
έκδοση; 2038
σπάει; 2038
φανταστική; 2038
σκοτώσετε; 2037
σπάσεις; 2037
κουτιά; 2037
είσοδος; 2036
νευρικός; 2036
ανήκεις; 2035
μαρτζ; 2035
μπάσταρδος; 2034
παναγία; 2034
πυρετό; 2034
επέστρεψα; 2034
σεθ; 2034
κορμί; 2033
αρχίζουμε; 2032
φιλήσω; 2031
επιθεωρητά; 2031
σ'αυτόν; 2031
σωστα; 2031
πηγαινε; 2030
προέρχεται; 2030
καλλιτέχνης; 2029
άμμο; 2028
ανακαλύψει; 2028
επιρροή; 2027
εσωτερική; 2026
βοήθα; 2025
κάν'το; 2025
καλώδιο; 2024
εργάτες; 2023
θέληση; 2023
σίντνεϊ; 2023
αφήνουμε; 2022
κάλτσες; 2022
περιγραφή; 2022
ξίφος; 2021
τακτοποιήσω; 2021
βρέχει; 2020
τρέχουν; 2020
νύχτας; 2019
χρέος; 2019
σύγκρουση; 2018
παντρεύτηκα; 2018
παιχνιδιού; 2018
αγαπά; 2017
χοντρός; 2017
διαφήμιση; 2017
πρόσεξες; 2017
ευκαιρίες; 2016
πλήρωσα; 2016
ήθαν; 2015
έφτασαν; 2014
πνεύματα; 2014
οικογενειακή; 2013
έλεγξα; 2013
δημοκρατία; 2013
κερδίζεις; 2012
τρομάζει; 2012
χυμό; 2012
παιδι; 2011
ανεβαίνει; 2011
νοιώθεις; 2010
παρατάς; 2010
γαλαξία; 2010
τραβήξω; 2009
λοχαγός; 2007
εγκληματίας; 2007
υπολογιστές; 2007
ακριβά; 2006
αποφασίσεις; 2006
μάθιου; 2006
ντοκ; 2006
τζέικομπ; 2006
ρι; 2004
δειλός; 2003
εφυγε; 2003
τζετ; 2003
απαραίτητα; 2002
θλίψη; 2001
καλύψει; 2001
σκοινί; 2000
βερόνικα; 2000
πλησιάζουν; 1999
ξαναπάρω; 1999
νάνσι; 1999
ανόητη; 1998
κεράσω; 1998
πρίγκιπας; 1997
άλλαξα; 1997
γούστο; 1996
ντζελα; 1996
μπράντον; 1996
αρχίσουν; 1995
ακολουθήσουμε; 1995
τσιπ; 1995
ρωσία; 1994
αποφάσισες; 1994
κάμερον; 1993
απώλειες; 1992
σουίτα; 1992
λίγοι; 1992
όλιβερ; 1992
επιστήμονας; 1992
φοβερά; 1991
πόρνες; 1990
ευγενική; 1989
νιου; 1989
σκάφους; 1989
ακούσουν; 1988
γλυκειά; 1988
δανειστώ; 1987
κιθάρα; 1987
τυφλός; 1986
χτύπησαν; 1986
ντουλάπι; 1986
προστατέψει; 1986
βράδια; 1985
ακολουθήσω; 1985
κατηγορώ; 1984
ξεκάθαρα; 1984
τζες; 1984
μπο; 1984
ανατολική; 1981
ίαν; 1981
δέχεσαι; 1980
αναλαμβάνω; 1980
διπλά; 1979
ταξίδια; 1979
θεωρούν; 1978
σκοτεινό; 1978
ιδιοκτησία; 1977
τζεν; 1977
πληροφοριών; 1977
δώσ'μου; 1976
κώδικας; 1976
γνωριζόμαστε; 1975
βραδινό; 1974
φρέσκο; 1974
ελπίζουμε; 1974
περίπλοκο; 1974
συχνότητα; 1974
φτιάξε; 1973
εμετό; 1973
νθρωποι; 1972
κίτρινο; 1972
εκπλήσσομαι; 1970
καλάθι; 1969
χοντρή; 1969
τόνο; 1967
ελέγξει; 1966
κατάλογο; 1966
αα; 1965
άβολα; 1964
χάπι; 1964
χρειαστείτε; 1964
βρωμάει; 1963
μιλά; 1963
φούρνο; 1963
κλέβεις; 1962
ήσαστε; 1962
τέτοιου; 1962
ανέλαβε; 1961
σκέφτεστε; 1961
έξτρα; 1960
φυλακές; 1960
οποίες; 1959
περπατάς; 1958
λόρι; 1958
γυναικεία; 1958
κέρδος; 1958
βιρτζίνια; 1958
μερος; 1957
συγνωμη; 1957
σταθμός; 1957
στέκεται; 1956
φανταζόμουν; 1955
καθυστέρηση; 1954
ξερα; 1954
εγκέφαλος; 1953
δως; 1952
ψηλός; 1952
τρόποι; 1951
αποκαλείς; 1951
παρθένα; 1951
χειρότερος; 1950
λλωστε; 1950
σοβαρός; 1950
τρίχα; 1950
τραβάς; 1948
δΰ; 1948
ταράτσα; 1947
πάτι; 1947
χειμώνα; 1945
φροντίδα; 1945
χάρις; 1945
διαλέξω; 1944