0001 ; ; begroetingen ; χαιρετισμοί
0002 ; ; Welkom! ; Καλώς ορίσατε!
0003 ; ; Goedemorgen! ; Καλημέρα!
0004 ; ; Goedeavond! ; Καλησπέρα!
0005 ; ; Welterusten! ; Καληνύχτα!
0006 ; ; Goedeavond! ; Καλό βράδυ!
0007 ; ; Succes! ; Καλή συνέχεια!
0008 ; ; Goede maand! ; Καλό μήνα!
0009 ; ; Fijne week! ; Καλή εβδομάδα!
0010 ; ; Hallo! (formeel); Χαίρετε!
0011 ; ; Hoi! ; Γεια!
0012 ; ; Hallo! ; Γεια σου!
0013 ; ; Hallo! ; Γεια σας!
0014 ; ; Santé! ; Γεια μας!
0015 ; ; Op uw gezondheid! ; Στην υγειά σας!
0016 ; ; Op onze gezondheid! ; Στην υγειά μας!
0017 ; ; Gezondheidjes! ; Γείτσες! (wanneer iemand niest)
0018 ; ; Hoe maak je het? ; Τι κάνεις;
0019 ; ; Hoe maakt u het?; Τι κάνετε;
0020 ; ; Hoe is het? ; Πώς είσαι;
0021 ; ; Hoe is het met je? ; Πώς (τα) πας;
0022 ; ; Prima! ; Μια χαρά!
0023 ; ; Fantastisch! ; Θαύμα!
0024 ; ; Heel goed! ; Πολύ καλά!
0025 ; ; goed ; καλά 
0026 ; ; çava’kes ; καλούτσικα
0027 ; ; Zo en zo :/ ; Έτσι κι έτσι :/
0028 ; ; Afschuwelijk! ; Χάλια!
0029 ; ; Heel slecht! ; Πολύ άσχημα!
0030 ; ; En jij? ; Κι εσύ;
0031 ; ; Gefeliciteerd! ; Χρόνια πολλά!
0032 ; ; Leve lang! ; Να τα εκατοστίσεις!
0033 ; ; Voici! (Hier heb je); Ορίστε!
0034 ; ; Alsjeblieft; Παρακαλώ
0035 ; ; Pronto; Εμπρός
0036 ; ; Spreek!, Zeg maar! ; Λέγετε!
0037 ; ; alfabet ; αλφάβητο
0038 ; ; de namen ;
0039 ; ; wie ben je ; Ποιος είσαι; /pjos íesè/
0040 ; ; wie ben je ; Ποια είσαι; /pja íesè/
0041 ; ; Wat is je naam? ; Πώς σε λένε;
0042 ; ; Ik ben Johannes. ; Είμαι ο Γιάννης.
0043 ; ; Mijn naam is Yanni. ; Με λένε Γιάννι.
0044 ; ; Mijn naam is Johannes. ; Λέγομαι Γιάννης.
0045 ; ; Achilles ; Αχιλλέας
0046 ; ; Michaël ; Μιχάλης 
0047 ; ; Anastasia ; Αναστασία
0048 ; ; Andreas ; Αντρέας
0049 ; ; Asteria ; Αστερία
0050 ; ; Calliope ; Καλλιόπη
0051 ; ; Christine ; Χριστίνα
0052 ; ; Daphne ; Δάφνη
0053 ; ; Dimitris ; Δημήτρης
0054 ; ; George ; Γιώργος 
0055 ; ; Helena ; Ελένη
0056 ; ; Hermelien ; Ερμιόνη 
0057 ; ; Iliana ; Ηλιάνα
0058 ; ; Ilias ; Ηλίας
0059 ; ; Iphigeneia ; Ιφιγένεια 
0060 ; ; Kostas ; Κώστας
0061 ; ; Kyriaki ; Κυριακή
0062 ; ; Lucas ; Λούκας
0063 ; ; Margaretha ; Μάργκαρετ
0064 ; ; Maria ; Μαρία 
0065 ; ; Marry ; Μαίρη /Mérri/
0066 ; ; Matina ; Ματίνα 
0067 ; ; Michaël ; Μιχάλης
0068 ; ; Moskou ; Μόσχα
0069 ; ; Nikos ; Νίκος 
0070 ; ; Penelope ; Πηνελόπη
0071 ; ; Petrus ; Πέτρος
0072 ; ; Phoebe ; Φοίβη
0073 ; ; Sophia ; Σοφία
0074 ; ; Theodorus ; Θοδωρος
0075 ; ; kind, kinderen ; παιδί, παιδιά 
0076 ; ; geest ; πνεύμα 
0077 ; ; de koffie ; ο καφές 
0078 ; ; de frappes ; ο φραπές
0079 ; ; gehaktballetjes, gehaktballetjes ; ο κεφτές, οι κεφτέδες
0080 ; ; gieterijen ; λιεζές
0081 ; ; voorgerechten ;  
0082 ; ; vrije tijd ; σχολή
0083 ; ; opmerking ; σχολίο
0084 ; ; opmerking ; σχολία
0085 ; ; opmerkingen ; σχóλια
0086 ; ; school ; σχολείο
0087 ; ; van ; από
0088 ; ; in ; σε
0089 ; ; met ; με
0090 ; ; Waarom; γιατί;
0091 ; ; in de buurt van ; κοντά
0092 ; ; hier ; εδώ
0093 ; ; maar ; μα
0094 ; ; maar ; αλλά 
0095 ; ; Griek ; Έλληνας, Έλληνες
0096 ; ; Griekse ; Ελληνίδα, Ελληνίδας
0097 ; ; één één één ; ένας μια ένα
0098 ; ; daar ; εκεί 
0099 ; ; ook ik ; κεγώ
0100 ; ; ook ; επίσης 
0101 ; ; Ja; Ναι
0102 ; ; papier ; χαρτί 
0103 ; ; kaart ; κάρτα 
0104 ; ; papier ; χάρτης 
0105 ; ; vriend ; φίλος 
0106 ; ; arts ; ιάτρος
0107 ; ; les ; μάθημα
0108 ; ; mijn les ; το μάθημά μου
0109 ; ; mijn leraar ; η καθηγήτριά μου
0110 ; ; je telefoon ; το τηλέφωνό σου
0111 ; ; doen ; κάνω
0112 ; ; jij wel ; κάνεις
0113 ; ; doet ; κάνει
0114 ; ; wij doen ; κάνουμε
0115 ; ; jij wel ; κάνετε
0116 ; ; dat doen ze ; κάνουν(ε)
0117 ; ; gaan ; πάω
0118 ; ; jij gaat ; πάς
0119 ; ; gaat ; πάει 
0120 ; ; laten we gaan ; πάμε
0121 ; ; jij gaat ; πάμετε
0122 ; ; ze gaan ; πάνε
0123 ; ; zeg ik ; λέω
0124 ; ; jij zegt woorden ; λέεις λέξεις 
0125 ; ; zegt hij ; λέει 
0126 ; ; zeg jij ; λέτε?
0127 ; ; ze zeggen (hoe heet je?) ; λένε (Πώς σε λένε;)
0128 ; ; Tot snel! ; Τα λέμε!
0129 ; ; Wat wil je doen? ; Τι θέλεις να κάνεις;
0130 ; ; Ik wil dat je dat doet! ; Θέλω να κάνεις!
0131 ; ; Hoe ; Πως
0132 ; ; Hoe ; Πώς
0133 ; ; Wat is je naam? ; Πως σας λένε;
0134 ; ; Waar kom je vandaan ; Από που είσαστε;
0135 ; ; waar ; που
0136 ; ; waar ; πού
0137 ; ; Bent u getrouwd of alleenstaand? ; Είστε παντρεμένη ή ελεύθερη;
0138 ; ; Hoeveel verdien je? ; Hoeveel verdien je?
0139 ; ; Graag gedaan! ; Παρακαλώ Graag gedaan!
0140 ; ; Om iets te doen! ? ; Να κάνει τίποτα! ?
0141 ; ; Ik vind Ariana echt leuk ; Μου αρέσει πολύ η Αριάννα
0142 ; ; Ik hou van Grieks ; Μου αρέσουν τα ελληνικά
0143 ; ; boos ?? vergeten ; σκηνθυμος ?? vergissen
0144 ; ;  ; 
0145 ; ; OK ; εντάξει
0146 ; ; maan ; φεγγάρι 
0147 ; ; Goed gedaan! ; Μπράβο!
0148 ; ; kroeshaar ; σγουρός
0149 ; ; Dat is het! ; Αυτά!
0150 ; ; Erg leuk! ; Πολύ ωραίο!
0151 ; ; bus ; λεωφορείο 
0152 ; ; nul ; μηδέν 
0153 ; ; Voorkant! ; Εμπρός!
0154 ; ; kaas ; τυρί 
0155 ; ; kaas taart ; τυρόπιτα 
0156 ; ; groenten ; χορτό������������ιτα 
0157 ; ; universiteit ; πανεπιστήμιο
0158 ; ; universiteiten ; πανεπιστήμια
0159 ; ; wijn ; κρασί 
0160 ; ; wit ; άσπρο 
0161 ; ; melk, de ; γάλα, το
0162 ; ; woud ; δάσος 
0163 ; ; idee ; ιδέα
0164 ; ; geschiedenis ; ιστορία 
0165 ; ; groot ; μεγάλος
0166 ; ; vriend ; φίλος
0167 ; ; gisteren ; χθες
0168 ; ; vis ; ψάρι 
0169 ; ; tzatziki ; τζατζίκι 
0170 ; ; vreugde ; χαρά
0171 ; ; bouzouki ; μπουζούκι
0172 ; ; retsina ; ρετσίνα
0173 ; ; klok ; ρολόι 
0174 ; ; Moussaka ; μουσακάς 
0175 ; ; Ouzo ; ούζο 
0176 ; ; chocolaatjes ; σοκολατάκια 
0177 ; ; afta ; αφτά
0178 ; ; deze ; αυτά
0179 ; ; de grootmoeder met bril ; η γιαγιά με γυαλιά
0180 ; ; opnieuw ; πάλι
0181 ; ; neerzetten ; βάζω
0182 ; ; schrijven ; γράφω
0183 ; ; oude man ; γέρος ; /jéros/
0184 ; ; Komen ; έλα
0185 ; ; suiker ; ζάχαρη 
0186 ; ; appel ; μήλο
0187 ; ; wil ; θέλω 
0188 ; ; klein ; μικρός
0189 ; ; honderd ; εκατό
0190 ; ; woord ; λέξη
0191 ; ; Baby ; μωρό 
0192 ; ; water ; νερό 
0193 ; ; buitenlands ; ξένος 
0194 ; ; deur ; πόρτα
0195 ; ; radio ; ραδιόφωνο
0196 ; ; radio ; ράδιο
0197 ; ; ernstig ; σοβαρά
0198 ; ; zet uit ; σβήνω ; /zvíno/
0199 ; ; nu ; τώρα
0200 ; ; nacht ; νύχτα
0201 ; ; frapé ; φραπές
0202 ; ; kleur ; χρώμα
0203 ; ; leugen ; ψέμα
0204 ; ; tijd ; ώρα
0205 ; ; tweeklank klinkers ; δίψηφα φωνήεντα
0206 ; ; tweecijferige medeklinkers ; δίψηφα σύμφωνα 
0207 ; ; de combinaties ; οι συνδυασμοί
0208 ; ; de medeklinkers vrolijk ; τα σύμφωνα ηχαρά
0209 ; ; de medeklinkers zijn stemloos ; τα σύμφωνα άηχα
0210 ; ; klinker of stemhebbende medeklinker ; φωνήεν ή ηχηρό σύμφωνι
0211 ; ; stemloze medeklinker ; άηχο σύμφωνο
0212 ; ; uitspraak ; προφορά
0213 ; ; interpunctie ; στίξη
0214 ; ; punt ; τελεία
0215 ; ; puntkomma ; άνω τελεία
0216 ; ; feest ; κόμμα
0217 ; ; vraagteken ; ερωτηματικό
0218 ; ; uitroepteken ; θαυμαστικό
0219 ; ; dubbele punt ; διπλή τελεία
0220 ; ; haakje ; παρένθεση 
0221 ; ; aanhalingstekens ; εισαγωγικά
0222 ; ; streepje ; παύλα
0223 ; ; stippen ; αποσιωπητικά 
0224 ; ; neutrale ; ουδέτερο
0225 ; ; hemel ; ουρανός
0226 ; ; berg ; βουνό
0227 ; ; bloem ; λουλούδι
0228 ; ; muze ; μούσα
0229 ; ; en ; και
0230 ; ; ja ; ναι
0231 ; ; kamer ; αίθουσα
0232 ; ; weer ; καιρός 
0233 ; ; nemen ; παίρνω
0234 ; ; ga naar buiten ; βγαίνω
0235 ; ; ik ben ; είμαι
0236 ; ; afbeelding ; εικόνα 
0237 ; ; vrede ; ειρήνη
0238 ; ; show ; δείχνω
0239 ; ; koppigheid ; πείσμα
0240 ; ; Dat ; εκείνος
0241 ; ; economie ; οικονομία 
0242 ; ; familie ; οικογένεια 
0243 ; ; Goed ; λοιπόν 
0244 ; ; muur ; τοίχος
0245 ; ; ei ; αυγό
0246 ; ; morgen ; αύριο
0247 ; ; pauze ; παύω ; /pávo/
0248 ; ; concert ; συναυλία ; /synavlía/
0249 ; ; toename ; αυξάνω
0250 ; ; Oostenrijk ; Αυστρία
0251 ; ; streng ; αυστηρός
0252 ; ; Europa ; Ευρώπη
0253 ; ; euzone ; εύζωνας
0254 ; ; reis ; ταξιδεύω
0255 ; ; geest ; πνεύμα
0256 ; ; Bedankt ; ευχαριστώ
0257 ; ; mogelijkheid ; ευκαιρία 
0258 ; ; direct ; ευθύς
0259 ; ; gelukkig ; ευτυχώς
0260 ; ; zaterdag ; Σάββατο ; /sávato/
0261 ; ; kerk ; εκκλησία
0262 ; ; ander ; άλλος
0263 ; ; indirect ; έμμεσος
0264 ; ; wolk ; σύννεφο
0265 ; ; opa ; παππούς
0266 ; ; ziek ; άρρωστος
0267 ; ; zee ; θάλασσα
0268 ; ; maan ; φεγγάρι ; /fengkári/
0269 ; ; engel ; άγγελος
0270 ; ; relatief ; συγγενής
0271 ; ; diftong ; δίφθογγος ; /dífthongkos/
0272 ; ; kruidenier ; μπακάλης ; /bakális/
0273 ; ; broers ; μπρος ; /bros/
0274 ; ; harder ; μπαρμπούνι ; /barbóeni/
0275 ; ; beton ; μπετόν ; /betón/
0276 ; ; wijnstok ; αμπέλι ; /ambéli/
0277 ; ; lambo ; λ��μπ�� ; /lámbo/
0278 ; ; koopman ; ��μπορος ; /émboros/
0279 ; ; belemmeren ; εμποδίζω ; /embodízo/
0280 ; ; aankleden ; ντύνομαι ; /dýnome/
0281 ; ; tomaat ; ντομάτα ; /domáta/
0282 ; ; oppas ;  νταντά ; /dandá/
0283 ; ; ; φίλντισι ; /fíldisi/
0284 ; ; levend ; ζωντανός ; /zondanós/
0285 ; ; altijd ; πάντοτε ; /pándote/
0286 ; ; vijf ; πέντε ; /pénde/
0287 ; ; insect ; έντομο ; /éndomo/
0288 ; ; Mickey Mouse ; ; Μίκυ Ποντίκι ; /míki pondíki/
0289 ; ; gas geven ; γκάζι ; /ɡázi/
0290 ; ; klif ; γκρεμός ; /ɡremós/
0291 ; ; Joegoslavië ; Γιουγκοσλαβία ; /Joeɡoslavía/
0292 ; ; garage ; γκαράζι ; /ɡarázi/
0293 ; ; anker ; άγκυρα ; /ángkyra/
0294 ; ; nodig ; ανάγκη ; /anángki/
0295 ; ; transport ; συγκοινωνία ; /syngkinonía/
0296 ; ; verzamelen ; συγκεντρώνω ; /syngkendróno/
0297 ; ; sigaret ; τσιγάρο 
0298 ; ; Dus ; έτσι
0299 ; ; thee ; τσάι ; /tsaj/
0300 ; ; sok ; κάλτσα
0301 ; ; cicaden ; τζίτζικας ; /dzidzikas/
0302 ; ; open haard ; τζάκι ; /dzáki/
0303 ; ; glas ; τζάμι ; /dzámi/
0304 ; ; tzatziki ; τζατζίκι ; /dzadzíki/
0305 ; ; operatie ; εγχείριση ; /engchirisi/
0306 ; ; binnenlands ; εγχώριος ; /engchórios/
0307 ; ; blussen ; σβήνω
0308 ; ; kroeshaar ; σγουρός 
0309 ; ; bang ; φοβισμένος
0310 ; ; . punt ; . τελεία
0311 ; ;  puntkomma ;   άνω τελεία
0312 ; ;  komma ;  κόμμα
0313 ; ;  vraagteken ; ερωτηματικό
0314 ; ; ! uitroepteken ; ! θαυμαστικό
0315 ; ; : dubbele punt ; : διπλή τελεία
0316 ; ; (tussen haakjes ; ( παρένθεση 
0317 ; ;  citaten ; « εισαγωγικά
0318 ; ; - streepje ; - παύλα
0319 ; ; … rustig ; … αποσιωπητικά
0320 ; ; wij zijn eerlijk ; έτιμοι είμαστε
0321 ; ; Dus laten we gaan! ; Πάμε λοιπόν!
0322 ; ; Parijs ; το Παρίσι 
0323 ; ; in Madrid ; στη Μαδρίτη 
0324 ; ; Hij houdt niet van ouzo. ; Δεν του αρέσει το ούζο. ; /dendoe aresi/
0325 ; ; Australië ; την Αυστραλία 
0326 ; ; misschien? ; μήπως;
0327 ; ; paraplu ; ομπρέλα
0328 ; ; spiegel ; καθρέφτης 
0329 ; ; goedkoop ; φτηνός
0330 ; ; Mijn naam is Theodore ; Με λένε Θόδωρε
0331 ; ; Hallo, Dimitris! ; Γεια σου, Δημήτρη!
0332 ; ; Hallo, Stati! ; Γεια σου, Στάθη!
0333 ; ; Hallo, Alexis! ; Γεια σου, Αλέξη!
0334 ; ; Hallo Spyro! ; Γεια σου, Σπύρο!
0335 ; ; Hoe; πώς;
0336 ; ; waar; πού;
0337 ; ; of ; ή
0338 ; ; waar ben je ; Πο�� είσαι;
0339 ; ; Ik ben thuis. ; Είμαι στο σπίτι.
0340 ; ; op school ; στο σχολείο
0341 ; ; in de taverne ; στην ταβέρνα
0342 ; ; bij de bank ; στην τράπεζα 
0343 ; ; naar de dokter ; στον γιατρό
0344 ; ; op de luchthaven ; στο αεροδρόμιο
0345 ; ; in Plaka ; στην Πλάκα
0346 ; ; in Athene ; στην Αθήνα
0347 ; ; in Kolonaki ; στο Κολωνάκι
0348 ; ; in Bertem ; στο Bertem
0349 ; ; in Canada ; στον Καναδά
0350 ; ; op Kreta ; στην Κρήτη 
0351 ; ; op de Akropolis ; στην Ακρόπολη
0352 ; ; in Brussel ; στις Βρυξέλλες 
0353 ; ; Waar kom je vandaan ; Από πού είσαι;
0354 ; ; Ik kom uit België. ; Είμαι απο το Βέλγιο.
0355 ; ; uit Griekenland ; από την Ελλάδα
0356 ; ; uit Frankrijk ; από την Γαλλία
0357 ; ; uit Duitsland ; από την Γερμανία
0358 ; ; uit Engeland ; από την Αγγλία
0359 ; ; uit Spanje ; από την Ισπανία
0360 ; ; uit China ; από την Κίνα 
0361 ; ; uit Amerika ; από την Αμερική
0362 ; ; uit Nederland ; από την Ολλανδία 
0363 ; ; uit Denemarken ; από την Δανία
0364 ; ; uit Canada ; από τον Καναδά
0365 ; ; uit Mexico ; από το Μεξικό 
0366 ; ; uit Hongarije ; από την Ουγγαρία 
0367 ; ; uit Ierland ; από την Ιρλανδία 
0368 ; ; Verheug u, meneer Dallara! Hoe is het ; Χαίρετε, κυρίε Νταλάρα! Πώς είσαστε;
0369 ; ; waar woon je ; Που μένεις;
0370 ; ; Ik woon in België, in Leuven. ; Μένω στο Βέλγιο, στο Λοβάνι.
0371 ; ; in Antwerpen ; στην Αντβέρπια ; /stin antvérpja/
0372 ; ; in Antwerpen ; στο Antwerpen
0373 ; ; in Thessaloniki ; στην Θεσσαλονίκη
0374 ; ; in Nafplio ; στο Ναύπλιο
0375 ; ; in Volos ; στον Βόλο 
0376 ; ; in Rome ; στην Ρώμη
0377 ; ; in Madrid ; στην Μαδρίτη
0378 ; ; Kent u Grieks? ; Ξέρεις ελληνικά;
0379 ; ; Nee, ik weet het niet, maar ik begrijp het een beetje! ; Όχι, δεν ξέρω, μα καταλαβαίνω λίγο!
0380 ; ; Frans ; γαλλικά
0381 ; ; Engels ; αγγλικά
0382 ; ; Duits ; γερμανικά ; /jermaniká/
0383 ; ; Vlaams ; φλαμανδικά 
0384 ; ; Nederlands ; ολλανδικά
0385 ; ; Spaans ; ισπανικά
0386 ; ; Italiaans ; ιταλικά
0387 ; ; Russisch ; ρωσικά
0388 ; ; Chinese ; κινέζικα
0389 ; ; Arabisch ; αραβικά
0390 ; ; ; Ολλα ? καθαρά;
0391 ; ; Op wie wacht je? ; Ποιον περιμένεις;
0392 ; ; Ik wacht op Vangelis. ; Περιμένω τον Βαγγέλη.
0393 ; ; het kind ; το παιδί
0394 ; ; het meisje ; το κορίτσι 
0395 ; ; Wat wil je? ; Τι θέλεις;
0396 ; ; Ik wil koffie. ; Θέλω έναν καφέ.
0397 ; ; een frappé ; έναν φραπέ
0398 ; ; een melk ; ένα γάλα
0399 ; ; een watertje ; ένα νερό
0400 ; ; een thee ; ένα τσάι 
0401 ; ; een limonade ; μια λεμονάδα
0402 ; ; een ijsje ; ένα παγωτό
0403 ; ; een fètagebak ; μια τυρόπιτα
0404 ; ; een baklavas ; έναν μπακλαβά
0405 ; ; een sinaasappelsap ; έναν χυμό πορτοκάλι
0406 ; ; Heeft u een probleem? ; Έχεις πρόβλημα;
0407 ; ; auto ; αυτοκίνητο
0408 ; ; mobiel ; κινητό
0409 ; ; telefoon ; τηλέφωνο 
0410 ; ; krant ; εφημερίδα
0411 ; ; ouzo ; ούζο
0412 ; ; ik ook ; κεγώ 
0413 ; ; No stress! ; Όχι άγχος!
0414 ; ; Ik ga uit ; βγαίνω ; /vjéno/
0415 ; ; ei ; αύγο, αβγό
0417 ; ; schip ; πλοίο ; /plíejo/
0418 ; ; eerst ; πρώτος
0419 ; ; tweede ; δεύτερος
0420 ; ; les ; μάθημα 
0421 ; ; één ; ένας, μία, ένα
0422 ; ; twee ; δύο
0423 ; ; drie; τρεις, τρεις, τρία 
0424 ; ; vier ; τέσσερις, τέσσερις τέσσερα
0425 ; ; vijf ; πέντε
0426 ; ; zes ; έξι
0427 ; ; zeven ; επτά
0428 ; ; acht ; οκ��ώ
0429 ; ; negen ; εννέα
0430 ; ; tien ; δέκα
0431 ; ; Hoe laat is het ; Τι ώρα είναι;
0432 ; ; de tijd ; η ώρα
0433 ; ; minuut, minuten; το λεπτό, τα λεπτά 
0434 ; ; de tweede ; το δευτερόλεπτο
0435 ; ; de vierde ; το τέταρτο
0436 ; ; het halfuur ; η μησή ώρα
0437 ; ; de helft ; μισός, μισή, μισό
0438 ; ; Het is kwart over tien. ; Έιναι δέκα και τέταρτο.
0439 ; ; Het is twee voor tien. ; Είναι δύο παρά δέκα.
0440 ; ; Het is precies drie uur. ; Έιναι τρεις η ώρα ακριβώς.
0441 ; ; 01:30 ; 01:30 Είναι μία και μισή.
0442 ; ; 02:40 ; 02:40 τρεις παρά είκοσι
0443 ; ; 03:45 ; 03:45 τέσσερις παρά τέταρτο
0444 ; ; zesenvijftig kilometer ; πενήντα έξι χιλιόμετρα 
0445 ; ; Eretria ; Ερέτρια 
0446 ; ; Thebe ; Θήβα ; /tiva/
0447 ; ; Gehoornd ; Κερατέα 
0448 ; ; Kineta ; Κινέτα
0449 ; ; Megara ; Μέγαρα 
0450 ; ; Boyati ; Μπογιάτι
0451 ; ; Ik werd meegenomen ; Πάρτθηνα
0452 ; ; Piraeus ; Πειραιάς 
0453 ; ; Naaister ; Ραφήνα
0454 ; ; Koninklijk ; Βασιλικά
0455 ; ; Berria ; Βέρροια
0456 ; ; Opbrengst ; Επανωμή
0457 ; ; Kilki's ; Κιλκίς 
0458 ; ; Naoussa ; Νάουσα
0459 ; ; Serres ; Σέρρες 
0460 ; ; de kilometerafstanden ; τις χιλιομετρικές αποστάσεις 
0461 ; ; bibliotheek ; βιβλιοθήκη 
0462 ; ; bioscoop ; σινεμά 
0463 ; ; Briljant! ; Λαμπρά! ; /lambrá/
0464 ; ; banketbakkerij ; ζαχαροπλαστεία 
0465 ; ; professor ; καθηγητής
0466 ; ; professor ; καθηγήτρια 
0467 ; ; de studenten ; οι μαθητές 
0468 ; ; directeur ; διευθυντής 
0469 ; ; slavernij ; δουλειά 
0470 ; ; Hoeveel; πόσα;
0471 ; ; op zondag ; τη Κυριακή
0472 ; ; op maandag ; τη Δευτέρα 
0473 ; ; op zaterdag ; τον Σάββατο
0474 ; ; voorbeeld ; παράδειγμα 
0475 ; ; het werkwoord ; το ρήμα
0476 ; ; supplementen ; συμπληρώματα 
0477 ; ; Ik ben het ermee eens ; συμπλυρώνω
0478 ; ; kiezen ; διαλέγω
0479 ; ; de juiste ; το σωστό
0480 ; ; de tafel ; ο πίνακας 
0481 ; ; de klokken ; τα ρολόγια 
0482 ; ; Kijk ; κοιτάξτε 
0483 ; ; vragen ; ρωτήστε
0484 ; ; spreek op ; μιλήστε
0485 ; ; met je buurman ; με τον διπλανό σας
0486 ; ; de woorden ; τις λέξεις 
0487 ; ; sleutels ; κλειδιά 
0488 ; ; fout ; λάθος
0489 ; ; wachten ; περιμένω 
0490 ; ; onze ouders ; οι γονείς μας
0491 ; ; onze grootvader ; ο παππούς μας
0492 ; ; je grootmoeder ; η γιαγιά σας
0493 ; ; mijn vader ; ο πατέρας μου
0494 ; ; je moeder ; η μητέρα σου
0495 ; ; zijn zus ; η αδελφή του
0496 ; ; haar broer ; ο αδελφός της
0497 ; ; mijn man ; ο σύζυγος μου
0498 ; ; mijn vrouw ; η γυναίκα μου
0499 ; ; haar echtgenoot ; ο άνδρας της
0500 ; ; misschien ; μήπως
0501 ; ; ik ben ; εγώ είμαι
0502 ; ; jij bent ; εσύ είσαι
0503 ; ; zij is ; αυτή είναι
0504 ; ; wij zijn ; εμείς είμαστε 
0505 ; ; jij bent ; εσείς είσ(ασ)τε 
0506 ; ; dit zijn ; αυτές είναι
0507 ; ; hebben ; έχω
0508 ; ; je hebt ; έχεις 
0509 ; ; heeft ; έχει
0510 ; ; wij hebben ; έχουμε
0511 ; ; je hebt ; έχετε
0512 ; ; zij hebben ; έχουν(ε)
0513 ; ; ik blijf ; μένω
0514 ; ; weten ; ξέρω
0515 ; ; gaan ; πηγαίνω
0516 ; ; begrijpen ; καταλαβαίνω
0517 ; ; lezen ; διαβάστε
0518 ; ; leren ; μαθαίνω
0519 ; ; drankje ; πίνω
0520 ; ; Londen ; το Λονδίνο
0521 ; ; Madrid ; η Μαδρίτη
0522 ; ; naar Caïro ; το Κάιρο ; /to káïro/
0523 ; ; Mexico ; Μεξικό 
0524 ; ; Italië ; Ιταλία 
0525 ; ; België ; Βέλγιο
0526 ; ; Iran ; Ιράν 
0527 ; ; China ; Κίνα
0528 ; ; Egypte ; η Αίγυπτος 
0529 ; ; Tokio ligt in Japan ; το Τόκιο είναι στην Ιαπωνία
0530 ; ; Boedapest ligt in Hongarije ; η Βουδαπέστη είναι στην Ουγγαρία
0531 ; ; Moskou ligt in Rusland ; η Μόσχα είναι στην Ρωσία 
0532 ; ; Calcutta ligt in India in Azië ; η Καλκούτα είναι στην Ινδία στην Ασία 
0533 ; ; in Europa ; στην Ευρώπη
0534 ; ; Japanse ; γιαπωνέζικα
0535 ; ; Peking in China ; το Πεκίνο στην Κίνα 
0536 ; ; Marseille in Frankrijk ; Μασσαλία στην Γαλλία 
0537 ; ; landkaart de kaart ; landkaart ο χάρτης 
0538 ; ; Jordanië ; η Ιορδανία
0539 ; ; Canada ; ο Καναδάς
0540 ; ; Griekenland ; η Ελλάδα
0541 ; ; Libanon ; ο Λίβανος
0542 ; ; Syrië ; η Συρία
0543 ; ; Roemenië ; η Ρουμανία
0544 ; ; Zwitserland ; η Ελβετία
0545 ; ; Mexico ; το Μεξικό
0546 ; ; Argentinië ; η Αργεντινή
0547 ; ; Australië ; η Αυστραλία
0548 ; ; Portugal ; η Πορτογαλία
0549 ; ; Egypte ; η Αίγυπτος
0550 ; ; Cyprus ; η Κύπρος
0551 ; ; Rhodos ; η Ρόδος
0552 ; ; Delos ; η Δήλος
0553 ; ; Samos ; η Σάμος
0554 ; ; Paros ; η Πάρος
0555 ; ; de Poros ; ο Πόρος
0556 ; ; de Verenigde Staten (van Amerika) (VS) ; τις Ηνωμένες Πολιτείες (της Αμερικής) (ΗΠΑ)
0557 ; ; Hoeveel is het? ; Παρακαλώ, ποσο κάνει;
0558 ; ; luchthaven ; αεροδρόμιο 
0559 ; ; vliegtuig ; αεροπλάνο 
0560 ; ; Welkom, Theodore! ; Καλώς όρισες, Θόδωρο!
0561 ; ; Christina is er klaar voor. ; Χριστίνα είναι έτοιμη.
0562 ; ; Wie is er aan de telefoon? ; Ποιος είναι στο τηλέφωνο;
0563 ; ; Ik wil een wijn! ; Θέλω ένα κρασί!
0564 ; ; Waar gaat Andreas heen? ; Πού πάει ο Αντρέας;
0565 ; ; zeg jij ; λες
0566 ; ; zegt hij ; λέει
0567 ; ; wij zeggen ; λέμε
0568 ; ; zeg jij ; λέτε
0569 ; ; zeggen ze ; λένε
0570 ; ; jij gaat ; πας
0571 ; ; gaat ; πάει
0572 ; ; mama ; μάμε
0573 ; ; gaan ze ; πάουν?
0574 ; ; studie ; σπουδάζω
0575 ; ; werk ; δουλεύω
0576 ; ; Ik ga, ik ga ; πηγαίνω, πάω
0577 ; ; Ik wacht op een taxi ; περιμένω ταξί
0578 ; ; Ik ook ; κι εγώ
0579 ; ; het bier ; η μπίρα
0580 ; ; kip ; κοτόπουλο 
0581 ; ; Mars ; Άρης
0582 ; ; Alice ; Αλίκη
0583 ; ; Andreotis ; Αντρεότις
0584 ; ; Dhr ; κύριος
0585 ; ; dame ; κύρια 
0586 ; ; Missen ; δεσποινίς 
0587 ; ; mama ; μαμά
0588 ; ; de Grondwet ; το Σύνταγμα 
0589 ; ; prima ; μια χαρά
0590 ; ; rechter ; δικαστής
0591 ; ; advocaat ; δικηγόρος 
0592 ; ; Spreek van uw buurman! ; Μιλήστε από την διπλανή σας!
0593 ; ; Pardon mevrouw, bent u getrouwd? ; Συγνώμι δεσποινί, είσαστε παντρεμένη;
0594 ; ; Nee, ik ben vrij, maar gescheiden. ; Όχι, είμι ελεύθερη, αλλά χωρισμένη.
0595 ; ; Wauw, ik ben een snotaap, geen varken… ; Πω πω, είμαι χύρος, καί όχι γοιρος…
0596 ; ; Har/aangenaam ; Χαρ/aangenaam
0597 ; ; Maar ik heb een vriend ; Μα έχω φίλο, 
0598 ; ; vakgenoot ; σύντροφος 
0599 ; ; duur ; ακριβός
0600 ; ; precies ; ακριβώς 
0601 ; ; varken ; χοίρος
0602 ; ; Leuk ; ωραίος
0603 ; ; mooi ; όμορφη 
0604 ; ; lelijk ; άσχημος
0605 ; ; goed ; καλός
0606 ; ; slecht ; κακός
0607 ; ; mannelijk ; αρσενικός
0608 ; ; vrouwelijk ; θηλυκός
0609 ; ; okee, in orde ; εντάξει 
0610 ; ; in de taxi; στην τάξη ; /stindáksi/
0611 ; ; in de klas; στην τάξη 
0612 ; ; ze is gestorven ; ze is gestorven
0613 ; ; Ik was ; ik was
0614 ; ; Ik had ; ik had
0615 ; ; Munja ; μούντζα 
0616 ; ; gruwel ; ανάθεμα
0617 ; ; oom ; θείος 
0618 ; ; tante ; θεία
0619 ; ; zoon ; γιός
0620 ; ; dochter ; κόρη
0621 ; ; En hoe lang is hij hier al? ; Και πόσον καιρό είσει εδώ;
0622 ; ; het weer weer, tijd, le temps ; το καιρός weer, tijd, le temps
0623 ; ; de dag ; η μέρα
0624 ; ; de week ; η εβδομάδα
0625 ; ; de maand ; ο μήνας
0626 ; ; de tijd ; ο χρόνος
0627 ; ; Werk of studeer je? ; Δουλεύεις ή σπουδάζεις;
0628 ; ; met + acc ; με + acc
0629 ; ; in + acc ; σε + acc
0630 ; ; voor + acc ; για + acc
0631 ; ; ik was te laat ; άργησα
0632 ; ; je bent laat ; άργησες
0633 ; ; Zeg, zeg! ; Πω, πω!
0634 ; ; Waarom ; γιατί 
0635 ; ; professor ; καθηγήτρια
0636 ; ; de dokter ; ο/η γιατρός
0637 ; ; de advocaat ; ο/η δικηγόρος
0638 ; ; hotel ; ξενοδοχείο
0639 ; ; Mijn naam is George. Jij ook? ; Με λένε Γιώργο. Κι εσένα;
0640 ; ; directeur ; διευθυντής
0641 ; ; directeur; διευθήτρια?
0642 ; ; arbeider ; εργάτης
0643 ; ; arbeider ; εργάτρια
0644 ; ; leerling ; μαθητής 
0645 ; ; schoolmeisje ; μαθήτρια
0646 ; ; student ; φοιτητής 
0647 ; ; student ; φοιτήτρια
0648 ; ; in het Vlaams ; στα φλαμανδικά
0649 ; ; Mijn zoon heet Michaël. ; Το γιο μου τον λένε Μιχάλη.
0650 ; ; priester ; παπάς
0651 ; ; elke dag, dagelijks ; καθ' ημέρα 
0652 ; ; in de Griekse les ; στην τάξη Ελληνικών
0653 ; ; Natuurlijk! ; φυσικά!
0654 ; ; vrij ; ελεύθερος
0655 ; ; zonder ; χωρίς
0656 ; ; gescheiden ; χωρισμένη
0657 ; ; getrouwd ; παντρεμένη
0658 ; ; derde ; τρίτος
0659 ; ; vierde ; τετάρτος
0660 ; ; hij leeft niet ; δεν ζει
0661 ; ; tweeling ; δίδυμο
0662 ; ; Vandaag ; σήμερα
0663 ; ; werk ; δουλεύω 
0664 ; ; sinds mijn vader stierf ; από τότε που πέθανε ο πατέρας μου
0665 ; ; voor ; πριν από 
0666 ; ; ik was ; ήμουν 
0667 ; ; docent ; δάσκαλος
0668 ; ; academisch ; ακαδημαϊκός
0669 ; ; software-ingenieur ; μηχανικός λογισμικού
0670 ; ; zakenman ; επιχειρηματίας 
0671 ; ; ik studeerde ; σπούδασα 
0672 ; ; Ik schrijf gedichten ; γράφω ποιήματα
0673 ; ; Ik maak tafels ; φτιάχνο πίνακες 
0674 ; ; ik speel muziek ; παίζω μουσική
0675 ; ; ik teken letters ; σχεδιάζω γράμματα
0676 ; ; ik maak wijn ; κάνω κρασί
0677 ; ; van allerlei aard ; όλων των ειδών
0678 ; ; kleuren en schaduwen ; τα χρόματα και οι σκιές
0679 ; ; in het Vlaams ; στα φλαμανδικά 
0680 ; ; van dichtbij ; από κοντά 
0681 ; ; vlakbij Leuven ; κοντά στο Λέουβεν 
0682 ; ; in de Griekse les ; στην τάξη ελληνικών
0683 ; ; Helaas ; δυστυχώς
0684 ; ; vierde ; τέταρτος
0685 ; ; tweelingen, tweelingen ; δίδυμα, δίδυμοι
0686 ; ; tweelingbroer ; δίδυμος αδερφός
0687 ; ; sindsdien ; από τότε που
0688 ; ; ziek ; άρρωστος 
0689 ; ; daarvoor ; πριν από αυτό
0690 ; ; ik was ; ήμουν
0691 ; ; docent ; δάσκαλος 
0692 ; ; mechanisch ; μηχανικός
0693 ; ; zakenman ; επιχειρηματίας
0694 ; ; ik studeerde ; σπούδασα
0695 ; ; Ik schrijf gedichten ; γράφω ποιήματα 
0696 ; ; Ik maak schilderijen ; φτιάχνω πίνακες
0697 ; ; op een dag ; κά��ε μέρα 
0698 ; ; van allerlei aard ; όλων των ειδών 
0699 ; ; Hoed! hoedje af ; Καπέλο! hoedje af
0700 ; ; de partner ; ο/η σύντροφος
0701 ; ; de echtgenoot ; ο/η σύζυγος
0702 ; ; ribben ; παιδάκια 
0703 ; ; ribben ; παϊδάκια
0704 ; ; souvlaki ; σουβλάκι
0705 ; ; shirtaki ; σιρτάκι
0706 ; ; chocoladereep ; σοκολατάκι
0707 ; ; Goed. ; Καλά.
0708 ; ; niet goed :( ; Όχι καλά :(
0709 ; ; laten we naar het café gaan ; πάμε στο καφενείο
0710 ; ; Welke koffie wil je? ; Τι καφέ θέλετε;
0711 ; ; een puur Griekse koffie ; έναν καφέ ελληνικό σκέτο
0712 ; ; een bruine Franse grande met melk ; έναν καφέ γαλλικό μεγάλο με γάλα
0713 ; ; een bruinfilter ; έναν καφέ φίλτρο
0714 ; ; een Ness ; έναν Νες
0715 ; ; een frappé ; έναν φραπέ 
0716 ; ; Hoe drink je het? ; Πώς τον πίνετε;
0717 ; ; puur, medium, zoet, zwaar zoet ; σκέτο, μέτριο, γλυκό, βαρύ γλυκό 
0718 ; ; citroen thee ; το τσάι με λεμόνι
0719 ; ; thee met honing ; το τσάι με μέλι 
0720 ; ; de tai met suiker ; το ταάι με ζάχαρη
0721 ; ; Is het…? Est-ce que … ? ; Μήπως … ; Est-ce que … ?
0722 ; ; Zo is het. Zo is het. ; Έτσι είναι. Zo is het.
0723 ; ; het geld geld ; het geld τα λεφτά 
0724 ; ; kleingeld de verandering ; kleingeld τα ψιλά 
0725 ; ; wisselgeld de wijziging ; wisselgeld τα ρέστα
0726 ; ; Deze voor jou! ; Αυτό/ά για σας!
0727 ; ; set + nominatief ; ορίστε + nominatief
0728 ; ; Bedankt ; ευχαριστώ 
0729 ; ; alsjeblieft Je vous enprie. ; παρακαλώ Je vous enprie.
0730 ; ; Het gaat goed! ; Να ’σαι καλά!
0731 ; ; Het gaat goed! ; Να ’στε καλά!
0732 ; ; Niets! De Rien. ; Τίποτα! De rien.
0733 ; ; Het maakt niet uit. ; Δεν πειράζει.
0734 ; ; de euro ; το ευρώ
0735 ; ; de minuut ; το λεπτό
0736 ; ; betalen ; πληρώνω
0737 ; ; Hoeveel levert het op? ; Πόσο κάνει;
0738 ; ; Hoeveel verdienen ze? ; Πόσο κάνουν;
0739 ; ; Uitgang ; έξοδος
0740 ; ; binnenkomst ; είσοδος 
0741 ; ; ticket ; εισιτήριο
0742 ; ; ontslag ontslag kort ; εξιτήριο ontslagbrief
0743 ; ; importeren ; εισαγωγή 
0744 ; ; exporteren ; εξαγωγή 
0745 ; ; allemaal samen ; όλα μαζί
0746 ; ; zonder ; χώρις
0747 ; ; uit elkaar ; χώρια
0748 ; ; Ik ben jaloers op Ik benijd u (positief). ; ζηλεύω Ik benijd u (positief).
0749 ; ; Welkom! bw. ; Καλώς όρισες! adv.
0750 ; ; Welkom! laat. Gij zijt welkom. ; Καλώς ορίσατε! lett. Gij zijt welgekomen.
0751 ; ; verwelkom hem/haar ; καλώς τον/την
0752 ; ; goed bijv. ; καλός adj.
0753 ; ; we zijn goed We zijn goed(e mensen) ; είμαστε καλοί We zijn goed(e mensen)
0754 ; ; we zijn goed. We maken het goed ; είμαστε καλά We maken het goed.
0755 ; ; goed gebruikt als bw. maar onz.mv ; καλά gebruikt als adv. maar onz.mv
0756 ; ; allemaal duidelijk ; όλα καθαρά 
0757 ; ; erg leuk ; πολύ ωραία
0758 ; ; slecht ; άσχημα 
0759 ; ; het hokje ; το περίπτερο 
0760 ; ; de kiosk ; ο περιπτεράς 
0761 ; ; De rekening graag ; το λογαριασμό παρακαλώ 
0762 ; ; het rekenkantoor ; το λογιστήριο
0763 ; ; kopen ; αγοράζω
0764 ; ; betalen ; πληρώνω 
0765 ; ; krant ; εφημερίδα 
0766 ; ; tijdschrift ; περιοδικό 
0767 ; ; rook ; καπνίζω
0768 ; ; een pakje sigaretten ; ένα πακέτο τσιγάρα 
0769 ; ; een doosje lucifers ; ένα κουτί σπίρτα 
0770 ; ; lichter ; αναπτήρας
0771 ; ; stempel ; γραμματόσημο
0772 ; ; potlood ; μολύβι
0773 ; ; de kourabiedes ; οι κουραμπιέδες 
0774 ; ; de melomakaroni ; τα μελομακάρονα 
0775 ; ; de koekjes ; τ�� μπισκότα 
0776 ; ; open ; ανοιχτός 
0777 ; ; lente ; άνοιξη
0778 ; ; dichtbij ; κλειστός
0779 ; ; claustrofobie ; κλειστοφοβία 
0780 ; ; ja; ναι
0781 ; ; ja, eigenlijk wel ; μάλιστα
0782 ; ; natuurlijk zeker ; βέβαια zeker
0783 ; ; zeker zeer zeker ; βεβαίως zeer zeker
0784 ; ; natuurlijk natuurlijk ; φυσικά natuurlijk
0785 ; ; geven ; δίνω
0786 ; ; het postkantoor Post, de snelle weg ; το ταχυδρομείο Post, de snelle weg
0787 ; ; denken ; νομίζω 
0788 ; ; Ik denk niet dat het open is. ; Δεν νομίζω πως είναι ανοιχτό.
0789 ; ; Ik denk het niet ; Δεν νομίζω ότι 
0790 ; ; Ik weet niet hoe laat het is. ; Δεν ξέρω τι ώρα είναι.
0791 ; ; Ik weet niet waar ik van je hou. ; Δεν ξέρω που σ' αγαπώ.
0792 ; ; Ben je moe? ; Μήπως είστε κουρασμένοι;
0793 ; ; één euro onz. ; ένα Ευρώ onz.
0794 ; ; Akis ; Άκης 
0795 ; ; vriendelijke vriendschappelijk, informeel ; φιλικός vriendschappelijk, informeel
0796 ; ; typisch formeel ; τυπικός formeel
0797 ; ; dialoog ; διάλογος
0798 ; ; vreemden of vrienden ; ξένοι ή φίλοι
0799 ; ; render (< vanaf hier) lett. langs hier? stem ; αποδώ (< από εδώ) lett. langs hier; voicí
0800 ; ; het meervoud meervoud ; ο πληθυντικός
0801 ; ; in wezen zelst.nw. ; ουσιαστικά zelfst.nw.
0802 ; ; man mannelijk ; αρσενικός mannelijk
0803 ; ; vrouwelijk ; θηλυκή vrouwelijk
0804 ; ; neutraal onzijdig ; ουδέτερο onzijdig
0805 ; ; mens, mannen ; άντρας, άντρες
0806 ; ; student, studenten ; μαθήτης, μαθητές
0807 ; ; vriend, vrienden ; φίλος, φίλοι
0808 ; ; voorgerechten, voorgerechten ; μέζες, μεζέδες
0809 ; ; gehaktballetjes, gehaktballetjes ; κεφτές, κεφτέδες 
0810 ; ; koffie, koffie ; καφές, καφέδες 
0811 ; ; vrouw, vrouwen ; γυναίκα, γυναίκες 
0812 ; ; dochter, dochters ; κόρη, κόρες
0813 ; ; boek, boeken ; βιβλίο, βιβλία
0814 ; ; huis, huizen ; σπίτι, σπίτια
0815 ; ; brief, brieven ; γράμμα, γράμματα
0816 ; ; les, lessen ; μάθημα, μαθήματα
0817 ; ; probleem, problemen ; πρόβλημα, προβλήματα
0818 ; ; begrip van gesproken taal ; κατανόηση προφορικού λόγου 
0819 ; ; Welk nieuws? Welk nieuws? ; Τι νέα; Wat nieuws?
0820 ; ; Hetzelfde. ; Τα ίδια.
0821 ; ; Ik ook. ; Κι εγώ τα ίδια.
0822 ; ; de portemonnee ; το πορτοφόλι 
0823 ; ; de auto ; το αυτοκίνητο 
0824 ; ; het eten ; το φαγητό 
0825 ; ; de moussaka ; ο μουσακάς 
0826 ; ; het voetbal ; το ποδόσφαιρο 
0827 ; ; de retsina ; η ρετσίνα 
0828 ; ; de muziek ; η μουσική 
0829 ; ; de bijvoeglijke naamwoorden bijvoeglijk naamwoord ; τα επίθετα adjectieven 
0830 ; ; de taverne ; η ταβέρνα 
0831 ; ; klaar ; έτοιμος
0832 ; ; lelijk ; άσχημος 
0833 ; ; mooi ; όμορφος
0834 ; ; het hotel ; το ξενοδοχείο 
0835 ; ; de broer ; ο αδερφός 
0836 ; ; de zuster ; η αδερφή 
0837 ; ; Vertalen! Verticaal! ; Να μεταφράσετε! Vertaalt!
0838 ; ; Hartelijk dank! Aangenaam kennis! ; Χάρι πολύ! Aangename kennismaking!
0839 ; ; Geweldig! allen bij afscheid ; Χάρικα! alleen bij afscheid
0840 ; ; Vandaag ; σήμερα 
0841 ; ; Hoe zeg je dit in het Grieks? ; Πώ�� το λένε αυτό στα ελληνικά;
0842 ; ; God zij dank! ; Δόξα τω Θεώ!
0843 ; ; Ik wacht op een taxi ; περιμένω ταξί 
0844 ; ; Vul de ontbrekende woorden in. ; Συμπληρώστε τις λέξεις που λείπουν.
0845 ; ; Beantwoord de vragen. ; Απαντήστε στις ερωτήσεις.
0846 ; ; Ik vraag hoeveel het oplevert? ; Ρωτάω πόσο κάνει;
0847 ; ; de journalist ; ο/η δημοσιογράφος 
0848 ; ; in Athene, in Pagrati ; στην Αθήνα, στο Παγκράτι
0849 ; ; naar Pagrati ; προς Παγκράτι 
0850 ; ; het brood ; το ψωμί 
0851 ; ; het sap, de sappen ; ο χυμός, οι χυμοί 
0852 ; ; kauwgom, kauwgom ; τσίχλα, τσίχλες 
0853 ; ; yoghurt, yoghurt ; γιαούρτι, γιαούρτια 
0854 ; ; snoep, snoepjes ; καραμέλα, καραμέλες 
0855 ; ; pretzels, pretzels ; κουλούρι, κουλούρια 
0856 ; ; kaastaart, kaastaart ; τυρόπιτα, τυρόπιτες
0857 ; ; spinazie taart ; σπανακόπιτα
0858 ; ; het water, de wateren ; το νερό, τα νερά 
0859 ; ; bier, bieren ; μπίρα, μπίρες 
0860 ; ; Ik ga naar de bakker en koop: ; Πηγαίνω στον φούρνο και αγοράζω:
0861 ; ; een bruin brood ; ένα μαύρο ψωμί 
0862 ; ; een croissantje ; ένα κρουασάν 
0863 ; ; een broodje ; ένα σάντουιτς 
0864 ; ; een halve kilo lettdips. dingen om te soppen ; μισό κιλό βουτήματα lett. dingen om te sopppen
0865 ; ; een boerenbrood ; ένα χωριάτικο ψωμί 
0866 ; ; het dorp ; το χωριό
0867 ; ; rustiek ; χωριάτης 
0868 ; ; een boerensalade ; μια χωριάτικα σαλάτα
0869 ; ; Wil je nog iets anders? ; Θέλετε τίποτα άλλο;
0870 ; ; rechts ; σωστός
0871 ; ; het weer ; ο καιρός 
0872 ; ; de kou ; το κρύο 
0873 ; ; middag ; απόγευμα
0874 ; ; gebruikelijk ; συνήθως 
0875 ; ; horen ; ακούω 
0876 ; ; zomer ; καλοκαίρι 
0877 ; ; zelden ; σπάνια
0878 ; ; laat ; αργά
0879 ; ; nacht ; βράδυ 
0880 ; ; Wanneer ; ποτέ
0881 ; ; Wanneer ; πότε
0882 ; ; ontbijt ; πρωινό 
0883 ; ; diner ; βραδινό
0884 ; ; het is heet ; κάνει ζέστη 
0885 ; ; ik eet ; τρώω
0886 ; ; ik doe vroeg ; κάνω νωρίς 
0887 ; ; muziek wakker worden ; ξυπνάω μουσική 
0888 ; ; Ik zie om te winkelen ; βλέπω για ψώνια
0889 ; ; Ik ga naar de televisie ; πάω τηλεόραση 
0890 ; ; in januari ; τον Ιανουάριο 
0891 ; ; op maandag ; την Δευτέρα 
0892 ; ; op dinsdag ; την Τρίτη 
0893 ; ; op zaterdagavond ; το Σάββατο το βράδυ 
0894 ; ; ik ga naar buiten, ga naar buiten ; βγαίνω έξω uitgaan
0895 ; ; een keer per maand ; μια φορά τον μήνα 
0896 ; ; hoe veel ; πόσον
0897 ; ; in het weekend ; τον Σαββατοκύριακο
0898 ; ; Ik vind de zinnen en zet de toon ; βρίσκω τις φράσεις και βάζω τόνο
0899 ; ; 12.00 uur twaalf uur ; 12:00 δώδεκα η ώρα
0900 ; ; 13:15 kwart over ; 13:15 μια και τέταρτο 
0901 ; ; 17.30 half zes ; 17:30 πέντε και μισή 
0902 ; ; de bank ; η τράπεζα 
0903 ; ; Ik wacht op een bus ; περιμένω λεωφορείο 
0904 ; ; het eiland ; το νησί 
0905 ; ; kwaad moreel slecht ; κάκος moreel slecht
0906 ; ; lelijk slecht ; άσχημος slecht
0907 ; ; scheef weer ; skecht weer
0908 ; ; wit ; άσπρος
0909 ; ; beer ; αρκούδα 
0910 ; ; sneeuw ; χιόνι 
0911 ; ; uitschelden ; μαλώνω 
0912 ; ; Wat ga je worden? ; Τι θα γίνεις;
0913 ; ; analfabeet ; αγράμματος 
0914 ; ; Ik word ziek ; αρρωσταίνω 
0915 ; ; Ik zal het niet uithouden ; δε θ’αντέξω
0916 ; ; ga wild ; αγριέψω
0917 ; ; zoals ; όπως
0918 ; ; to ziehier, hier heb je, voici ; να ziehier, hier heb je, voici
0919 ; ; Hier is Johannes ; να ο Γιάννης
0920 ; ; wees goed ; νά 'σαι καλά 
0921 ; ; wees goed ; νά 'στε καλά 
0922 ; ; Ik begrijp wat je zegt ; καταλαβαίνω τι λες
0923 ; ; Ik begrijp hoe het is ; καταλαβαίνω πως είναι
0924 ; ; Ik begrijp dat dat zo is ; καταλαβαίνω ότι είναι 
0925 ; ; de journalist ; ο δημοσιογράφος
0926 ; ; en zij zij ook ; κι αυτή zij ook
0927 ; ; de twee zij tweeën ; οι δύο zij tweeën
0928 ; ; in het centrum ; στο κέντρο 
0929 ; ; de boom in het midden ; το δέντρο στο κέντρο
0930 ; ; waar waar ; waar πού
0931 ; ; daar daar ; daar εκεί 
0932 ; ; hier hier ; hier εδώ 
0933 ; ; dichtbij dichtbij ; dichtbij κοντά 
0934 ; ; ver (weg) weg ; ver (weg) μακριά 
0935 ; ; rechts rechts ; rechts δεξιά 
0936 ; ; links links ; links αριστερά 
0937 ; ; gaan ; πηγαίνω 
0938 ; ; het hotel ; το ξενοδοχείο
0939 ; ; Is het… ; Μήπως …
0940 ; ; Bent u een buitenlander? ; Είστε ξένος;
0941 ; ; Waar precies? ; Πού ακριβώς;
0942 ; ; Zeker ; βέβαια 
0943 ; ; Natuurlijk ; βεβαίως 
0944 ; ; Zeker ; βέβαιος 
0945 ; ; straat (in de straatnaam) de straat ; straat (in de straatnaam) η οδός 
0946 ; ; weg, straat de weg ; weg, straat ο δρόμος
0947 ; ; (bij (straat)) Ermou ; (στην (οδό)) Ερμού
0948 ; ; de eenheid ; η ομόνοια 
0949 ; ; Wil je iets? ; Θέλεις τίποτα;
0950 ; ; Nee, ik wil niets. ; Όχι, δεν θέλω τίποτα.
0951 ; ; Nee, niets. ; Όχι, τίποτα.
0952 ; ; iets alleen bevestigend gebruikt ; κάτι alleen affirmatief gebruikt
0953 ; ; Ja, ik wil iets. ; Ναι, θέλω κάτι.
0954 ; ; Ga jij wel eens naar de bioscoop? ; Πας ποτέ στο σινεμά;
0955 ; ; Ik ga nooit. ; Δεν πάω ποτέ.
0956 ; ; Wanneer. ; Ποτέ.
0957 ; ; Ik ga een keer. ; Πάω κάποτε.
0958 ; ; Wanneer? Wanneer? ; Πότε;
0959 ; ; Weet iemand hoe laat het is? ; Ξέρει κανένας τι ώρα είναι;
0960 ; ; Niemand weet het ; Δεν ξέρει κανένας 
0961 ; ; geen ; κανένας 
0962 ; ; Ja, iemand weet het. ; Ναι, ξέρει κάποιος.
0963 ; ; Ik ben nergens bang voor ; Δεν φοβάμαι τίποτα 
0964 ; ; Ik hoop niets ; δεν ελπίζω τίποτα 
0965 ; ; ik ben vrij ; είμαι ελεύθερος
0966 ; ; 15.30 half drie ; 15:30 τρεις και μισή
0967 ; ; Hoe laat ga je naar je werk? ; Τι ώρα πας στη δουλειά σου; /doeljásoe/
0968 ; ; om negen uur om negen uur ; om negen uur στις εννέα η ώρα 
0969 ; ; om één uur precies op het hele uur precies ; om één uur precies στην μια η ώρα ακριβώς
0970 ; ; uur de tijd (verandert niet, alleen op het volle uur gebruikt) ; o'clock η ώρα (verandert niet, alleen op het volle uur gebruikt)
0971 ; ; om half acht ; στις οκτώ και μισή
0972 ; ; de mobiele telefoon ; το κινητό
0973 ; ; de kerstboom ; το χριστουγεννιάτικο δέντρο 
0974 ; ; pop de pop ; pop η κούκλα 
0975 ; ; de champagne ; η σαμπάνια 
0976 ; ; de zoete taart, gebak, dessert, zoetigheid ; το γλυκό taart, gebak, dessert, zoetigheid 
0977 ; ; grijs ; γκρίζος 
0978 ; ; ezel ezel ; γάιδαρος ; /gajdaros/
0979 ; ; blaft ; γκαρίζει
0980 ; ; rondom ; γύρω
0981 ; ; dwalen ; τριγυρίζω
0982 ; ; bril ; γυαλιά ; /jaljá/
0983 ; ; vest ; γιλέκο 
0984 ; ; kruidnagel in revers ; γαρίφαλο στο πέτο 
0985 ; ; overschoenen ~ overschoenen ; γαλότσες ~ galoches
0986 ; ; stropdas ; γραβάτα 
0987 ; ; de kat ; η γάτα 
0988 ; ; draait zich om ; γυρεύει 
0989 ; ; haar te kraagen ; να τη βάλει για γιακά 
0990 ; ; de vacht ; η γούνα 
0991 ; ; kietelen ; γαργαλά
0992 ; ; de kat spint ; η γάτα γουργουρίζει
0993 ; ; lachen ; να γελά
0994 ; ; blaffen ; να γκαρίζει
0995 ; ; Wanneer ; πότε 
0996 ; ; Wanneer ; ποτέ 
0997 ; ; Vandaag hebben we les in de klas ; Σήμερα κάνουμε μάθημα στην τάξη
0998 ; ; Tot snel! ; Τα λέμε σε λίγο!
0999 ; ; verbazingwekkend ; καταπληκτική
1000 ; ; het werk ; η εργασία
1001 ; ; Ik was onder de indruk ; Εντυπωσιάστηκα
1002 ; ; Tegelijkertijd ; Συγχρόνως
1003 ; ; Het spijt me ; λυπήθηκα
1004 ; ; Ook ; επίσης
1005 ; ; gebracht ; φέρθηκε
1006 ; ; al ; ήδη
1007 ; ; moeilijk ; σκληρά
1008 ; ; Genieten ; Χαίρομαι
1009 ; ; Echter ; όμως
1010 ; ; zo veel ; τόσο
1011 ; ; intelligent ; ευφυή
1012 ; ; artiest ; καλλιτέχνη
1013 ; ; Wat betreft het werk ; Όσο για την εργασία
1014 ; ; weinig ; ελάχιστες
1015 ; ; observaties ; παρατηρήσεις
1016 ; ; dienovereenkomstig corrigeren? ; να διορθώσεις ανάλογα;
1017 ; ; jij bent blij ; χαίρεσαι
1018 ; ; ik wist het ; ήξερα
1019 ; ; Tot morgen in persoon! ; Τα λέμε αύριο από κοντά!
1020 ; ; Fijne week ; Καλή εβδομάδα
1021 ; ; goede maand ; καλό μήνα
1022 ; ; Ik wou dat ik dat was ; θα ήθελα να ήμουν
1023 ; ; kleine vogel ; πουλάκι
1024 ; ; ik was aan het luisteren ; άκουγα
1025 ; ; Ik was erg blij! ; χάρηκα πάρα πολύ! 
1026 ; ; postzegelverzameling ; συλλογή γραμματοσήμων
1027 ; ; stempel ; γραμματόσημο 
1028 ; ; het land ; η χώρα
1029 ; ; onderstaand ; παρακάτω
1030 ; ; de grote meerderheid ; το μεγάλο πλειο
1031 ; ; de vrucht, de vruchten ; το φρούτο, τα φρούτα
1032 ; ; de banaan ; η μπανάνα
1033 ; ; de kokosnoot ; η καρύδα
1034 ; ; de kersen ; τα κεράσια
1035 ; ; de pruim ; το δαμάσκηνο
1036 ; ; de peer ; το αχλάδι
1037 ; ; de appel ; το μήλο
1038 ; ; (citroen)geel ; κίτρινος -η -ον
1039 ; ; groen, het wezen ; πράσινος -η -ον
1040 ; ; rood, het wezen ; κόκκινος -η -ον
1041 ; ; prei ; πράσο 
1042 ; ; paars, paars ; μοβ, μωβ
1043 ; ; beige ; μπεζ
1044 ; ; roze ; ροζ
1045 ; ; oranje ; πορτοκαλί
1046 ; ; koffie ; καφέ 
1047 ; ; kastanjes ; κάστανα
1048 ; ; blauw ; μπλε 
1049 ; ; blauw, een, wezen ; γαλάζιος -α -ον
1050 ; ; grijs ; γκρι
1051 ; ; grijs, een, wezen ; γκρίζος -α -ον
1052 ; ; leuk, een, wezen ; ωραίος -α -ον
1053 ; ; jong, nieuw, neon ; νέος -α -ον
1054 ; ; beestje, kapoentjes ; το ζουζούνι, τα ζουζούνια 
1055 ; ; het insect ; το έντομο 
1056 ; ; de dennenboom ; το έλατο
1057 ; ; de takken ; τα κλαδιά
1058 ; ; de bladeren ; τα φύλλα 
1059 ; ; het geschenk ; το δώρο
1060 ; ; in de zomer ; το καλοκαίρι
1061 ; ; de sneeuw ; το χιονιά 
1062 ; ; avond ; εσπέραν
1063 ; ; de koning ; ο βασιλεύς 
1064 ; ; de dichter ; ο ποιητής 
1065 ; ; heren ; άρχοντες
1066 ; ; herenhuis ; αρχοντικό
1067 ; ; definitie ; ορισμός 
1068 ; ; Christus de goddelijke geboorte ; Χριστού η Θεία γέννηση 
1069 ; ; ze kwamen ; ήρθαν 
1070 ; ; met Kerstmis ; τα Χριστούγεννα 
1071 ; ; het nieuwe jaar ; η Πρωτοχρονιά
1072 ; ; de kerstliederen ; τα κάλαντα 
1073 ; ; of driehoeken ; η τρίγωνα 
1074 ; ; Christus is vandaag geboren ; Χριστός γεννάται σήμερον
1075 ; ; Christus is waarlijk verrezen ; Χριστός ανέστη αληθώς
1076 ; ; de lucht ; οι ουρανοί
1077 ; ; de natuur ; η φύσις
1078 ; ; zij verheugen zich ; αγάλλονται
1079 ; ; hij is blij ; χαίρεται
1080 ; ; het tikt ; τίκτεται
1081 ; ; spelonkachtig ; σπηλαίος
1082 ; ; de kribbe ; η φάτνη 
1083 ; ; het paard ; το άλογο
1084 ; ; verwijderen ; βγάζω
1085 ; ; ik draag ; φοράω 
1086 ; ; de druiven ; τα σταφύλια 
1087 ; ; oranje is oranje ; το πορτοκάλι είναι πορτοκαλί
1088 ; ; koffie is koffie ; ο καφές είναι καφέ 
1089 ; ; ze verspreidden zich overal ; σκόρπισαν παντού 
1090 ; ; elk ; κάθε
1091 ; ; het nest ; η φωλιά 
1092 ; ; in de buurt ; μέσα στη γειτονιά 
1093 ; ; het heldere ; το φωτεινό
1094 ; ; feestelijk ; γιορτινό 
1095 ; ; bericht ; μήνυμα 
1096 ; ; loop ; τρέχω
1097 ; ; voer ; τρέφω 
1098 ; ; de stilte ; η σιγαλιά
1099 ; ; de omhelzing gaat open ; ανοίγει η αγκαλιά 
1100 ; ; liefde maakte van het hart een nest ; έκανε η αγάπη την καρδιά φωλιά 
1101 ; ; Hoe was het in Griekenland? ; Πώς ήταν στην Ελλάδα;
1102 ; ; Iets langzamer, alstublieft. ; Λίγο πιο αργά, παρακαλώ.
1103 ; ; Afrodite ; η Αφροδίτη 
1104 ; ; ze zijn aan het praten ; αυτοί κάνουν κουβέντα 
1105 ; ; ze praten ; μιλάνε 
1106 ; ; het ziekenhuis ; το νοσοκομείο 
1107 ; ; Kom, kom! ; Έλα, έλα!
1108 ; ; Kom voor koffie! ; Έλα για καφέ!
1109 ; ; Zullen we koffie gaan drinken? ; Πάμε για καφέ;
1110 ; ; Vertrouw je mij niet? ; Δεν με επιστεύεσαι;
1111 ; ; rechte lijn ; ευθεία(ν)
1112 ; ; Meneer ; κύριε
1113 ; ; dame ; κυρία 
1114 ; ; Is het misschien … ? ; Μήπως … ;
1115 ; ; een paar minuten ; λίγα λεπτά 
1116 ; ; Wel wel, u komt van ver! ; Πωπω, μένετε μακριά!
1117 ; ; Ik denk dat… ; νομίζω πως/ότι …
1118 ; ; Vrolijk Kerstfeest! ; Καλά Χριστούγεννα!
1119 ; ; Gelukkig nieuwjaar! ; Ευτυχισμένος ο καινούργιος χρόνος!
1120 ; ; Gezondheid, liefde en vreugde in 2025! ; Υγεία, αγάπη και χαρά το 2025!
1121 ; ; Ik heb het gisteravond gemaakt. ; Έφτιαξα χθες το βράδυ.
; 02-04; zoeken; ψάχνω 
; 02-04; persoon; το άτομο 
; 02-04; kledij; τα ρούχα (το ρούχο) 
; 02-04; kostuum; ένα κοστούμι 
; 02-04; sjaal; το κασκόλ 
; 02-04; trui; το πουλόβερ 
; 02-04; broek; το παντελόνι 
; 02-04; tas; η τσάντα 
; 02-04; hoed; το καπέλο 
; 02-04; handschoenen; τα γάντια (το γάντι) 
; 02-04; paar handschoenen; ένα ζευγάρι γάντια  
; 02-04; riem; η ζώνη 
; 02-04; sok; η κάλτσα 
; 02-04; paar sokken; ένα ζευγάρι κάλτσες 
; 02-04; T-shirt; μπλουζάκι 
; 02-04; laars; μπότα 
; 02-04; paar laarzen; ένα ζευγάρι μπότες 
; 02-04; shirt; το πουκάμισο 
; 02-04; schoen; το παπούτσι 
; 02-04; paar schoenen; ένα ζευγάρι παπούτσια 
; 02-04; kleine schoenen; παπουτιάκια 
; 02-04; jas ; το μπουφάν 
; 02-04; bril; τα γυαλιά 
; 02-04; rok; η φούστα 
; 02-04; jurk; το φόρεμα 
; 02-04; jurk; το φουστάνι 
; 02-04; jas; το παλτό 
; 02-04; stropdas; η γραβάτα 
; 02-04; jas; το σακάκι 
; 02-04; klok; το ρολόι 
; 02-04; knop; το κουμπί 
; 02-11; ; βρε 
; 02-11; oefening; η άσκηση 
; 02-11; weekend; το Σαββατοκύριακο 
; 02-11; eenpersoonskamer; το μονόκλινο 
; 02-11; dubbele; το δίκλινο 
; 02-11; verdieping; όροφος 
; 02-11; koelkast; το ψυγείο 
; 02-11; hitte; η ζέστη 
; 02-11; heet; ζεστός -ή -ό 
; 02-11; ontbijt; το πρωινό 
; 02-11; sleutel; το κλειδί 
; 02-11; lift; το ασανσέρ 
; 02-11; bed; το κρεβάτι 
; 02-11; badkamer; το μπάνιο 
; 02-11; Maar jij bent jong! ; Μα είστε νέα! 
; 02-11; eerst; πρώτος -η -ο 
; 02-11; tweede; δεύτερος -η -ο 
; 02-11; derde; τρίτος -η -ο 
; 02-11; vierde; τέταρτος -η -ο 
; 02-11; vijfde; πέμπτος -η -ο 
; 02-11; man; ο άνθρωπος 
; 02-11; uitzicht; η θέα 
; 02-11; Japan; η Ιαπονιά 
; 02-11; Japanner; ο Γιαπωνέζος 
; 02-11; Japanse; η Γιαπωνέζα 
; 02-11; Duitsland; η Γερμανία 
; 02-11; Duitser; ο Γερμανός 
; 02-11; Duitse; η Γερμανίδα 
; 02-11; Frankrijk; η Γαλλία 
; 02-11; Fransman; ο Γάλλος 
; 02-11; Française; η Γαλλίδα 
; 02-11; Italië; η Ιταλία 
; 02-11; Italiaan; ο Ιταλός 
; 02-11; Italiaanse; η Ιταλίδα 
; 02-11; Nederland; η Ολλανδία 
; 02-11; Nederlander; ο Ολλανδός 
; 02-11; Nederlandse; η Ολλανδέζα 
; 02-11; Engeland; η Αγγλία 
; 02-11; Engelsman; ο Άγγλος 
; 02-11; Engelse; η Αγγλίδα 
; 02-11; Spanje; η Ισπανία 
; 02-11; Spanjaard; ο Ισπανός 
; 02-11; Spaanse; η Ισπανίδα 
; 02-11; België; το Βέλγιο 
; 02-11; Belg; ο Βέλγος 
; 02-11; België; η Βελγίδα 
; 02-11 ; dag; η ήμερα, η μέρα 
; 02-11 ; zondag; η Κυριακή 
; 02-11 ; maandag; η Δευτέρα 
; 02-11 ; dinsdag; η Τρίτη 
; 02-11 ; woensdag; η Τετάρτη 
; 02-11 ; donderdag; η Πέμπτη 
; 02-11 ; vrijdag; η Παρασκευή 
; 02-11 ; op zaterdag; το Σάββατο 
; 02-11 ; zevende dag; η έβδομη η μέρα 
; 02-11 ; met ontbijt; με πρωινό 
; 02-11 ; met zicht op zee; με θέα στην θάλασσα 
; 02-11 ; eerst; πρώτος -η -ο 
; 02-11 ; tweede; δεύτερος -η -ο  
; 02-11 ; derde; τρίτο -η -ο  
; 02-11 ; vierde; τέταρτο -η -ο  
; 02-11 ; vijfde; πέμπτος -η -ο  
; 02-11 ; zesde; έκτο -η -ο  
; 02-11 ; zevende; έβδομος -η -ο 
; 02-11 ; week; εβδομάς 
; 02-11 ; zeventig; εβδομήντα 
; 02-11 ; medelijden; οίκτο ή την οίκτο  
; 02-11 ; (de) douche; (το) ντους 
; 02-11 ; juiste artikel; το σωστό άρθρο 
; 02-11 ; precies; ακριβώς -ή -ό 
; 02-11 ; nieuw; καινούργιος -η -ο 
; 02-11 ; lang; ψηλός -ή -ό 
; 02-11 ; rijk; πλούσιος -η -ο 
; 02-11 ; handwerk; χερίοργος -α -ο 
; 02-11 ; paraplu; η ομπρέλα 
; 02-11 ; euro; το ευρώ  
; 02-11 ; dollar; το δολάριο 
; 02-11 ; pond; η λίρα 
; 02-11 ; Hoe lang nog?; Για πόσον καιρό; 
; 02-11 ; Welke wil je?; Ποιο θέλετε; 
; 02-11 ; Welke kant kijkt uit op de zee?; Ποιο βλέπει στην θάλασσα; 
; 02-11 ; Op welke verdieping woon jij?; Σε ποιον όροφο μένετε; 
; 02-11 ; Welke kamer wilt u?; Τι δωμάτιο θέλετε; 
; 02-11 ; koud; κρύος -η -ο 
; 02-11 ; grappig; αστείος -α -ο 
; 02-11 ; oud; αρχαίος -α -ο 
; 02-11 ; lang; ψηλός -ή -ό 
; 02-11 ; kort; κοντός -ή -ό 
; 02-11 ; slim; έξυπνος -η -ο 
; 02-11 ; ei; (το) αυγό, (το) αβγό  
; 02-11 ; deze man; αυτός ο άνδρας  
; 02-11 ; deze; αυτή η γυναίκα  
; 02-11 ; dit boek; αυτό το βιβλίο 
; 02-11 ; beminnen; αγαπάω  
; 02-11 ; wie; πιος, ποιον 
; 02-11 ; nu; πια, πια 
; 02-11 ; welke, welke; ποιο, ποιο 
; 02-11 ; horen; ακούω 
; 02-11 ; toneelstuk; παίζω  
; 02-11 ; eensgelijks, ook; επίσης 
; 02-11 ; gitaar spelen; παίζω τη κιθάρα 
; 02-11 ; piano spelen; παίζω το πιάνο 
; 02-11 ; dammen; παίζω το τάβλι 
; 02-11 ; kaarten; παίζω χαρτιά 
; 02-11 ; toneelspelen; παίζω θέατρο 
; 02-11 ; complex; το συγκρότημα 
; 02-11 ; Waarom niet?; Γιατί όχι; 
; 02-11 ; meisje; η κοπέλα 
; 02-11 ; ’s ochtends; το πρωί 
; 02-11 ; ’s middags; το μεσημέρι 
; 02-11 ; ’s namiddags; το απόγευμα 
; 02-11 ; ’s avonds; το βράδυ 
; 02-11 ; nacht; η νύχτα 
; 02-11 ; op dinsdag; την Τρίτη 
; 02-11 ; Griekse les; μάθημα ελληνικών 
; 02-11 ; gelijkvloers; το ισόγειο 
; 02-11 ; appartement; το διαμέρισμα 
; 02-11 ; appartementsgebouw; η πολυκατοικία 
; 02-11 ; Ik woon in een huis. ; μένω σε σπίτι 
; 02-11 ; Wie wil je? ; Ποιον θέλετε; 
; 02-11 ; Wat wil je van hem?; Τι τον θέλετε; 
; 02-18; Prettig verblijf!; Καλή διαμονή! 
; 02-18; Veel plezier!; Καλά να περάσετε! 
; 02-18; groot; μεγάλος -η -ο 
; 02-18; klein; μικρός -η -ο 
; 02-18; nieuw; νέος -α -ο 
; 02-18; nieuw; καινούργιος 
; 02-18; oud; παλιός 
; 02-18; oud; αρχαίος 
; 02-18; met ontbijt; με πρωινό 
; 02-18; zonder ontbijt; χωρίς πρωινό 
; 02-18; Welke kamer wilt u? Dubbel of enkel?; Τι δωμάτιο θέλετε; Δίκλινο ή μονόκλινο; 
; 02-18; met de trein; με το τρένο 
; 02-18; binnenin; μέσα 
; 02-18; uit; έξω 
; 02-18; twee-drie; δύο-τρία 
; 02-18; in de stad; εις την Πόλη  
; 02-18;; Σου πάει το ρος! 
; 02-18; kruispunt; η διασταύρωση 
; 02-18; kruis; ο σταύρος 
; 02-18; kruiswoordpuzzel; το σταυρόλεξο 
; 02-18; stoplicht; το φανάρι 
; 02-18; Is er een dokter?; Υπάρχει κανένας γιατρός; 
; 02-18; Is er een taverne?; Υπάρχει καμία ταβέρνα; 
; 02-18; Is er iemand die … ?; Υπάρχει κάποιον που … ; 
; 02-18; Is er een apotheek?; Υπάρχει κανένα φαρμακείο; 
; 02-18; wij zijn op de Nikisstraat; είμαστε στην οδό Νίκης 
; 02-18; laan; η λεωφόρος 
; 02-18; op de Vredes-Avenue; στην λεωφόρο Ειρήνης 
; 02-18; de weg uitleggen; 
; 02-18; Waar is … , alstublieft?; Παρακαλώ, που είναι … ; 
; 02-18; twee of drie hoeken; δύο-τρία τετράγωνα 
; 02-18; onderstaand; παρακάτω 
; 02-18; na; μετά 
; 02-18; ga recht naar beneden; πηγαίνετε ευθεία κάτω 
; 02-18; en op de tweede weg; και στον δεύτερο δρόμο 
; 02-18; links/rechts afslaan; στρίβετε αριστερά/δεξιά 
; 02-18; daar, tegenover het museum; εκεί, απέναντι από το μουσείο 
; 02-18; -winkel, waar men iets koopt; -πωλείο 
; 02-18; boekenwinkel; ένα βιβλιοπωλείο 
; 02-18;bloemenwinkel; ένα ανθοπωλείο 
; 02-18; naast; δίπλα σε + acc 
; 02-18; naast; δίπλα από + acc 
; 02-18; tegenover; απέναντι σε + acc 
; 02-18; tegenover; απέναντι από + acc 
; 02-18; tegenover de oven; απέναντι στον φούρνο 
; 02-18; naast de herberg; δίπλα στην ταβέρνα 
; 02-18; tegenover de apotheek; απέναντι στο φαρμακείο 
; 02-18; naast de murlos; δίπλα από τον μουρλό 
; 02-18; naast de herberg; δίπλα από την ταβέρνα 
; 02-18; naast de apotheek; δίπλα από το φαρμακείο 
; 02-18; parkeerplaats; το πάρκινγκ 
; 02-18; stomerij, droogkuis; το καθαριστήριο 
; 02-18; loodgieter; ο υδραυλικός 
; 02-18; bioscoop; ο κινηματογράφος 
; 02-18; pizzeria; η πιτσαρία 
; 02-18; banketbakkerij; το ζαχαροπλαστείο 
; 02-18; nationale bank; η εθνική τράπεζα 
; 02-18; T-shirt; το φανελάκι 
; 02-18; ondergoed; τα εσώρουχα 
; 02-18; pantoffels; τα παντόφλες 
; 02-18; ; το πέδιλα 
; 02-18; korte broek; το σορτς 
; 02-18; panty; το καλσόν 
; 02-18; omhoog gaan; ανεβαίνω 
; 02-18; uitstappen; κατεβαίνω 
; 02-18; weglopen; βγαίνω έξω 
; 02-18; draai; στρίβω 
; 02-18; grommen; γκρινιάζω 
; 02-18; Ik stop.; κάνω στάση 
; 02-18; omhoog; (ε)πάνω 
; 02-18; omlaag; κάτω 
; 02-18; omdat; γιατί 
; 02-18; weg; μακριά 
; 02-18; onderstaand; παρακάτω 
; 02-18; precies; ακριβώς 
; 02-18; direct; ευθεία 
; 02-18; tegen; απέναντι σε 
; 02-18; na; μετά 
; 02-18; snel; γρήγορα 
; 02-18; opnieuw; πάλι 
; 02-18; ; όμως 
; 02-18; vandaag; σήμερα 
; 02-18; Hier … !; Να … ! 
; 02-18; straat; η οδός 
; 02-18; weg; ο δρόμος 
; 02-18; hoek; η γωνία 
; 02-18; plein; το τετράγωνο 
; 02-18; supermarkt; το σουπερμάρκετ 
; 02-18; blij; ευχαριστημένος -η -ο 
; 02-18; moe; κουρασμένος -η -ο 
; 02-18; klaar; έτοιμος -η -ο 
; 02-18; in de buurt van; κοντά 
; 02-18; weg; μακριά 
; 02-18; uit; έξω 
; 02-18; binnenin; μέσα 
; 02-18; uitgaan; βγαίνω 
; 02-18; binnenkomen; μπαίνω 
; 02-18; omhoog gaan; ανεβαίνω 
; 02-18; uitstappen; κατεβαίνω 
; 02-18; rechts; δεξιά 
; 02-18; links; αριστερά 
; 02-18; omhoog gaan; ανεβαίνω επάνω 
; 02-18; weglopen; βγαίνω έξω 
; 02-18; binnen gaan, binnenkomen; μπαίνω μέσα 
; 02-18; ga linksaf; στρίβω αριστερά 
; 02-18; ; Χοιρινή μοιάζω πολύ 
; 02-18; veraf wonen; μένω μακριά 
; 02-18; direct; ευθεία 
; 02-18; onderstaand; κάτω 
; 02-18; hoek; η γωνία 
; 02-18; dan; τότε 
; 02-18; Kyr-, Kyrelias = Meneer Elias, Kyrimaria = Mevrouw Maria; Κυρ-, Κυρηλίας = κύριέ Ηλίας, Κυριμαρία = κυρία Μαρία 
; 02-25; kleren, kledij; τα ρούχα 
; 02-25; broek; το παντελόνι 
; 02-25; een paar schoenen; ένα ζευγάρι παπούτσια 
; 02-25; blouse; μπλούζα 
; 02-25; hoed; το καπέλο 
; 02-25; jas; το σακάκι 
; 02-25; rok; η φούστα 
; 02-25; jurken; τα φόρεμα 
; 02-25; sandalen; τα πέδιλα 
; 02-25; korte broek; το σορτς 
; 02-25; pak; το κοστούμι 
; 02-25; sportschoenen; τα αθλητικά παπούτσια 
; 02-25; sokken; οι κάλτσες 
; 02-25; T-shirt; το μπλουζάκι 
; 02-25; sjaal; το κασκόλ 
; 02-25; handschoenen; τα γάντια 
; 02-25; bril; τα γυαλιά 
; 02-25; jas; το παλτό 
; 02-25; tas; η τσάντα 
; 02-25; laarzen; οι μπότες 
; 02-25; bouvan; το μπουβάν 
; 02-25; badpak; το μαγιό 
; 02-25; pantoffels; οι παντόφλες 
; 02-25; beeld; η εικόνα 
; 02-25; Roodkapje; η Κοκκινοσκουφίτσα 
; 02-25; atletisch; αθλητικός -ή -ό 
; 02-25; alledaags; καθημεριννός -ή -ό 
; 02-25; zomer; καλοκαιρινός -ή -ό 
; 02-25; avond; βραδινός -ή -ό 
; 02-25; modern; μοντέρνος -α -ο 
; 02-25; klassiek; κλασικός -ή -ό 
; 02-25; smal; στενός -ή -ό 
; 02-25; nemen; παίρνω 
; 02-25; bijvoeglijk naamwoord; το επίθετο 
; 02-25; tafel; ο πίνακας 
; 02-25; hakken; οι γόβες 
; 02-25; schoon; καθαρός -ή -ό 
; 02-25; vuil; βρώμικος -η -ο 
; 02-25; dik; χοντρός -ή -ό 
; 02-25; dun; λεπτός -ή -ό 
; 02-25; wit; λευκός -ή -ό, άσπρος -η -ο 
; 02-25; witte wijn; ένα λευκό κρασί = ένα άσπρο κρασί 
; 02-25; rode wijn; ένα μαύρο κρασί = ένα κόκκινο κρασί 
; 02-25; zwart; μαύρος 
; 02-25; rood; κόκκινος 
; 02-25; Wereld, huh!; Κόσμος, ε! 
; 02-25; station; ο σταθμός 
; 02-25; vliegtuig; το αεροπλάνο 
; 02-25; met het vliegtuig; με το αεροπλάνο 
; 02-25; luchthaven; το αεροδρόμιο 
; 02-25; schip; το πλοίο 
; 02-25; per schip; με το πλοίο 
; 02-25; haven; το λιμάνι 
; 02-25; trein; το τρένο 
; 02-25; met de trein; με το τρένο 
; 02-25; auto; το αυτοκίνητο 
; 02-25; fiets; το ποδήλατο 
; 02-25; machine; η μηχανή 
; 02-25; te voet; με τα πόδια 
; 02-25; een eiland; ένα νησί 
; 02-25; totdat, totdat; ως, μέχρι 
; 02-25; aankomen; φτάνω 
; 02-25; vertrekken; φεύγω 
; 02-25; reis; ταξιδεύω 
; 02-25; nemen; παίρνω 
; 02-25; gaan; πάω 
; 02-25;eten; τρώω 
; 02-25; horen; ακούω 
; 02-25; huilen; κλαίω 
; 02-25; schuldig zijn; φταίω 
; 02-25; praten; μιλάω, μιλώ 
; 02-25; beminnen; αγαπάω, αγαπώ 
; 02-25; honger hebben; πεινάω, πεινώ 
; 02-25; dorst hebben; διψάω, διψώ 
; 02-25; stoppen; σταματάω, σταματώ 
; 02-25; zingen; τραγουδάω, τραγουδώ 
; 02-25; beginnen; ξεκινάω, ξεκινώ 
; 02-25; passeren; περνάω, περννώ 
; 02-25; verkiezen, de voorkeur geven aan; προτιμάω, προτιμώ 
; 02-25; wandelen, stappen; περπατάω, περπατώ 
; 02-25; wakker worden; ξυπνάω, ξυπνώ 
; 02-25; kunnen; μπορώ 
; 02-25; (te) laat zijn; αργώ 
; 02-25; mee eens zijn, instemmen; συμφωνώ 
; 02-25; bedanken; ευχαριστώ 
; 02-25; zich zorgen maken; ανησυχώ 
; 02-25; vergeven; συγχωρώ 
; 02-25; gids; οδηγώ 
; 02-25; telefoon; τηλεφωνώ 
; 02-25; leven; ζω ζεις ζει ζούμε ζητεί ζουν 
; 02-25; Ik ben te laat door de trein!; Άργησα φταίει το τρένο! 
; 02-25; lied; το τραγούδι 
; 02-25; jeugd; το νιάτα 
; 02-25; vuur; η φωτιά 
; 02-25; alsof, zoals; σαν 
; 03-11; goed; καλός -ή -ό 
; 03-11; reizen; ταξιδεύω ταξιδεύεις ταξιδεύει ταξιδεύουμε ταξιδεύετε ταξιδεύουν 
; 03-11; motorfiets; το μηχανάκι 
; 03-11; eendje; το παπάκι 
; 03-11; dag; η μέρα 
; 03-11; ’s ochtends; το πρωί 
; 03-11; ’s middags; το μεσημέρι 
; 03-11; ’s namiddaags; το απόγευμα 
; 03-11; ’s avonds; το βράδυ 
; 03-11; nacht; η νύχτα 
; 03-11; om middernacht; τα μεσάνυχτα 
; 03-11; tram; το τρόλει 
; 03-11; elektricien; ο ηλεκτρικός 
; 03-11; elektrisch; ηλεκτρικός -ή -ό 
; 03-11; metro; το μετρό 
; 03-11; de hond uitlaten; βγάζω βόλτα τον σκύλο 
; 03-11; een toertje maken, wandelen; βγάζω βόλτα 
; 03-11; wandeling, toertje; η βόλτα 
; 03-11; beginnen; ξεκινάω 
; 03-11; vertrekken; φεύγω 
; 03-11; kaartje, ticket; το εισιτήριο 
; 03-11; ticket enkel reis; το εισιτήριο απλό 
; 03-11; retourticket; το εισιτήριο με επιστροφή 
; 03-11; eerste klasse; πρώτη θέση 
; 03-11; economieklasse; τουριστική θέση 
; 03-11; over; περίπου 
; 03-11; bij de kiosk; στο περίπτερο 
; 03-11; poëzie; η ποίηση 
; 03-11; eenvoudig; απλός -ή -ό 
; 03-11; waardig; άξιος -η -ο 
; 03-11; belachelijk; γελοίος -η -ο 
; 03-11; ; -ποιω 
; 03-11; ; χρησιποιώ 
; 03-11; gebruiken; χρησιμοποιώ 
; 03-11; nieuw; νέος -α -ο 
; 03-11; oud; παλιός 
; 03-11; goed; καλός -ή -ό 
; 03-11; slecht; κακός -ή -ό 
; 03-11; gemakkelijk; εύκολος -η -ο 
; 03-11; moeilijk; δύσκολος -η -ο 
; 03-11; warmte; ζέστος -η -ο 
; 03-11; koud; κρύος -α -ο 
; 03-11; vuil; βρώμικος -η -ο 
; 03-11; schoon, proper; καθαρός -ή -ό 
; 03-11; groot; μεγάλος -η -ο 
; 03-11; klein; μικρός -ή -ό 
; 03-11; goedkoop; φτηνός -ή -ό 
; 03-11; duur; ακριβός -ή -ό 
; 03-11; lang; ψηλός -ή -ό 
; 03-11; kort; κοντός -ή -ό 
; 03-11; mooi; ωραίος -α -ο 
; 03-11; lelijk; άσχημος -η -ο 
; 03-11; gemakkelijk; εύκολος -η -ο 
; 03-11; moeilijk; δύσκολος -η -ο 
; 03-11; Maar nee! Oef!; Μπα! 
; 03-11; liever; μάλλον 
; 03-11; bekend; γνωστός -ή -ό 
; 03-11; merk; η μάρκα 
; 03-11; reisbureau; το ταξιδιωτικό 
; 03-11; gouden gids; η χρυσή αγγελία 
; 03-11; morgen; αύριο 
; 03-11; lam; το αρνάκι 
; 03-11; bij ons; μαζί μας 
; 03-11; altijd dragen; φοράω πάντα 
; 03-11; vallen; πέφτω 
; 03-11; de bus vertrekt; το λεωφορείο φεύγει 
; 03-11; Wacht je een secondje?; Περιμένεις ένα λεπτό; 
; 03-11; Ik hou heel veel van je!; Σε αγαπάω πολύ!, Σ'αγαπνώ πολύ! 
; 03-11; Gaat u via het postkantoor?; Μήπως περνάτε από το ταχυδρομείο; 
; 03-11; Hij wil kip, een Griekse salade en wijn.; θέλει κοτόπουλο, μία ελληνική σαλάτα και κρασί. 
; 03-11; Drink jij ’s ochtends geen koffie?; Δεν πίνεις καφέ το πρωί; 
; 03-11; we hebben erg honger; πεινάμε πολύ 
; 03-11; Ik houd van lamsvlees; μου αρέσει το αρνάκι 
; 03-11; Kom op, Niko!; Έλα Νίκο! 
; 03-11; eten is klaar; το φαγητό είναι έτοιμο 
; 03-11; Wie betaalt de rekening?; Ποιός πληρώνει τον λογαρισμό; 
; 03-11; beminnen; αγαπάω 
; 03-11; honger hebben; πεινάω 
; 03-11; dorst hebben; διψάω 
; 03-11; stoppen; σταματάω 
; 03-11; spreken; μιλάω 
; 03-11; vragen; ρωτάω 
; 03-11; antwoorden; απαντάω 
; 03-11; kunnen; μπορώ 
; 03-11; mee eens zijn, instemmen; συμφωνώ 
; 03-11; (in)studeren, blokken; μελετάω 
; 03-11; baan, job, werk; η δουλειά 
; 03-11; rondom, omstreeks; γύρω 
; 03-11; rond drie uur; γύρω στις τρεις 
; 03-11; onderzoeken; εξετάζω 
; 03-11; langs (voorbij) … komen, passeren aan; περνάω από 
; 03-11; de witte toren; ο λευκός πύργος 
; 03-11; toren; ο πύργος 
; 03-11; er ontbreekt iets; κάτι λείπει 
; 03-11; hoe dan ook; πάντως 
; 03-11; vrij goedkoop; μάλλον φτηνός 
; 03-11; meer; πια 
; 03-18; afhankelijk; εξαρτάτα 
; 03-18; opstaan; σηκώνομαι 
; 03-18; ; κουμάμαι 
; 03-18; ; αρχίζω 
; 03-18; serie; η σειρά 
; 03-18; gebruikelijk, gewoonlijk; συνήθως 
; 03-18; nieuws; τα νέα 
; 03-18; vaak; συχνά 
; 03-18; zelden; σπάνια 
; 03-18; na; μετά 
; 03-18; voor; πριν 
; 03-18; vroeg; νωρίς 
; 03-18; laat; αργά 
; 03-18; tram; το τρόλει 
; 03-18; vraag; η ερώτηση, τις ερωτήσεις 
; 03-18; oefening; η άσκηση, τις ασκήσεις 
; 03-18; langs komen; περνάω από 
; 03-18; een toertje maken, waggelen, boemelen; πάω βόλτα 
; 03-18; Zullen we (gaan) … ?; Πάμε … ; 
; 03-18; Zullen we naar het theater gaan? ; Πάμε στο θέατρο; 
; 03-18; Laten we naar de taverne gaan! ; Πάμε στην ταβέρνα! 
; 03-18; Zullen we naar het Plein gaan?; Πάμε στην Πλατεία; 
; 03-18; Laten we naar het museum gaan! ; Πάμε στο μουσείο! 
; 03-18; Zullen we naar de zee gaan?; Πάμε στη θάλασσα; 
; 03-18; Zullen we koffie gaan drinken? ; Πάμε για καφέ; 
; 03-18; Laten we wijn gaan drinken! ; Πάμε για κρασί! 
; 03-18; Wat wil je om te eten?; Τι φαγητό έχετε; 
; 03-18; Wij eten kip en aardappelen. ; Έχουμε κοτόπουλο με πατάτες. 
; 03-18; Wij eten lamsfricassee.; Έχουμε αρνάκι φρικασέ. 
; 03-18; Wij eten gebakken eieren en worstjes.; Έχουμε αυγά τηγανιτά και λουκάνικα. 
; 03-18; gebakken; τηγανητός -ή -ό 
; 03-18; worst; το λουκάνικο 
; 03-18; (Griekse) salade; η χωριάτικη (σαλάτα) 
; 03-18; gevulde tomaten; οι ντομάτες γεμιστές 
; 03-18; raam; το παράθυρο 
; 03-18; versturen; στέλνω 
; 03-18; vogel; το πουλί 
; 03-18; kus; το φιλί 
; 03-18; lunchen; τρώω μεσημεριανό 
; 03-18; muziek luisteren; ακούω μουσική 
; 03-18; koffie drinken; πίνω καφέ 
; 03-18; de krant lezen; διαβάζω εφημερίδα 
; 03-18; televisie kijken; βλέπω τηλεόραση 
; 03-18; naar de bioscoop gaan; πάω σινεμά 
; 03-18; lunch; το μεσημεριανό 
; 03-18; Hoe breng je je dag door? ; Πως περνάτε την μέρα σας; 
; 03-18; Is de volgende te laat? ; Αργεί το επόμενο; 
; 03-18; Ik begrijp het!; Κατάλαβα! 
; 03-18; Daar gaat de tram!; Πάει το τρόλεΐ! 
; 03-18; Zeker!; Σίγουρα! 
; 03-18; wanneer; ποτέ 
; 03-18; dans; χορεύω 
; 03-18; vroeg; νωρίς 
; 03-18; laat; αργά 
; 03-18; afhalen; βγάζω + obj. (acc) 
; 03-18; ; Γεια στα χέρια σου! 
; 03-18; juffrouw; η δεσποινίς 
; 03-18; te laat zijn; αργώ 
; 03-18; volgende; επόμενος -η -ο 
; 03-18; centrum; το κέντρο 
; 03-18; in Parijs; στο Παρίσι 
; 03-18; nooit op zondag; ποτέ την Κυριακή 
; 03-18; godin; η θεά 
; 03-18; uitzicht; η θέα 
; 03-18; generaal; η γενική 
; 03-18; Kostas, Kostas’; ο Κώστας, του Κώστα 
; 03-18; Jan, Jans; ο Γιάννης, του Γιάννη 
; 03-18; Nikos, Nikos’; ο Νίκος, του Νίκου 
; 03-18; Moscha, Moscha’s; η Μόσχα, της Μόσχας 
; 03-18; Helena, van Helena’s; η Ελένη, της Ελένης 
; 03-25; Gefeliciteerd! ; Χρόνια πολλά! 
; 03-25; lijn; η γραμμή 
; 03-25; nationale feestdag (25 maart 1821); η Εθνική Γιορτή (1821-03-25) 
; 03-25; Maria-Boodschap; ο Ευαγγελισμός της Θεοτόκου 
; 03-25; of telefonisch; η τηλεφωνικά 
; 03-25; ; ο χαλβάς 
; 03-25; restaurant; το εστιατόριο 
; 03-25; herberg; η ταβέρνα 
; 03-25; kantoor; ο γραφείος 
; 03-25; voorgerecht; ο μεζές 
; 03-25; Wanneer?; Ποτέ; 
; 03-25; wanneer (voegw.); όταν 
; 03-25; dag; την μέρα 
; 03-25; volgorde; παραγγέλλω 
; 03-25; soms soms; κάπου κάπου 
; 03-25; niet vaak; όχι συχνά 
; 03-25; Hij is een echte vriend! ; Είναι πολύ φίλος μου! 
; 03-25; Ziehier, hier heb je … ! ; Ορίστε (+ nom.) ! 
; 03-25; Alsjeblieft, de rekening; ορίστε ο λογαριασμός 
; 03-25; Hier is je salade.; ορίστε η σαλάτα 
; 03-25; hier, het boek; ορίστε το βιβλίο 
; 03-25; bord; το πιάτο 
; 03-25; glas, drinkbeker; το ποτήρι 
; 03-25; mes; το μαχαίρι 
; 03-25; lepel; το κουτάλι 
; 03-25; vork; το πιρούνι 
; 03-25; zout; το αλάτι 
; 03-25; peper; το πιπέρι 
; 03-25; ei; το αυγό 
; 03-25; brood; το ψωμί 
; 03-25; kaas; το τυρί 
; 03-25; water; το νερό 
; 03-25; vrucht; το φρούτο 
; 03-25; aardappelen; οι πατάτες 
; 03-25; Gouda; γκούντα 
; 03-25; de tafel dekken; στρώνω το τραπέζι 
; 03-25; de tafel dekken; Βάζω τον τραπέζι 
; 03-25; neerzetten; βάζω 
; 03-25; verwijderen; βγάζω 
; 03-25; vloer; το πάτωμα 
; 03-25; keuken; η κουζίνα 
; 03-25; juist; σωστό 
; 03-25; fout; λάθος 
; 03-25; vlucht; η πτήση 
; 03-25; Hoe laat vertrekt de vlucht vanaf …?; Τι ώρα φταίνε η πτήση από τον/την … ; 
; 03-25; vlucht vertrekt vanaf … om …; Η πτήση φταίνε από τον/την … στις … 
; 03-25; Hoe laat vertrekt de vlucht naar …?; Τι ώρα φεύγει η πτήση για το(ν)/την … ; 
; 03-25; vlucht naar … vertrekt om …; Η πτήση για το(ν)/την … φεύγει στις … 
; 03-25; saté; το σουβλάκι 
; 03-25; moussaka; ο μουσακάς 
; 03-25; tzatziki; το τζατζίκι 
; 03-25; gehaktballen, frikadellen; οι κεφτέδες 
; 03-25; kaastaart; η τυρόπιτα 
; 03-25; ; οι κουραμπιέδες 
; 03-25; ; το γουβέτσι 
; 03-25; pastitsio; το παστίτσιο 
; 03-25; gevulde; τα γεμιστά 
; 03-25; groenten; τα χόρτα 
; 03-25; afgronden; τα βεβύθια 
; 03-25; linzen; οι φακές 
; 03-25; ham; το ζαμπόν 
; 03-25; spek; το μπέικον 
; 03-25; pasta; τα ζυμαρικά 
; 03-25; alleen; μόνος -η -ο 
; 03-25; ik blijf; μένω 
; 03-25; alleen, op mezelf; μόνος/μόνη μου 
; 03-25; mijn (eigen); δικός μου 
; 03-25; alleen wonen; μένω μόνος/μόνη μου 
; 03-25; bestuurder; ο οδηγός 
; 03-25; eretitel; το φιλότιμο 
; 03-25; Ik heb honger als een wolf.; πεινάω σαν λύκος 
; 03-25; wolf; ο λύκος 
; 03-25; lijst; ο κατάλογος 
; 03-25; bevroren; παγωμένος -η -ο 
; 03-25; helemaal niet; δεν καθόλου 
; 03-25; er is niemand; δεν υπάρχει κανένας 
; 03-25; Zijn er geen?; δεν υπάρχει καμία/καμιά? 
; 03-25; er is geen; δεν υπάρχει κανένα 
; 03-25; dier; το ζώο 
; 03-25; spin; η αράχνη 
; 03-25; beker; το φλυτζάνι 
; 03-25; Hier zijn mijn notities! ; Να οι σημειώσεις μου! 
; 03-25; nota, notitie, aantekening; το σημείωνα 
; 04-01; verbazingwekkend, fantastisch; καταπληκτικός -ή -ό 
; 04-01; gek; τρελόςος -η -ο 
; 04-01; blij; λαχαρήος -η -ο 
; 04-01; Wat betekent … ?; Τι σημαίνει … ; 
; 04-01; gedicht; η ποίημα 
; 04-01; de seizoenen en het weer; οι εποχές και ο καιρός 
; 04-01; seizoen; η εποχή 
; 04-01; tijdperk; η εποχή 
; 04-01; weer; ο καιρός 
; 04-01; winter; ο χειμώνας 
; 04-01; lente; η άνοιξη 
; 04-01; in de zomer; το καλοκαίρι 
; 04-01; in de herfst; το φθινόπωρο 
; 04-01; het is koud; κάνει κρύο 
; 04-01; het is heet; κάνει ζέστη 
; 04-01; ; έχει δροσιά 
; 04-01; het is winderig; έχει αέρα 
; 04-01; het waait; φυσάει 
; 04-01; ; δηλαδεί 
; 04-01; het is zonnig; έχει ήλιο 
; 04-01; het is bewolkt; έχει συννεφιά 
; 04-01; het is mooi weer; έχει ωραίο καιρό 
; 04-01; het is slecht weer; έχει άσχημο καιρό 
; 04-01; het regent; βρέχει 
; 04-01; het sneeuwt; χιωνήζει 
; 04-01; het waait; φυσάει 
; 04-01; blazen; φυσάω 
; 04-01; blad; το φύλλο, τα φύλλα 
; 04-01; boom; το δέντρο, τα δέντρα 
; 04-01; De bladeren vallen van de bomen.; Τα φύλλα πέφτουν από τα δέντρα. 
; 04-01;het hoedje gaat vliegen; το καπέλο φεύγει 
; 04-01; het waait erg hard; φυσάει πολύ 
; 04-01; de wind neemt de hoed mee; ο άερας παίρνει το καπέλο 
; 04-01; bestek; τα μαχαιροπίρουνα 
; 04-01; vis; το ψάρι 
; 04-01; de tafel dekken; βάζω το τραπέζι 
; 04-01; kok; ο μάγειρας 
; 04-01; retsina (witte harswijn); η ρετσίνα 
; 04-01; dienen; σερβίρω 
; 04-01; blijven; κρατάω 
; 04-01; paraplu dragen; κρατάω μία ομπρέλα 
; 04-01; Waar ben je in augustus?; Που θα είσαι τον Αύγουστο; 
; 04-01; januari, in januari; ο Ιαννουάριος, τον Ιανουάριο 
; 04-01; februari, in februari; ο Φεβρουάριος, τον Φεβρουάριο 
; 04-01; maart, in maart; ο Μάρτιος, τον Μάρτιο 
; 04-01; april, in april; ο Απρίλιος, τον Απρίλιο 
; 04-01; mei, in mei; ο Μάιο, τον Μάιο 
; 04-01; juni, in juni; ο Ιούνιος, τον Ιούνιο 
; 04-01; juli, in juli; ο Ιούλιος, τον Ιούλιο 
; 04-01; augustus, in augustus; ο Αύγουστος, τον Αύγουστο 
; 04-01; september, in september; ο Σεπτέμβριος, τον Σεπτέμβριο 
; 04-01; oktober, oktober; ο Οκτώβριος, το Οκτώβριο 
; 04-01; november, november; ο Νοέμβριος, το Νοέμβριo 
; 04-01; december, december; ο Δεκέμβριος, το Δεκέμβριo 
; 04-01; Wanneer is jouw verjaardag?; Πότε έχεις τα γενέθλια σου; 
; 04-01; In mei, in de lente!; Τον Μάιο, την άνοιξη! 
; 04-01; Pasen; το Πάσχα 
; 04-01; lieveheersbeestje; η πασχαλίτσα 
; 04-01; kaars; το κερί 
; 04-01; Paaskaars; η λαμπάδα 
; 04-01; zwarte bril, de zonnebril; τα μαύρα γυαλιά, τα γυαλιά ηλίου 
; 04-01; sneeuwt; το χιώνη? ;
; 04-01; sneeuwpop; ο χιονάνθρωπος 
; 04-01; Ik maak; φτιάχνω 
; 04-01; Ik speel een sneeuwballengevecht.; παίζω χιονοπόλεμο 
; 04-01; Ik ben aan het skiën.; κάνω σκι 
; 04-01; Ik hou van de zon.; μου αρέσει ο ήλιος 
; 04-01; Ik vind het ook leuk!; Κι εμένα μου αρέσει! 
; 04-01; bloesem; ανθίζω 
; 04-01; alle; όλα 
; 04-01; open; ανοίγω 
; 04-01; Hoe is het weer vandaag?; Τι καιρό κάνει σήμερα; 
; 04-01; het is koud; κάνει κρύο 
; 04-01; het is warm; κάνει ζέστη 
; 04-01;; έχει δροσιά 
; 04-01; het is winderig; έχει αέρα 
; 04-01; het regent; βρέχει 
; 04-01; er is een warme wind; κάνει ζέστη αέρα 
; 04-01; het is winderig; έχει αέρα 
; 04-01; het is zonnig; έχει ήλιο 
; 04-01; is bewolkt; έχει συννεφιά 
; 04-01; sneeuwt; χιονίζει 
; 04-01; waait; φυσάει 
; 04-01; is nog vroeg in de avond.; είναι νωρίς νύχτα 
; 04-01; werd al vroeg donker.; η νύχτα κατεβαινε νωρίς 
; 04-01; Vrolijk Pasen!; Καλό Πάσχα! 
; 04-01; Christus is verrezen!; Χριστός ανέστη! 
; 04-01; Hij is waarlijk verrezen!; Αληθώς ανέστη! 
; 04-01; Heilige Week; η Μεγάλη Εβδομάδα 
; 04-01; Goede Vrijdag; η Μεγάλη Παρασκευή 
; 04-01; ; Καθαρά Δευτέρα 
; 04-01; Ik laat een vlieger op.; πετάω χαρταετό 
; 04-01; Het is lente, want er zijn vlinders.; Είναι άνοιξη γιατί έχουν πεταλουδια. 
; 04-01; Het is herfst omdat het regent.; Είναι φθινόπωρο γιατί βρέχει. 
; 04-01; Het is oktober, want de bladeren vallen.; Είναι Οκτώβριο γιατί πέφτουν τα φύλλα. 
; 04-22; vos; η αλεπού 
; 04-22; aarde; η γη 
; 04-22; zoals; όπως 
; 04-22; gras; η χόρτα 
; 04-22; nog steeds; ακόμα, ακόμη 
; 04-22; al; ήδη 
; 04-22;; κιόλας 
; 04-22; laatst; τελευταίος 
; 04-22; eindigen; τελειώνω 
; 04-22; nemen; παίρνω 
; 04-22; passeren; περνάω 
; 04-22; voetballen; παίζω ποδόσφαιρο 
; 04-22; familie; τα οικογένεια 
; 04-22; Goede Vrijdag; ο Επιτάφιος, η Μεγάλη Παρασκευή 
; 04-22; Paasdag, Pasen; η Αγάπη, η Ανάσταση 
; 04-22; ; Σηκώνεις τους γονείς
; 04-22; aubergine; η μελιτζάνα 
; 04-22; wanneer; ποτέ 
; 04-22; eiland; το νησί 
; 04-22; pistachenootjes; τα φυστίκια 
; 04-22; een bad nemen; κάνω μπάνιο 
; 04-22; zonnebaden; κάνω ηλιοθεραπεία 
; 04-22; mijn vriendenkring; η παρέα μου 
; 04-22; vis; το ψάρι 
; 04-22; octopus; το χταποδάκι 
; 04-22; inktvis; το καλαμαράκια 
; 04-22; gebraden; ψητός 
; 04-22; wanneer; όταν 
; 04-22; hier en daar; κάπου-κάπου 
; 04-22; alle; όλος 
; 04-22; alle koffie; όλος ο καφές 
; 04-22; alle chocolade; όλη η σοκολάτα 
; 04-22; hele broodje; όλο το τσουρέκι 
; 04-22; ze zingen een liedje; λένε ένα τραγούδι 
; 04-22; telefoons; τηλεφωνών 
; 04-22; gisteren; χθες 
; 04-22; eergisteren; προχθές 
; 04-22; vorig jaar; πέρσι 
; 04-22; jaar voor vorig jaar; πρόπερσι 
; 04-22; dit jaar; φέτος 
; 04-22; verleden; περασμένος 
; 04-22; tijd; ο χρόνος 
; 04-22; jaren; τα χρόνια 
; 04-22; vijf jaar geleden; πριν πέντε χρόνια 
; 04-22; Fijne maand!; Κάλο μήνα! 
; 04-29; concert; η συναυλία 
; 04-29; Ik ging naar de voetbalwedstrijd van mijn zoon.; Πήγα στο ποδόσφαιρο του γιο μου. 
; 04-29; met mensen; με τους ανθρώπους 
; 04-29; buurt; η γειτονιά 
; 04-29; buurman; ο γείτονας 
; 04-29; mijn ouders; οι γονείς μου 
; 04-29; Aegina; η Αίγινα 
; 04-29; baby; το μωρό 
; 04-29; mijn baby; το μωρό μου 
; 04-29; (volks)markt; η λαϊκή (αγορά) 
; 04-29; Ik speel tennis; παίζω τένις 
; 04-29; fruit; τα φρούτα 
; 04-29; groenten; τα λαχανικά 
; 04-29; sla; το μαρούλι 
; 04-29; aubergine; η μελιτζάνα 
; 04-29; ui; το κρεμμύδι 
; 04-29; olijf; η ελία 
; 04-29; komkommer; το αγγούρι 
; 04-29; knoflook; το σκόρδο 
; 04-29; inderdaad = ja; μάλιστα = ναι 
; 04-29; We hebben en zeggen … (aan het begin van een opsomming); Έχουμε και λέμε … 
; 04-29; aankomen, arriveren; φτάιω 
; 04-29; (zich) het hoofd schudden; κουνάω το κεφάλι 
; 04-29; Zeg me eens …; Δε μου λες … 
; 04-29; groenteboer; ο μανάβης 
; 04-29; kip; η κότα 
; 04-29; haan; ο κόκορας 
; 04-29; haan; ο πετεινός 
; 04-29; Neem!, Neemt!; Πάρε!, Πάρτε! 
; 04-29; tomaten voor salade; ντομάτες για σαλάτα 
; 04-29; Dat ze goed zijn!; Αλλά να είναι καλές! 
; 05-06; zich bevinden; βρίσκομαι 
; 05-06; vinden; βρίσκω 
; 05-06; opstaan; σηκώνομαι 
; 05-06; optillen; σηκώνκω 
; 05-06; zich wassen; πλένομαι 
; 05-06; wassen; πλένω 
; 05-06; zich kleden; ντύνομαι 
; 05-06; kleden; ντύνω 
; 05-06; zich opmaken, schminken; βάφομαι 
; 05-06; schilderen, verven; βάφω 
; 05-06; zich scheren; ξυρίζομαι 
; 05-06; scheren; ξυρίζω 
; 05-06;; κουμάμαι 
; 05-06; zich herinneren; θυμάμαι 
; 05-06; spijt hebben, spijt me; λυπάμαι 
; 05-06; bang hebben, vrezen; φοβάμαι 
; 05-06;  zich kammen; χτενίζομαι 
; 05-06; komen; έρχομαι 
; 05-06; zitten; κάθομαι 
; 05-06; denken; σκέφτομαι 
; 05-06; voelen; αισθάνομαι 
; 05-06; nodig hebben; χρειάζομαι 
; 05-06; moe worden; κουράζομαι 
; 05-06; warm worden; ζεστάνουμαι 
; 05-06; de toekomst, toekomstige tijd, futurum; ο μέλλοντας 
; 05-06; vandaag; σήμερα 
; 05-06; avond; απόψε 
; 05-06; morgen; αύριο 
; 05-06; overmorgen; μεθαύριο 
; 05-06; dit jaar; φέτος 
; 05-06; tijd; του χρόνου 
; 05-06; over twee jaar; σε δύο χρόνια 
; 05-06; ander; άλλος 
; 05-06; komst; ερχόμενος 
; 05-06; ander; άλλος 
; 05-06; per vliegtuig; αεροπορικώς 
; 05-06; pasta; η πάστα 
; 05-06; film; η ταινία 
; 05-06; project; το έργο 
; 05-06; film; το φιλμ 
; 05-06; vroeg; νωρίς 
; 05-06; laat; αργά 
; 05-06; zelden; σπάνια 
; 05-06; vaak; συχνά 
; 05-06; Ik werk niet meer.; δεν δουλεύω πια 
; 05-06; collega; ο/η συνάδελφος 
; 05-06; licht en; το φως και 
; 05-06; mijn familie; η οικογένειά μου 
; 05-06; ; Μπουρ τα δεξιά από 
; 05-06; bloemenwinkel; το ανθοπωλείο 
; 05-06; Op onze gezondheid! ; (Στην υ)γεία μας! 
; 05-06; Op je gezondheid! ; (Στην υ)γεία σου! 
; 05-06; voor ons ; για μας 
; 05-06; gezondheid; υγεία 
; 05-06; WK (week-end); ΣΚ (σουκου) 
; 05-06; 1:30, anderhalf; μιάμιση 
; 05-06; 2:30, twee en een half; δυόμιση 
; 05-06; 3:30, drie en een half; τρεισήμισι 
; 05-06; Ik was een wafel, de wafels zijn hallo, in jouw handen, heerlijk, tijd om ze te eten; Ήμου βάφλες οι βάφλες γεια στα χέρια σου πεντανόστιμος τα φορά 
; 05-06; pauze, vakantie; η διακοπή, οι διακοπές 
; 05-06; bericht, berichtje; το μήνυμα, τα μηνύματα 
