0001 ; begroetingen ; Ï‡Î±Î¹ÏÎµÏ„Î¹ÏƒÎ¼Î¿Î¯
0002 ; Welkom! ; ÎšÎ±Î»ÏÏ‚ Î¿ÏÎ¯ÏƒÎ±Ï„Îµ!
0003 ; Goedemorgen! ; ÎšÎ±Î»Î·Î¼Î­ÏÎ±!
0004 ; Goedeavond! ; ÎšÎ±Î»Î·ÏƒÏ€Î­ÏÎ±!
0005 ; Welterusten! ; ÎšÎ±Î»Î·Î½ÏÏ‡Ï„Î±!
0006 ; Goedeavond! ; ÎšÎ±Î»ÏŒ Î²ÏÎ¬Î´Ï…!
0007 ; Succes! ; ÎšÎ±Î»Î® ÏƒÏ…Î½Î­Ï‡ÎµÎ¹Î±!
0008 ; Goede maand! ; ÎšÎ±Î»ÏŒ Î¼Î®Î½Î±!
0009 ; Fijne week! ; ÎšÎ±Î»Î® ÎµÎ²Î´Î¿Î¼Î¬Î´Î±!
0010 ; Hallo! (formeel); Î§Î±Î¯ÏÎµÏ„Îµ!
0011 ; Hoi! ; Î“ÎµÎ¹Î±!
0012 ; Hallo! ; Î“ÎµÎ¹Î± ÏƒÎ¿Ï…!
0013 ; Hallo! ; Î“ÎµÎ¹Î± ÏƒÎ±Ï‚!
0014 ; SantÃ©! ; Î“ÎµÎ¹Î± Î¼Î±Ï‚!
0015 ; Op uw gezondheid! ; Î£Ï„Î·Î½ Ï…Î³ÎµÎ¹Î¬ ÏƒÎ±Ï‚!
0016 ; Op onze gezondheid! ; Î£Ï„Î·Î½ Ï…Î³ÎµÎ¹Î¬ Î¼Î±Ï‚!
0017 ; Gezondheidjes! ; Î“ÎµÎ¯Ï„ÏƒÎµÏ‚! (wanneer iemand niest)
0018 ; Hoe maak je het? ; Î¤Î¹ ÎºÎ¬Î½ÎµÎ¹Ï‚;
0019 ; Hoe maakt u het?; Î¤Î¹ ÎºÎ¬Î½ÎµÏ„Îµ;
0020 ; Hoe is het? ; Î ÏÏ‚ ÎµÎ¯ÏƒÎ±Î¹;
0021 ; Hoe is het met je? ; Î ÏÏ‚ (Ï„Î±) Ï€Î±Ï‚;
0022 ; Prima! ; ÎœÎ¹Î± Ï‡Î±ÏÎ¬!
0023 ; Fantastisch! ; Î˜Î±ÏÎ¼Î±!
0024 ; Heel goed! ; Î Î¿Î»Ï ÎºÎ±Î»Î¬!
0025 ; Goed ; ÎºÎ±Î»Î¬ 
0026 ; Ã§avaâ€™kes ; ÎºÎ±Î»Î¿ÏÏ„ÏƒÎ¹ÎºÎ±
0027 ; Zo en zo :/ ; ÎˆÏ„ÏƒÎ¹ ÎºÎ¹ Î­Ï„ÏƒÎ¹ :/
0028 ; Afschuwelijk! ; Î§Î¬Î»Î¹Î±!
0029 ; Heel slecht! ; Î Î¿Î»Ï Î¬ÏƒÏ‡Î·Î¼Î±!
0030 ; Jij ook? ; ÎšÎ¹ ÎµÏƒÏ;
0031 ; Gefeliciteerd! ; Î§ÏÏŒÎ½Î¹Î± Ï€Î¿Î»Î»Î¬!
0032 ; Leve lang! ; ÎÎ± Ï„Î± ÎµÎºÎ±Ï„Î¿ÏƒÏ„Î¯ÏƒÎµÎ¹Ï‚!
0033 ; Voici! (Hier heb je); ÎŸÏÎ¯ÏƒÏ„Îµ!
0034 ; Alsjeblieft; Î Î±ÏÎ±ÎºÎ±Î»Ï
0035 ; Pronto; ; Î•Î¼Ï€ÏÏŒÏ‚;
0036 ; Spreek!, Zeg maar! ; Î›Î­Î³ÎµÏ„Îµ!
0037 ; alfabet ; Î±Î»Ï†Î¬Î²Î·Ï„Î¿
0038 ; de namen
0039 ; wie ben je /pjos Ã­esÃ¨/ ; Î Î¿Î¹Î¿Ï‚ ÎµÎ¯ÏƒÎ±Î¹; /pjos Ã­esÃ¨/
0040 ; wie ben je /pja Ã­esÃ¨/ ; Î Î¿Î¹Î± ÎµÎ¯ÏƒÎ±Î¹; /pja Ã­esÃ¨/
0041 ; Wat is je naam? ; Î ÏÏ‚ ÏƒÎµ Î»Î­Î½Îµ;
0042 ; Ik ben Johannes. ; Î•Î¯Î¼Î±Î¹ Î¿ Î“Î¹Î¬Î½Î½Î·Ï‚.
0043 ; Mijn naam is Yanni. ; ÎœÎµ Î»Î­Î½Îµ Î“Î¹Î¬Î½Î½Î¹.
0044 ; Mijn naam is Johannes. ; Î›Î­Î³Î¿Î¼Î±Î¹ Î“Î¹Î¬Î½Î½Î·Ï‚.
0045 ; Achilles ; Î‘Ï‡Î¹Î»Î»Î­Î±Ï‚
0046 ; MichaÃ«l ; ÎœÎ¹Ï‡Î¬Î»Î·Ï‚ 
0047 ; Anastasia ; Î‘Î½Î±ÏƒÏ„Î±ÏƒÎ¯Î±
0048 ; Andreas ; Î‘Î½Ï„ÏÎ­Î±Ï‚
0049 ; Asteria ; Î‘ÏƒÏ„ÎµÏÎ¯Î±
0050 ; Calliope ; ÎšÎ±Î»Î»Î¹ÏŒÏ€Î·
0051 ; Christine ; Î§ÏÎ¹ÏƒÏ„Î¯Î½Î±
0052 ; Daphne ; Î”Î¬Ï†Î½Î·
0053 ; Dimitris ; Î”Î·Î¼Î®Ï„ÏÎ·Ï‚
0054 ; George ; Î“Î¹ÏÏÎ³Î¿Ï‚ 
0055 ; Helena ; Î•Î»Î­Î½Î·
0056 ; Hermelien ; Î•ÏÎ¼Î¹ÏŒÎ½Î· 
0057 ; Iliana ; Î—Î»Î¹Î¬Î½Î±
0058 ; Ilias ; Î—Î»Î¯Î±Ï‚
0059 ; Iphigeneia ; Î™Ï†Î¹Î³Î­Î½ÎµÎ¹Î± 
0060 ; Kostas ; ÎšÏÏƒÏ„Î±Ï‚
0061 ; Kyriaki ; ÎšÏ…ÏÎ¹Î±ÎºÎ®
0062 ; Lucas ; Î›Î¿ÏÎºÎ±Ï‚
0063 ; Margaretha ; ÎœÎ¬ÏÎ³ÎºÎ±ÏÎµÏ„
0064 ; Maria ; ÎœÎ±ÏÎ¯Î± 
0065 ; Marry ; ÎœÎ±Î¯ÏÎ· /merri/
0066 ; Matina ; ÎœÎ±Ï„Î¯Î½Î± 
0067 ; MichaÃ«l ; ÎœÎ¹Ï‡Î¬Î»Î·Ï‚
0068 ; Moskou ; ÎœÏŒÏƒÏ‡Î±
0069 ; Nikos ; ÎÎ¯ÎºÎ¿Ï‚ 
0070 ; Penelope ; Î Î·Î½ÎµÎ»ÏŒÏ€Î·
0071 ; Petrus ; Î Î­Ï„ÏÎ¿Ï‚
0072 ; Phoebe ; Î¦Î¿Î¯Î²Î·
0073 ; Sophia ; Î£Î¿Ï†Î¯Î±
0074 ; Theodorus ; Î˜Î¿Î´Ï‰ÏÎ¿Ï‚
0075 ; kind, kinderen ; Ï€Î±Î¹Î´Î¯, Ï€Î±Î¹Î´Î¹Î¬ 
0076 ; geest ; Ï€Î½ÎµÏÎ¼Î± 
0077 ; de koffie ; Î¿ ÎºÎ±Ï†Î­Ï‚ 
0078 ; de frappes ; Î¿ Ï†ÏÎ±Ï€Î­Ï‚
0079 ; gehaktballetjes, gehaktballetjes ; Î¿ ÎºÎµÏ†Ï„Î­Ï‚, Î¿Î¹ ÎºÎµÏ†Ï„Î­Î´ÎµÏ‚
0080 ; gieterijen ; Î»Î¹ÎµÎ¶Î­Ï‚
0081 ; voorgerechten ; Î¼ÎµÎ¶Î­Î´ÎµÏ‚ 
0082 ; vrije tijd ; ÏƒÏ‡Î¿Î»Î®
0083 ; opmerking ; ÏƒÏ‡Î¿Î»Î¯Î¿
0084 ; opmerking ; ÏƒÏ‡Î¿Î»Î¯Î±
0085 ; opmerkingen ; ÏƒÏ‡Ã³Î»Î¹Î±
0086 ; school ; ÏƒÏ‡Î¿Î»ÎµÎ¯Î¿
0087 ; van ; Î±Ï€ÏŒ
0088 ; in ; ÏƒÎµ
0089 ; met ; Î¼Îµ
0090 ; Waarom; ; Î³Î¹Î±Ï„Î¯;
0091 ; in de buurt van ; ÎºÎ¿Î½Ï„Î¬
0092 ; hier ; ÎµÎ´Ï
0093 ; maar ; Î¼Î±
0094 ; maar ; Î±Î»Î»Î¬ 
0095 ; Grieks, Grieken ; ÎˆÎ»Î»Î·Î½Î±Ï‚, ÎˆÎ»Î»Î·Î½ÎµÏ‚
0096 ; Grieks, Grieks ; Î•Î»Î»Î·Î½Î¯Î´Î±, Î•Î»Î»Î·Î½Î¯Î´Î±Ï‚
0097 ; Ã©Ã©n Ã©Ã©n Ã©Ã©n ; Î­Î½Î±Ï‚ Î¼Î¹Î± Î­Î½Î±
0098 ; daar ; ÎµÎºÎµÎ¯ 
0099 ; ook ik ; ÎºÎµÎ³Ï
0100 ; ook ; ÎµÏ€Î¯ÏƒÎ·Ï‚ 
0101 ; Ja; ; ÎÎ±Î¹;
0102 ; papier ; Ï‡Î±ÏÏ„Î¯ 
0103 ; kaart ; ÎºÎ¬ÏÏ„Î± 
0104 ; papier ; Ï‡Î¬ÏÏ„Î·Ï‚ 
0105 ; vriend ; Ï†Î¯Î»Î¿Ï‚ 
0106 ; arts ; Î¹Î¬Ï„ÏÎ¿Ï‚
0107 ; les ; Î¼Î¬Î¸Î·Î¼Î±
0108 ; mijn les ; Ï„Î¿ Î¼Î¬Î¸Î·Î¼Î¬ Î¼Î¿Ï…
0109 ; mijn leraar ; Î· ÎºÎ±Î¸Î·Î³Î®Ï„ÏÎ¹Î¬ Î¼Î¿Ï…
0110 ; je telefoon ; Ï„Î¿ Ï„Î·Î»Î­Ï†Ï‰Î½ÏŒ ÏƒÎ¿Ï…
0111 ; doen ; ÎºÎ¬Î½Ï‰
0112 ; jij wel ; ÎºÎ¬Î½ÎµÎ¹Ï‚
0113 ; doet ; ÎºÎ¬Î½ÎµÎ¹
0114 ; wij doen ; ÎºÎ¬Î½Î¿Ï…Î¼Îµ
0115 ; jij wel ; ÎºÎ¬Î½ÎµÏ„Îµ
0116 ; dat doen ze ; ÎºÎ¬Î½Î¿Ï…Î½(Îµ)
0117 ; gaan ; Ï€Î¬Ï‰
0118 ; jij gaat ; Ï€Î¬Ï‚
0119 ; gaat ; Ï€Î¬ÎµÎ¹ 
0120 ; laten we gaan ; Ï€Î¬Î¼Îµ
0121 ; jij gaat ; Ï€Î¬Î¼ÎµÏ„Îµ
0122 ; ze gaan ; Ï€Î¬Î½Îµ
0123 ; zeg ik ; Î»Î­Ï‰
0124 ; jij zegt woorden ; Î»Î­ÎµÎ¹Ï‚ Î»Î­Î¾ÎµÎ¹Ï‚ 
0125 ; zegt hij ; Î»Î­ÎµÎ¹ 
0126 ; zeg jij ; Î»Î­Ï„Îµ?
0127 ; ze zeggen (hoe heet je?) ; Î»Î­Î½Îµ (Î ÏÏ‚ ÏƒÎµ Î»Î­Î½Îµ;)
0128 ; Tot snel! ; Î¤Î± Î»Î­Î¼Îµ!
0129 ; Wat wil je doen? ; Î¤Î¹ Î¸Î­Î»ÎµÎ¹Ï‚ Î½Î± ÎºÎ¬Î½ÎµÎ¹Ï‚;
0130 ; Ik wil dat je dat doet! ; Î˜Î­Î»Ï‰ Î½Î± ÎºÎ¬Î½ÎµÎ¹Ï‚!
0131 ; Hoe ; Î Ï‰Ï‚
0132 ; Hoe ; Î ÏÏ‚
0133 ; Wat is je naam? ; Î Ï‰Ï‚ ÏƒÎ±Ï‚ Î»Î­Î½Îµ;
0134 ; Waar kom je vandaan ; Î‘Ï€ÏŒ Ï€Î¿Ï… ÎµÎ¯ÏƒÎ±ÏƒÏ„Îµ;
0135 ; waar ; Ï€Î¿Ï…
0136 ; waar ; Ï€Î¿Ï
0137 ; Bent u getrouwd of alleenstaand? ; Î•Î¯ÏƒÏ„Îµ Ï€Î±Î½Ï„ÏÎµÎ¼Î­Î½Î· Î® ÎµÎ»ÎµÏÎ¸ÎµÏÎ·;
0138 ; Hoeveel verdien je? ; Hoeveel verdien je?
0139 ; Graag gedaan! ; Î Î±ÏÎ±ÎºÎ±Î»Ï Graag gedaan!
0140 ; Om iets te doen! ? ; ÎÎ± ÎºÎ¬Î½ÎµÎ¹ Ï„Î¯Ï€Î¿Ï„Î±! ?
0141 ; Ik vind Ariana echt leuk ; ÎœÎ¿Ï… Î±ÏÎ­ÏƒÎµÎ¹ Ï€Î¿Î»Ï Î· Î‘ÏÎ¹Î¬Î½Î½Î±
0142 ; Ik hou van Grieks ; ÎœÎ¿Ï… Î±ÏÎ­ÏƒÎ¿Ï…Î½ Ï„Î± ÎµÎ»Î»Î·Î½Î¹ÎºÎ¬
0143 ; boos ?? vergeten ; ÏƒÎºÎ·Î½Î¸Ï…Î¼Î¿Ï‚ ?? vergissen
0144 ;  ; 
0145 ; OK ; ÎµÎ½Ï„Î¬Î¾ÎµÎ¹
0146 ; maan ; Ï†ÎµÎ³Î³Î¬ÏÎ¹ 
0147 ; Goed gedaan! ; ÎœÏ€ÏÎ¬Î²Î¿!
0148 ; kroeshaar ; ÏƒÎ³Î¿Ï…ÏÏŒÏ‚
0149 ; Dat is het! ; Î‘Ï…Ï„Î¬!
0150 ; Erg leuk! ; Î Î¿Î»Ï Ï‰ÏÎ±Î¯Î¿!
0151 ; bus ; Î»ÎµÏ‰Ï†Î¿ÏÎµÎ¯Î¿ 
0152 ; nul ; Î¼Î·Î´Î­Î½ 
0153 ; Voorkant! ; Î•Î¼Ï€ÏÏŒÏ‚!
0154 ; kaas ; Ï„Ï…ÏÎ¯ 
0155 ; kaas taart ; Ï„Ï…ÏÏŒÏ€Î¹Ï„Î± 
0156 ; groenten ; Ï‡Î¿ÏÏ„ÏŒï¿½ï¿½ï¿½ï¿½ï¿½ï¿½ï¿½ï¿½ï¿½ï¿½ï¿½ï¿½Î¹Ï„Î± 
0157 ; universiteit ; Ï€Î±Î½ÎµÏ€Î¹ÏƒÏ„Î®Î¼Î¹Î¿
0158 ; universiteiten ; Ï€Î±Î½ÎµÏ€Î¹ÏƒÏ„Î®Î¼Î¹Î±
0159 ; wijn ; ÎºÏÎ±ÏƒÎ¯ 
0160 ; wit ; Î¬ÏƒÏ€ÏÎ¿ 
0161 ; melk, de ; Î³Î¬Î»Î±, Ï„Î¿
0162 ; woud ; Î´Î¬ÏƒÎ¿Ï‚ 
0163 ; idee ; Î¹Î´Î­Î±
0164 ; geschiedenis ; Î¹ÏƒÏ„Î¿ÏÎ¯Î± 
0165 ; groot ; Î¼ÎµÎ³Î¬Î»Î¿Ï‚
0166 ; vriend ; Ï†Î¯Î»Î¿Ï‚
0167 ; gisteren ; Ï‡Î¸ÎµÏ‚
0168 ; vis ; ÏˆÎ¬ÏÎ¹ 
0169 ; tzatziki ; Ï„Î¶Î±Ï„Î¶Î¯ÎºÎ¹ 
0170 ; vreugde ; Ï‡Î±ÏÎ¬
0171 ; bouzouki ; Î¼Ï€Î¿Ï…Î¶Î¿ÏÎºÎ¹
0172 ; retsina ; ÏÎµÏ„ÏƒÎ¯Î½Î±
0173 ; klok ; ÏÎ¿Î»ÏŒÎ¹ 
0174 ; Moussaka ; Î¼Î¿Ï…ÏƒÎ±ÎºÎ¬Ï‚ 
0175 ; Ouzo ; Î¿ÏÎ¶Î¿ 
0176 ; chocolaatjes ; ÏƒÎ¿ÎºÎ¿Î»Î±Ï„Î¬ÎºÎ¹Î± 
0177 ; afta ; Î±Ï†Ï„Î¬
0178 ; deze ; Î±Ï…Ï„Î¬
0179 ; de grootmoeder met bril ; Î· Î³Î¹Î±Î³Î¹Î¬ Î¼Îµ Î³Ï…Î±Î»Î¹Î¬
0180 ; opnieuw ; Ï€Î¬Î»Î¹
0181 ; neerzetten ; Î²Î¬Î¶Ï‰
0182 ; schrijven ; Î³ÏÎ¬Ï†Ï‰
0183 ; oude man /jeros/ ; Î³Î­ÏÎ¿Ï‚ /jeros/
0184 ; Komen ; Î­Î»Î±
0185 ; suiker ; Î¶Î¬Ï‡Î±ÏÎ· 
0186 ; appel ; Î¼Î®Î»Î¿
0187 ; wil ; Î¸Î­Î»Ï‰ 
0188 ; klein ; Î¼Î¹ÎºÏÏŒÏ‚
0189 ; honderd ; ÎµÎºÎ±Ï„ÏŒ
0190 ; woord ; Î»Î­Î¾Î·
0191 ; Baby ; Î¼Ï‰ÏÏŒ 
0192 ; water ; Î½ÎµÏÏŒ 
0193 ; buitenlands ; Î¾Î­Î½Î¿Ï‚ 
0194 ; deur ; Ï€ÏŒÏÏ„Î±
0195 ; radio ; ÏÎ±Î´Î¹ÏŒÏ†Ï‰Î½Î¿
0196 ; radio ; ÏÎ¬Î´Î¹Î¿
0197 ; ernstig ; ÏƒÎ¿Î²Î±ÏÎ¬
0198 ; zet /zvino/ uit ; ÏƒÎ²Î®Î½Ï‰ /zvÃ­no/
0199 ; nu ; Ï„ÏÏÎ±
0200 ; nacht ; Î½ÏÏ‡Ï„Î±
0201 ; vallen ; Ï†ÏÎ±Ï€Î­Ï‚
0202 ; kleur ; Ï‡ÏÏÎ¼Î±
0203 ; leugen ; ÏˆÎ­Î¼Î±
0204 ; tijd ; ÏÏÎ±
0205 ; tweeklank klinkers ; Î´Î¯ÏˆÎ·Ï†Î± Ï†Ï‰Î½Î®ÎµÎ½Ï„Î±
0206 ; tweecijferige medeklinkers ; Î´Î¯ÏˆÎ·Ï†Î± ÏƒÏÎ¼Ï†Ï‰Î½Î± 
0207 ; de combinaties ; Î¿Î¹ ÏƒÏ…Î½Î´Ï…Î±ÏƒÎ¼Î¿Î¯
0208 ; de medeklinkers vrolijk ; Ï„Î± ÏƒÏÎ¼Ï†Ï‰Î½Î± Î·Ï‡Î±ÏÎ¬
0209 ; de medeklinkers zijn stemloos ; Ï„Î± ÏƒÏÎ¼Ï†Ï‰Î½Î± Î¬Î·Ï‡Î±
0210 ; klinker of stemhebbende medeklinker ; Ï†Ï‰Î½Î®ÎµÎ½ Î® Î·Ï‡Î·ÏÏŒ ÏƒÏÎ¼Ï†Ï‰Î½Î¹
0211 ; stemloze medeklinker ; Î¬Î·Ï‡Î¿ ÏƒÏÎ¼Ï†Ï‰Î½Î¿
0212 ; uitspraak ; Ï€ÏÎ¿Ï†Î¿ÏÎ¬
0213 ; interpunctie ; ÏƒÏ„Î¯Î¾Î·
0214 ; punt ; Ï„ÎµÎ»ÎµÎ¯Î±
0215 ; puntkomma ; Î¬Î½Ï‰ Ï„ÎµÎ»ÎµÎ¯Î±
0216 ; feest ; ÎºÏŒÎ¼Î¼Î±
0217 ; vraagteken ; ÎµÏÏ‰Ï„Î·Î¼Î±Ï„Î¹ÎºÏŒ
0218 ; uitroepteken ; Î¸Î±Ï…Î¼Î±ÏƒÏ„Î¹ÎºÏŒ
0219 ; dubbele punt ; Î´Î¹Ï€Î»Î® Ï„ÎµÎ»ÎµÎ¯Î±
0220 ; haakje ; Ï€Î±ÏÎ­Î½Î¸ÎµÏƒÎ· 
0221 ; aanhalingstekens ; ÎµÎ¹ÏƒÎ±Î³Ï‰Î³Î¹ÎºÎ¬
0222 ; streepje ; Ï€Î±ÏÎ»Î±
0223 ; stippen ; Î±Ï€Î¿ÏƒÎ¹Ï‰Ï€Î·Ï„Î¹ÎºÎ¬ 
0224 ; neutrale ; Î¿Ï…Î´Î­Ï„ÎµÏÎ¿
0225 ; hemel ; Î¿Ï…ÏÎ±Î½ÏŒÏ‚
0226 ; berg ; Î²Î¿Ï…Î½ÏŒ
0227 ; bloem ; Î»Î¿Ï…Î»Î¿ÏÎ´Î¹
0228 ; muze ; Î¼Î¿ÏÏƒÎ±
0229 ; En ; ÎºÎ±Î¹
0230 ; Ja ; Î½Î±Î¹
0231 ; kamer ; Î±Î¯Î¸Î¿Ï…ÏƒÎ±
0232 ; weer ; ÎºÎ±Î¹ÏÏŒÏ‚ 
0233 ; nemen ; Ï€Î±Î¯ÏÎ½Ï‰
0234 ; ga naar buiten ; Î²Î³Î±Î¯Î½Ï‰
0235 ; ik ben ; ÎµÎ¯Î¼Î±Î¹
0236 ; afbeelding ; ÎµÎ¹ÎºÏŒÎ½Î± 
0237 ; vrede ; ÎµÎ¹ÏÎ®Î½Î·
0238 ; show ; Î´ÎµÎ¯Ï‡Î½Ï‰
0239 ; koppigheid ; Ï€ÎµÎ¯ÏƒÎ¼Î±
0240 ; Dat ; ÎµÎºÎµÎ¯Î½Î¿Ï‚
0241 ; economie ; Î¿Î¹ÎºÎ¿Î½Î¿Î¼Î¯Î± 
0242 ; familie ; Î¿Î¹ÎºÎ¿Î³Î­Î½ÎµÎ¹Î± 
0243 ; Goed ; Î»Î¿Î¹Ï€ÏŒÎ½ 
0244 ; muur ; Ï„Î¿Î¯Ï‡Î¿Ï‚
0245 ; ei ; Î±Ï…Î³ÏŒ
0246 ; morgen ; Î±ÏÏÎ¹Î¿
0247 ; pauze /pÃ¡vo/ ; Ï€Î±ÏÏ‰ /pÃ¡vo/
0248 ; concert /synavlia/ ; ÏƒÏ…Î½Î±Ï…Î»Î¯Î± /synavlÃ­a/
0249 ; toename ; Î±Ï…Î¾Î¬Î½Ï‰
0250 ; Oostenrijk ; Î‘Ï…ÏƒÏ„ÏÎ¯Î±
0251 ; streng ; Î±Ï…ÏƒÏ„Î·ÏÏŒÏ‚
0252 ; Europa ; Î•Ï…ÏÏÏ€Î·
0253 ; euzone ; ÎµÏÎ¶Ï‰Î½Î±Ï‚
0254 ; reis ; Ï„Î±Î¾Î¹Î´ÎµÏÏ‰
0255 ; geest ; Ï€Î½ÎµÏÎ¼Î±
0256 ; Bedankt ; ÎµÏ…Ï‡Î±ÏÎ¹ÏƒÏ„Ï
0257 ; mogelijkheid ; ÎµÏ…ÎºÎ±Î¹ÏÎ¯Î± 
0258 ; direct ; ÎµÏ…Î¸ÏÏ‚
0259 ; gelukkig ; ÎµÏ…Ï„Ï…Ï‡ÏÏ‚
0260 ; Zaterdag /sÃ¡vato/ ; Î£Î¬Î²Î²Î±Ï„Î¿ /sÃ¡vato/
0261 ; kerk ; ÎµÎºÎºÎ»Î·ÏƒÎ¯Î±
0262 ; ander ; Î¬Î»Î»Î¿Ï‚
0263 ; indirect ; Î­Î¼Î¼ÎµÏƒÎ¿Ï‚
0264 ; wolk ; ÏƒÏÎ½Î½ÎµÏ†Î¿
0265 ; opa ; Ï€Î±Ï€Ï€Î¿ÏÏ‚
0266 ; ziek ; Î¬ÏÏÏ‰ÏƒÏ„Î¿Ï‚
0267 ; zee ; Î¸Î¬Î»Î±ÏƒÏƒÎ±
0268 ; maan /fengkÃ¡ri/ ; Ï†ÎµÎ³Î³Î¬ÏÎ¹ /fengkÃ¡ri/
0269 ; engel ; Î¬Î³Î³ÎµÎ»Î¿Ï‚
0270 ; relatief ; ÏƒÏ…Î³Î³ÎµÎ½Î®Ï‚
0271 ; diftong /dÃ­fthongkos/ ; Î´Î¯Ï†Î¸Î¿Î³Î³Î¿Ï‚ /dÃ­fthongkos/
0272 ; kruidenier /bakÃ¡lis/ ; Î¼Ï€Î±ÎºÎ¬Î»Î·Ï‚ /bakÃ¡lis/
0273 ; broers ; Î¼Ï€ÏÎ¿Ï‚ /bros/
0274 ; harder /barbÃ³eni/ ; Î¼Ï€Î±ÏÎ¼Ï€Î¿ÏÎ½Î¹ /barbÃ³eni/
0275 ; beton /beton/ ; Î¼Ï€ÎµÏ„ÏŒÎ½ /betÃ³n/
0276 ; wijnstok /ambeli/ ; Î±Î¼Ï€Î­Î»Î¹ /ambÃ©li/
0277 ; lambo /lambo/ ; Î»ï¿½ï¿½Î¼Ï€ï¿½ï¿½ /lÃ¡mbo/
0278 ; koopman /Ã©mboros/ ; ï¿½ï¿½Î¼Ï€Î¿ÏÎ¿Ï‚ /Ã©mboros/
0279 ; belemmeren /embodÃ­zo/ ; ÎµÎ¼Ï€Î¿Î´Î¯Î¶Ï‰ /embodÃ­zo/
0280 ; aankleden /dÃ½nome/ ; Î½Ï„ÏÎ½Î¿Î¼Î±Î¹ /dÃ½nome/
0281 ; tomaat /domÃ¡ta/ ; Î½Ï„Î¿Î¼Î¬Ï„Î± /domÃ¡ta/
0282 ; oppas /danda/ ; Î½Ï„Î±Î½Ï„Î¬ /dandÃ¡/
0283 ; fÃ­ldisi /fÃ­ldisi/ ; Ï†Î¯Î»Î½Ï„Î¹ÏƒÎ¹ /fÃ­ldisi/
0284 ; levend /zondanos/ ; Î¶Ï‰Î½Ï„Î±Î½ÏŒÏ‚ /zondanÃ³s/
0285 ; altijd /pÃ¡ndote/ ; Ï€Î¬Î½Ï„Î¿Ï„Îµ /pÃ¡ndote/
0286 ; vijf /pende/ ; Ï€Î­Î½Ï„Îµ /pÃ©nde/
0287 ; insect /Ã©ndomo/ ; Î­Î½Ï„Î¿Î¼Î¿ /Ã©ndomo/
0288 ; Mickey Mouse /mÃ­ki pondÃ­ki/ ; ÎœÎ¯ÎºÏ… Î Î¿Î½Ï„Î¯ÎºÎ¹ /mÃ­ki pondÃ­ki/
0289 ; gas geven /É¡Ã¡zi/ ; Î³ÎºÎ¬Î¶Î¹ /É¡Ã¡zi/
0290 ; klif /É¡remÃ³s/ ; Î³ÎºÏÎµÎ¼ÏŒÏ‚ /É¡remÃ³s/
0291 ; JoegoslaviÃ« / JoeÉ¡oslaviÃ« / ; Î“Î¹Î¿Ï…Î³ÎºÎ¿ÏƒÎ»Î±Î²Î¯Î± /JoeÉ¡oslavÃ­a/
0292 ; garage /É¡arÃ¡zi/ ; Î³ÎºÎ±ÏÎ¬Î¶Î¹ /É¡arÃ¡zi/
0293 ; anker /Ã¡ngkyra/ ; Î¬Î³ÎºÏ…ÏÎ± /Ã¡ngkyra/
0294 ; nodig /anÃ¡ngki/ ; Î±Î½Î¬Î³ÎºÎ· /anÃ¡ngki/
0295 ; transport /syngkinonia/ ; ÏƒÏ…Î³ÎºÎ¿Î¹Î½Ï‰Î½Î¯Î± /syngkinonÃ­a/
0296 ; verzamelen /syngkendrÃ³no/ ; ÏƒÏ…Î³ÎºÎµÎ½Ï„ÏÏÎ½Ï‰ /syngkendrÃ³no/
0297 ; sigaret ; Ï„ÏƒÎ¹Î³Î¬ÏÎ¿ 
0298 ; Dus ; Î­Ï„ÏƒÎ¹
0299 ; thee /tsaj/ ; Ï„ÏƒÎ¬Î¹ /tsaj/
0300 ; sok ; ÎºÎ¬Î»Ï„ÏƒÎ±
0301 ; cicaden /dzidzika's/ ; Ï„Î¶Î¯Ï„Î¶Î¹ÎºÎ±Ï‚ /dzidzikas/
0302 ; open haard /dzÃ¡ki/ ; Ï„Î¶Î¬ÎºÎ¹ /dzÃ¡ki/
0303 ; glas /dzÃ¡mi/ ; Ï„Î¶Î¬Î¼Î¹ /dzÃ¡mi/
0304 ; tzatziki /dzadzÃ­ki/ ; Ï„Î¶Î±Ï„Î¶Î¯ÎºÎ¹ /dzadzÃ­ki/
0305 ; operatie /engchirisi/ ; ÎµÎ³Ï‡ÎµÎ¯ÏÎ¹ÏƒÎ· /engchirisi/
0306 ; binnenlands /engchÃ³rios/ ; ÎµÎ³Ï‡ÏÏÎ¹Î¿Ï‚ /engchÃ³rios/
0307 ; blussen ; ÏƒÎ²Î®Î½Ï‰
0308 ; kroeshaar ; ÏƒÎ³Î¿Ï…ÏÏŒÏ‚ 
0309 ; bang ; Ï†Î¿Î²Î¹ÏƒÎ¼Î­Î½Î¿Ï‚
0310 ; . punt ; . Ï„ÎµÎ»ÎµÎ¯Î±
0311 ;  puntkomma ;   Î¬Î½Ï‰ Ï„ÎµÎ»ÎµÎ¯Î±
0312 ; , komma ; , ÎºÏŒÎ¼Î¼Î±
0313 ; ; vraagteken ; ; ÎµÏÏ‰Ï„Î·Î¼Î±Ï„Î¹ÎºÏŒ
0314 ; ! uitroepteken ; ! Î¸Î±Ï…Î¼Î±ÏƒÏ„Î¹ÎºÏŒ
0315 ; : dubbele punt ; : Î´Î¹Ï€Î»Î® Ï„ÎµÎ»ÎµÎ¯Î±
0316 ; (tussen haakjes ; ( Ï€Î±ÏÎ­Î½Î¸ÎµÏƒÎ· 
0317 ; " citaten ; Â« ÎµÎ¹ÏƒÎ±Î³Ï‰Î³Î¹ÎºÎ¬
0318 ; - streepje ; - Ï€Î±ÏÎ»Î±
0319 ; â€¦ rustig ; â€¦ Î±Ï€Î¿ÏƒÎ¹Ï‰Ï€Î·Ï„Î¹ÎºÎ¬
0320 ; wij zijn eerlijk ; Î­Ï„Î¹Î¼Î¿Î¹ ÎµÎ¯Î¼Î±ÏƒÏ„Îµ
0321 ; Dus laten we gaan! ; Î Î¬Î¼Îµ Î»Î¿Î¹Ï€ÏŒÎ½!
0322 ; Parijs ; Ï„Î¿ Î Î±ÏÎ¯ÏƒÎ¹ 
0323 ; in Madrid ; ÏƒÏ„Î· ÎœÎ±Î´ÏÎ¯Ï„Î· 
0324 ; Hij houdt niet van ouzo. /dendoe aresi/ ; Î”ÎµÎ½ Ï„Î¿Ï… Î±ÏÎ­ÏƒÎµÎ¹ Ï„Î¿ Î¿ÏÎ¶Î¿. /dendoe aresi/
0325 ; AustraliÃ« ; Ï„Î·Î½ Î‘Ï…ÏƒÏ„ÏÎ±Î»Î¯Î± 
0326 ; misschien? ; Î¼Î®Ï€Ï‰Ï‚;
0327 ; paraplu ; Î¿Î¼Ï€ÏÎ­Î»Î±
0328 ; spiegel ; ÎºÎ±Î¸ÏÎ­Ï†Ï„Î·Ï‚ 
0329 ; goedkoop ; Ï†Ï„Î·Î½ÏŒÏ‚
0330 ; Mijn naam is Theodore ; ÎœÎµ Î»Î­Î½Îµ Î˜ÏŒÎ´Ï‰ÏÎµ
0331 ; Hallo, Dimitris! ; Î“ÎµÎ¹Î± ÏƒÎ¿Ï…, Î”Î·Î¼Î®Ï„ÏÎ·!
0332 ; Hallo, Stati! ; Î“ÎµÎ¹Î± ÏƒÎ¿Ï…, Î£Ï„Î¬Î¸Î·!
0333 ; Hallo, Alexis! ; Î“ÎµÎ¹Î± ÏƒÎ¿Ï…, Î‘Î»Î­Î¾Î·!
0334 ; Hallo Spyro! ; Î“ÎµÎ¹Î± ÏƒÎ¿Ï…, Î£Ï€ÏÏÎ¿!
0335 ; Hoe; ; Ï€ÏÏ‚;
0336 ; waar; ; Ï€Î¿Ï;
0337 ; of ; Î®
0338 ; waar ben je ; Î Î¿ï¿½ï¿½ ÎµÎ¯ÏƒÎ±Î¹;
0339 ; Ik ben thuis. ; Î•Î¯Î¼Î±Î¹ ÏƒÏ„Î¿ ÏƒÏ€Î¯Ï„Î¹.
0340 ; op school ; ÏƒÏ„Î¿ ÏƒÏ‡Î¿Î»ÎµÎ¯Î¿
0341 ; in de taverne ; ÏƒÏ„Î·Î½ Ï„Î±Î²Î­ÏÎ½Î±
0342 ; bij de bank ; ÏƒÏ„Î·Î½ Ï„ÏÎ¬Ï€ÎµÎ¶Î± 
0343 ; naar de dokter ; ÏƒÏ„Î¿Î½ Î³Î¹Î±Ï„ÏÏŒ
0344 ; op de luchthaven ; ÏƒÏ„Î¿ Î±ÎµÏÎ¿Î´ÏÏŒÎ¼Î¹Î¿
0345 ; in Plaka ; ÏƒÏ„Î·Î½ Î Î»Î¬ÎºÎ±
0346 ; in Athene ; ÏƒÏ„Î·Î½ Î‘Î¸Î®Î½Î±
0347 ; in Kolonaki ; ÏƒÏ„Î¿ ÎšÎ¿Î»Ï‰Î½Î¬ÎºÎ¹
0348 ; in Bertem ; ÏƒÏ„Î¿ Bertem
0349 ; in Canada ; ÏƒÏ„Î¿Î½ ÎšÎ±Î½Î±Î´Î¬
0350 ; op Kreta ; ÏƒÏ„Î·Î½ ÎšÏÎ®Ï„Î· 
0351 ; op de Akropolis ; ÏƒÏ„Î·Î½ Î‘ÎºÏÏŒÏ€Î¿Î»Î·
0352 ; in Brussel ; ÏƒÏ„Î¹Ï‚ Î’ÏÏ…Î¾Î­Î»Î»ÎµÏ‚ 
0353 ; Waar kom je vandaan ; Î‘Ï€ÏŒ Ï€Î¿Ï ÎµÎ¯ÏƒÎ±Î¹;
0354 ; Ik kom uit BelgiÃ«. ; Î•Î¯Î¼Î±Î¹ Î±Ï€Î¿ Ï„Î¿ Î’Î­Î»Î³Î¹Î¿.
0355 ; uit Griekenland ; Î±Ï€ÏŒ Ï„Î·Î½ Î•Î»Î»Î¬Î´Î±
0356 ; uit Frankrijk ; Î±Ï€ÏŒ Ï„Î·Î½ Î“Î±Î»Î»Î¯Î±
0357 ; uit Duitsland ; Î±Ï€ÏŒ Ï„Î·Î½ Î“ÎµÏÎ¼Î±Î½Î¯Î±
0358 ; uit Engeland ; Î±Ï€ÏŒ Ï„Î·Î½ Î‘Î³Î³Î»Î¯Î±
0359 ; uit Spanje ; Î±Ï€ÏŒ Ï„Î·Î½ Î™ÏƒÏ€Î±Î½Î¯Î±
0360 ; uit China ; Î±Ï€ÏŒ Ï„Î·Î½ ÎšÎ¯Î½Î± 
0361 ; uit Amerika ; Î±Ï€ÏŒ Ï„Î·Î½ Î‘Î¼ÎµÏÎ¹ÎºÎ®
0362 ; uit Nederland ; Î±Ï€ÏŒ Ï„Î·Î½ ÎŸÎ»Î»Î±Î½Î´Î¯Î± 
0363 ; uit Denemarken ; Î±Ï€ÏŒ Ï„Î·Î½ Î”Î±Î½Î¯Î±
0364 ; uit Canada ; Î±Ï€ÏŒ Ï„Î¿Î½ ÎšÎ±Î½Î±Î´Î¬
0365 ; uit Mexico ; Î±Ï€ÏŒ Ï„Î¿ ÎœÎµÎ¾Î¹ÎºÏŒ 
0366 ; uit Hongarije ; Î±Ï€ÏŒ Ï„Î·Î½ ÎŸÏ…Î³Î³Î±ÏÎ¯Î± 
0367 ; uit Ierland ; Î±Ï€ÏŒ Ï„Î·Î½ Î™ÏÎ»Î±Î½Î´Î¯Î± 
0368 ; Verheug u, meneer Dallara! Hoe is het ; Î§Î±Î¯ÏÎµÏ„Îµ, ÎºÏ…ÏÎ¯Îµ ÎÏ„Î±Î»Î¬ÏÎ±! Î ÏÏ‚ ÎµÎ¯ÏƒÎ±ÏƒÏ„Îµ;
0369 ; waar woon je ; Î Î¿Ï… Î¼Î­Î½ÎµÎ¹Ï‚;
0370 ; Ik woon in BelgiÃ«, in Leuven. ; ÎœÎ­Î½Ï‰ ÏƒÏ„Î¿ Î’Î­Î»Î³Î¹Î¿, ÏƒÏ„Î¿ Î›Î¿Î²Î¬Î½Î¹.
0371 ; in Antwerpen /stin antvÃ©rpja/ ; ÏƒÏ„Î·Î½ Î‘Î½Ï„Î²Î­ÏÏ€Î¹Î± /stin antvÃ©rpja/
0372 ; in Antwerpen ; ÏƒÏ„Î¿ Antwerpen
0373 ; in Thessaloniki ; ÏƒÏ„Î·Î½ Î˜ÎµÏƒÏƒÎ±Î»Î¿Î½Î¯ÎºÎ·
0374 ; in Nafplio ; ÏƒÏ„Î¿ ÎÎ±ÏÏ€Î»Î¹Î¿
0375 ; in Volos ; ÏƒÏ„Î¿Î½ Î’ÏŒÎ»Î¿ 
0376 ; in Rome ; ÏƒÏ„Î·Î½ Î¡ÏÎ¼Î·
0377 ; in Madrid ; ÏƒÏ„Î·Î½ ÎœÎ±Î´ÏÎ¯Ï„Î·
0378 ; Kent u Grieks? ; ÎÎ­ÏÎµÎ¹Ï‚ ÎµÎ»Î»Î·Î½Î¹ÎºÎ¬;
0379 ; Nee, ik weet het niet, maar ik begrijp het een beetje! ; ÎŒÏ‡Î¹, Î´ÎµÎ½ Î¾Î­ÏÏ‰, Î¼Î± ÎºÎ±Ï„Î±Î»Î±Î²Î±Î¯Î½Ï‰ Î»Î¯Î³Î¿!
0380 ; frans ; Î³Î±Î»Î»Î¹ÎºÎ¬
0381 ; Engels ; Î±Î³Î³Î»Î¹ÎºÎ¬
0382 ; Duits /jermanikÃ¡/ ; Î³ÎµÏÎ¼Î±Î½Î¹ÎºÎ¬ /jermanikÃ¡/
0383 ; Vlaams ; Ï†Î»Î±Î¼Î±Î½Î´Î¹ÎºÎ¬ 
0384 ; Nederlands ; Î¿Î»Î»Î±Î½Î´Î¹ÎºÎ¬
0385 ; Spaans ; Î¹ÏƒÏ€Î±Î½Î¹ÎºÎ¬
0386 ; Italiaans ; Î¹Ï„Î±Î»Î¹ÎºÎ¬
0387 ; Russisch ; ÏÏ‰ÏƒÎ¹ÎºÎ¬
0388 ; Chinese ; ÎºÎ¹Î½Î­Î¶Î¹ÎºÎ±
0389 ; Arabisch ; Î±ÏÎ±Î²Î¹ÎºÎ¬
0390 ; Alles? netto; ; ÎŸÎ»Î»Î± ? ÎºÎ±Î¸Î±ÏÎ¬;
0391 ; Op wie wacht je? ; Î Î¿Î¹Î¿Î½ Ï€ÎµÏÎ¹Î¼Î­Î½ÎµÎ¹Ï‚;
0392 ; Ik wacht op Vangelis. ; Î ÎµÏÎ¹Î¼Î­Î½Ï‰ Ï„Î¿Î½ Î’Î±Î³Î³Î­Î»Î·.
0393 ; het kind ; Ï„Î¿ Ï€Î±Î¹Î´Î¯
0394 ; het meisje ; Ï„Î¿ ÎºÎ¿ÏÎ¯Ï„ÏƒÎ¹ 
0395 ; wat wil je ; Î¤Î¹ Î¸Î­Î»ÎµÎ¹Ï‚;
0396 ; Ik wil koffie. ; Î˜Î­Î»Ï‰ Î­Î½Î±Î½ ÎºÎ±Ï†Î­.
0397 ; een frappÃ© ; Î­Î½Î±Î½ Ï†ÏÎ±Ï€Î­
0398 ; een melk ; Î­Î½Î± Î³Î¬Î»Î±
0399 ; een watertje ; Î­Î½Î± Î½ÎµÏÏŒ
0400 ; een thee ; Î­Î½Î± Ï„ÏƒÎ¬Î¹ 
0401 ; een limonade ; Î¼Î¹Î± Î»ÎµÎ¼Î¿Î½Î¬Î´Î±
0402 ; een ijsje ; Î­Î½Î± Ï€Î±Î³Ï‰Ï„ÏŒ
0403 ; een cheesecake ; Î¼Î¹Î± Ï„Ï…ÏÏŒÏ€Î¹Ï„Î±
0404 ; een baklava ; Î­Î½Î±Î½ Î¼Ï€Î±ÎºÎ»Î±Î²Î¬
0405 ; een sinaasappelsap ; Î­Î½Î±Î½ Ï‡Ï…Î¼ÏŒ Ï€Î¿ÏÏ„Î¿ÎºÎ¬Î»Î¹
0406 ; Heeft u een probleem? ; ÎˆÏ‡ÎµÎ¹Ï‚ Ï€ÏÏŒÎ²Î»Î·Î¼Î±;
0407 ; auto ; Î±Ï…Ï„Î¿ÎºÎ¯Î½Î·Ï„Î¿
0408 ; mobiel ; ÎºÎ¹Î½Î·Ï„ÏŒ
0409 ; telefoon ; Ï„Î·Î»Î­Ï†Ï‰Î½Î¿ 
0410 ; krant ; ÎµÏ†Î·Î¼ÎµÏÎ¯Î´Î±
0411 ; Ouzo ; Î¿ÏÎ¶Î¿
0412 ; Kego ; ÎºÎµÎ³Ï 
0413 ; Geen stress! ; ÎŒÏ‡Î¹ Î¬Î³Ï‡Î¿Ï‚!
0414 ; Ik ga uit /vjÃ©no/ ; Î²Î³Î±Î¯Î½Ï‰ /vjÃ©no/
0415 ; ei ; Î±ÏÎ³Î¿
0416 ; ei ; Î±Î²Î³ÏŒ
0417 ; schip /plÃ­ejo/ ; Ï€Î»Î¿Î¯Î¿ /plÃ­ejo/
0418 ; Eerst ; Ï€ÏÏÏ„Î¿Ï‚
0419 ; seconde ; Î´ÎµÏÏ„ÎµÏÎ¿Ï‚
0420 ; les ; Î¼Î¬Î¸Î·Î¼Î± 
0421 ; Ã©Ã©n - Ã©Ã©n, Ã©Ã©n, Ã©Ã©n ; Î­Î½Î± -- Î­Î½Î±Ï‚, Î¼Î¯Î±, Î­Î½Î±
0422 ; dï¿½ï¿½ ; Î´Ïï¿½ï¿½
0423 ; drie-drie, drie, drie ; Ï„ÏÎ¯Î± -- Ï„ÏÎµÎ¹Ï‚, Ï„ÏÎµÎ¹Ï‚, Ï„ÏÎ¯Î± 
0424 ; vier - vier, vier vier ; Ï„Î­ÏƒÏƒÎµÏÎ± -- Ï„Î­ÏƒÏƒÎµÏÎ¹Ï‚, Ï„Î­ÏƒÏƒÎµÏÎ¹Ï‚ Ï„Î­ÏƒÏƒÎµÏÎ±
0425 ; vijf ; Ï€Î­Î½Ï„Îµ
0426 ; zes ; Î­Î¾Î¹
0427 ; zeven ; ÎµÏ€Ï„Î¬
0428 ; OK ; Î¿Îºï¿½ï¿½Ï
0429 ; negen ; ÎµÎ½Î½Î­Î±
0430 ; tien ; Î´Î­ÎºÎ±
0431 ; Hoe laat is het ; Î¤Î¹ ÏÏÎ± ÎµÎ¯Î½Î±Î¹;
0432 ; de tijd ; Î· ÏÏÎ±
0433 ; de minuut, de minuten ; Ï„Î¿ Î»ÎµÏ€Ï„ÏŒ, Ï„Î± Î»ÎµÏ€Ï„Î¬ 
0434 ; de tweede ; Ï„Î¿ Î´ÎµÏ…Ï„ÎµÏÏŒÎ»ÎµÏ€Ï„Î¿
0435 ; de vierde ; Ï„Î¿ Ï„Î­Ï„Î±ÏÏ„Î¿
0436 ; het halfuur ; Î· Î¼Î·ÏƒÎ® ÏÏÎ±
0437 ; de helft, de helft, de helft ; Î¼Î¹ÏƒÏŒÏ‚, Î¼Î¹ÏƒÎ®, Î¼Î¹ÏƒÏŒ
0438 ; Het is kwart over tien. ; ÎˆÎ¹Î½Î±Î¹ Î´Î­ÎºÎ± ÎºÎ±Î¹ Ï„Î­Ï„Î±ÏÏ„Î¿.
0439 ; Het is twee over tien. ; Î•Î¯Î½Î±Î¹ Î´ÏÎ¿ Ï€Î±ÏÎ¬ Î´Î­ÎºÎ±.
0440 ; Het is precies drie uur! ; ÎˆÎ¹Î½Î±Î¹ Ï„ÏÎµÎ¹Ï‚ Î· ÏÏÎ± Î±ÎºÏÎ¹Î²ÏÏ‚!
0441 ; 01:30 Het is half Ã©Ã©n. ; 01:30 Î•Î¯Î½Î±Î¹ Î¼Î¯Î± ÎºÎ±Î¹ Î¼Î¹ÏƒÎ®.
0442 ; 02:40 drie over twintig ; 02:40 Ï„ÏÎµÎ¹Ï‚ Ï€Î±ÏÎ¬ ÎµÎ¯ÎºÎ¿ÏƒÎ¹
0443 ; 03:45 kwart over vier ; 03:45 Ï„Î­ÏƒÏƒÎµÏÎ¹Ï‚ Ï€Î±ÏÎ¬ Ï„Î­Ï„Î±ÏÏ„Î¿
0444 ; zesenvijftig kilometer ; Ï€ÎµÎ½Î®Î½Ï„Î± Î­Î¾Î¹ Ï‡Î¹Î»Î¹ÏŒÎ¼ÎµÏ„ÏÎ± 
0445 ; Eretria ; Î•ÏÎ­Ï„ÏÎ¹Î± 
0446 ; Thebe /tiva/ ; Î˜Î®Î²Î± /tiva/
0447 ; Gehoornd ; ÎšÎµÏÎ±Ï„Î­Î± 
0448 ; Kineta ; ÎšÎ¹Î½Î­Ï„Î±
0449 ; Megara ; ÎœÎ­Î³Î±ÏÎ± 
0450 ; Boyati ; ÎœÏ€Î¿Î³Î¹Î¬Ï„Î¹
0451 ; Ik werd meegenomen ; Î Î¬ÏÏ„Î¸Î·Î½Î±
0452 ; Piraeus ; Î ÎµÎ¹ÏÎ±Î¹Î¬Ï‚ 
0453 ; Naaister ; Î¡Î±Ï†Î®Î½Î±
0454 ; Koninklijk ; Î’Î±ÏƒÎ¹Î»Î¹ÎºÎ¬
0455 ; Berria ; Î’Î­ÏÏÎ¿Î¹Î±
0456 ; Opbrengst ; Î•Ï€Î±Î½Ï‰Î¼Î®
0457 ; Kilki's ; ÎšÎ¹Î»ÎºÎ¯Ï‚ 
0458 ; Naoussa ; ÎÎ¬Î¿Ï…ÏƒÎ±
0459 ; Serres ; Î£Î­ÏÏÎµÏ‚ 
0460 ; de kilometerafstanden ; Ï„Î¹Ï‚ Ï‡Î¹Î»Î¹Î¿Î¼ÎµÏ„ÏÎ¹ÎºÎ­Ï‚ Î±Ï€Î¿ÏƒÏ„Î¬ÏƒÎµÎ¹Ï‚ 
0461 ; bibliotheek ; Î²Î¹Î²Î»Î¹Î¿Î¸Î®ÎºÎ· 
0462 ; bioscoop ; ÏƒÎ¹Î½ÎµÎ¼Î¬ 
0463 ; Briljant! /lambrÃ¡/ ; Î›Î±Î¼Ï€ÏÎ¬! /lambrÃ¡/
0464 ; banketbakkerij ; Î¶Î±Ï‡Î±ÏÎ¿Ï€Î»Î±ÏƒÏ„ÎµÎ¯Î± 
0465 ; professor ; ÎºÎ±Î¸Î·Î³Î·Ï„Î®Ï‚
0466 ; professor ; ÎºÎ±Î¸Î·Î³Î®Ï„ÏÎ¹Î± 
0467 ; de studenten ; Î¿Î¹ Î¼Î±Î¸Î·Ï„Î­Ï‚ 
0468 ; directeur ; Î´Î¹ÎµÏ…Î¸Ï…Î½Ï„Î®Ï‚ 
0469 ; slavernij ; Î´Î¿Ï…Î»ÎµÎ¹Î¬ 
0470 ; Hoeveel; ; Ï€ÏŒÏƒÎ±;
0471 ; op zondag ; Ï„Î· ÎšÏ…ÏÎ¹Î±ÎºÎ®
0472 ; op maandag ; Ï„Î· Î”ÎµÏ…Ï„Î­ÏÎ± 
0473 ; op zaterdag ; Ï„Î¿Î½ Î£Î¬Î²Î²Î±Ï„Î¿
0474 ; voorbeeld ; Ï€Î±ÏÎ¬Î´ÎµÎ¹Î³Î¼Î± 
0475 ; het werkwoord ; Ï„Î¿ ÏÎ®Î¼Î±
0476 ; supplementen ; ÏƒÏ…Î¼Ï€Î»Î·ÏÏÎ¼Î±Ï„Î± 
0477 ; Ik ben het ermee eens ; ÏƒÏ…Î¼Ï€Î»Ï…ÏÏÎ½Ï‰
0478 ; kiezen ; Î´Î¹Î±Î»Î­Î³Ï‰
0479 ; de juiste ; Ï„Î¿ ÏƒÏ‰ÏƒÏ„ÏŒ
0480 ; de tafel ; Î¿ Ï€Î¯Î½Î±ÎºÎ±Ï‚ 
0481 ; de klokken ; Ï„Î± ÏÎ¿Î»ÏŒÎ³Î¹Î± 
0482 ; Kijk ; ÎºÎ¿Î¹Ï„Î¬Î¾Ï„Îµ 
0483 ; vragen ; ÏÏ‰Ï„Î®ÏƒÏ„Îµ
0484 ; spreek op ; Î¼Î¹Î»Î®ÏƒÏ„Îµ
0485 ; met je buurman ; Î¼Îµ Ï„Î¿Î½ Î´Î¹Ï€Î»Î±Î½ÏŒ ÏƒÎ±Ï‚
0486 ; de woorden ; Ï„Î¹Ï‚ Î»Î­Î¾ÎµÎ¹Ï‚ 
0487 ; sleutels ; ÎºÎ»ÎµÎ¹Î´Î¹Î¬ 
0488 ; fout ; Î»Î¬Î¸Î¿Ï‚
0489 ; wachten ; Ï€ÎµÏÎ¹Î¼Î­Î½Ï‰ 
0490 ; onze ouders ; Î¿Î¹ Î³Î¿Î½ÎµÎ¯Ï‚ Î¼Î±Ï‚
0491 ; onze grootvader ; Î¿ Ï€Î±Ï€Ï€Î¿ÏÏ‚ Î¼Î±Ï‚
0492 ; je grootmoeder ; Î· Î³Î¹Î±Î³Î¹Î¬ ÏƒÎ±Ï‚
0493 ; mijn vader ; Î¿ Ï€Î±Ï„Î­ÏÎ±Ï‚ Î¼Î¿Ï…
0494 ; je moeder ; Î· Î¼Î·Ï„Î­ÏÎ± ÏƒÎ¿Ï…
0495 ; zijn zus ; Î· Î±Î´ÎµÎ»Ï†Î® Ï„Î¿Ï…
0496 ; haar broer ; Î¿ Î±Î´ÎµÎ»Ï†ÏŒÏ‚ Ï„Î·Ï‚
0497 ; mijn man ; Î¿ ÏƒÏÎ¶Ï…Î³Î¿Ï‚ Î¼Î¿Ï…
0498 ; mijn vrouw ; Î· Î³Ï…Î½Î±Î¯ÎºÎ± Î¼Î¿Ï…
0499 ; haar echtgenoot ; Î¿ Î¬Î½Î´ÏÎ±Ï‚ Ï„Î·Ï‚
0500 ; misschien ; Î¼Î®Ï€Ï‰Ï‚
0501 ; ik ben ; ÎµÎ³Ï ÎµÎ¯Î¼Î±Î¹
0502 ; jij bent ; ÎµÏƒÏ ÎµÎ¯ÏƒÎ±Î¹
0503 ; zij is ; Î±Ï…Ï„Î® ÎµÎ¯Î½Î±Î¹
0504 ; wij zijn ; ÎµÎ¼ÎµÎ¯Ï‚ ÎµÎ¯Î¼Î±ÏƒÏ„Îµ 
0505 ; jij bent ; ÎµÏƒÎµÎ¯Ï‚ ÎµÎ¯Ïƒ(Î±Ïƒ)Ï„Îµ 
0506 ; dit zijn ; Î±Ï…Ï„Î­Ï‚ ÎµÎ¯Î½Î±Î¹
0507 ; hebben ; Î­Ï‡Ï‰
0508 ; je hebt ; Î­Ï‡ÎµÎ¹Ï‚ 
0509 ; heeft ; Î­Ï‡ÎµÎ¹
0510 ; wij hebben ; Î­Ï‡Î¿Ï…Î¼Îµ
0511 ; je hebt ; Î­Ï‡ÎµÏ„Îµ
0512 ; zij hebben ; Î­Ï‡Î¿Ï…Î½(Îµ)
0513 ; ik blijf ; Î¼Î­Î½Ï‰
0514 ; weten ; Î¾Î­ÏÏ‰
0515 ; gaan ; Ï€Î·Î³Î±Î¯Î½Ï‰
0516 ; begrijpen ; ÎºÎ±Ï„Î±Î»Î±Î²Î±Î¯Î½Ï‰
0517 ; lezen ; Î´Î¹Î±Î²Î¬ÏƒÏ„Îµ
0518 ; leren ; Î¼Î±Î¸Î±Î¯Î½Ï‰
0519 ; drankje ; Ï€Î¯Î½Ï‰
0520 ; Londen ; Ï„Î¿ Î›Î¿Î½Î´Î¯Î½Î¿
0521 ; Madrid ; Î· ÎœÎ±Î´ÏÎ¯Ï„Î·
0522 ; naar CaÃ¯ro /naar kÃ¡Ã¯ro/ ; Ï„Î¿ ÎšÎ¬Î¹ÏÎ¿ /to kÃ¡Ã¯ro/
0523 ; Mexico ; ÎœÎµÎ¾Î¹ÎºÏŒ 
0524 ; ItaliÃ« ; Î™Ï„Î±Î»Î¯Î± 
0525 ; BelgiÃ« ; Î’Î­Î»Î³Î¹Î¿
0526 ; Iran ; Î™ÏÎ¬Î½ 
0527 ; China ; ÎšÎ¯Î½Î±
0528 ; Egypte ; Î· Î‘Î¯Î³Ï…Ï€Ï„Î¿Ï‚ 
0529 ; Tokio ligt in Japan ; Ï„Î¿ Î¤ÏŒÎºÎ¹Î¿ ÎµÎ¯Î½Î±Î¹ ÏƒÏ„Î·Î½ Î™Î±Ï€Ï‰Î½Î¯Î±
0530 ; Boedapest ligt in Hongarije ; Î· Î’Î¿Ï…Î´Î±Ï€Î­ÏƒÏ„Î· ÎµÎ¯Î½Î±Î¹ ÏƒÏ„Î·Î½ ÎŸÏ…Î³Î³Î±ÏÎ¯Î±
0531 ; Moskou ligt in Rusland ; Î· ÎœÏŒÏƒÏ‡Î± ÎµÎ¯Î½Î±Î¹ ÏƒÏ„Î·Î½ Î¡Ï‰ÏƒÎ¯Î± 
0532 ; Calcutta ligt in India in AziÃ« ; Î· ÎšÎ±Î»ÎºÎ¿ÏÏ„Î± ÎµÎ¯Î½Î±Î¹ ÏƒÏ„Î·Î½ Î™Î½Î´Î¯Î± ÏƒÏ„Î·Î½ Î‘ÏƒÎ¯Î± 
0533 ; in Europa ; ÏƒÏ„Î·Î½ Î•Ï…ÏÏÏ€Î·
0534 ; Japanse ; Î³Î¹Î±Ï€Ï‰Î½Î­Î¶Î¹ÎºÎ±
0535 ; Peking in China ; Ï„Î¿ Î ÎµÎºÎ¯Î½Î¿ ÏƒÏ„Î·Î½ ÎšÎ¯Î½Î± 
0536 ; Marseille in Frankrijk ; ÎœÎ±ÏƒÏƒÎ±Î»Î¯Î± ÏƒÏ„Î·Î½ Î“Î±Î»Î»Î¯Î± 
0537 ; landkaart de kaart ; landkaart Î¿ Ï‡Î¬ÏÏ„Î·Ï‚ 
0538 ; JordaniÃ« ; Î· Î™Î¿ÏÎ´Î±Î½Î¯Î±
0539 ; Canada ; Î¿ ÎšÎ±Î½Î±Î´Î¬Ï‚
0540 ; Griekenland ; Î· Î•Î»Î»Î¬Î´Î±
0541 ; Libanon ; Î¿ Î›Î¯Î²Î±Î½Î¿Ï‚
0542 ; SyriÃ« ; Î· Î£Ï…ÏÎ¯Î±
0543 ; RoemeniÃ« ; Î· Î¡Î¿Ï…Î¼Î±Î½Î¯Î±
0544 ; Zwitserland ; Î· Î•Î»Î²ÎµÏ„Î¯Î±
0545 ; Mexico ; Ï„Î¿ ÎœÎµÎ¾Î¹ÎºÏŒ
0546 ; ArgentiniÃ« ; Î· Î‘ÏÎ³ÎµÎ½Ï„Î¹Î½Î®
0547 ; AustraliÃ« ; Î· Î‘Ï…ÏƒÏ„ÏÎ±Î»Î¯Î±
0548 ; Portugal ; Î· Î Î¿ÏÏ„Î¿Î³Î±Î»Î¯Î±
0549 ; Egypte ; Î· Î‘Î¯Î³Ï…Ï€Ï„Î¿Ï‚
0550 ; Cyprus ; Î· ÎšÏÏ€ÏÎ¿Ï‚
0551 ; Rhodos ; Î· Î¡ÏŒÎ´Î¿Ï‚
0552 ; Delos ; Î· Î”Î®Î»Î¿Ï‚
0553 ; Samos ; Î· Î£Î¬Î¼Î¿Ï‚
0554 ; Paros ; Î· Î Î¬ÏÎ¿Ï‚
0555 ; de Poros ; Î¿ Î ÏŒÏÎ¿Ï‚
0556 ; de Verenigde Staten (van Amerika) (VS) ; Ï„Î¹Ï‚ Î—Î½Ï‰Î¼Î­Î½ÎµÏ‚ Î Î¿Î»Î¹Ï„ÎµÎ¯ÎµÏ‚ (Ï„Î·Ï‚ Î‘Î¼ÎµÏÎ¹ÎºÎ®Ï‚) (Î—Î Î‘)
0557 ; Hoeveel is het? ; Î Î±ÏÎ±ÎºÎ±Î»Ï, Ï€Î¿ÏƒÎ¿ ÎºÎ¬Î½ÎµÎ¹;
0558 ; luchthaven ; Î±ÎµÏÎ¿Î´ÏÏŒÎ¼Î¹Î¿ 
0559 ; vliegtuig ; Î±ÎµÏÎ¿Ï€Î»Î¬Î½Î¿ 
0560 ; Welkom, Theodore! ; ÎšÎ±Î»ÏÏ‚ ÏŒÏÎ¹ÏƒÎµÏ‚, Î˜ÏŒÎ´Ï‰ÏÎ¿!
0561 ; Christina is er klaar voor. ; Î§ÏÎ¹ÏƒÏ„Î¯Î½Î± ÎµÎ¯Î½Î±Î¹ Î­Ï„Î¿Î¹Î¼Î·.
0562 ; Wie is er aan de telefoon? ; Î Î¿Î¹Î¿Ï‚ ÎµÎ¯Î½Î±Î¹ ÏƒÏ„Î¿ Ï„Î·Î»Î­Ï†Ï‰Î½Î¿;
0563 ; Ik wil een wijn! ; Î˜Î­Î»Ï‰ Î­Î½Î± ÎºÏÎ±ÏƒÎ¯!
0564 ; Waar gaat Andreas heen? ; Î Î¿Ï Ï€Î¬ÎµÎ¹ Î¿ Î‘Î½Ï„ÏÎ­Î±Ï‚;
0565 ; zeg jij ; Î»ÎµÏ‚
0566 ; zegt hij ; Î»Î­ÎµÎ¹
0567 ; wij zeggen ; Î»Î­Î¼Îµ
0568 ; zeg jij ; Î»Î­Ï„Îµ
0569 ; zeggen ze ; Î»Î­Î½Îµ
0570 ; jij gaat ; Ï€Î±Ï‚
0571 ; gaat ; Ï€Î¬ÎµÎ¹
0572 ; mama ; Î¼Î¬Î¼Îµ
0573 ; gaan ze ; Ï€Î¬Î¿Ï…Î½?
0574 ; studie ; ÏƒÏ€Î¿Ï…Î´Î¬Î¶Ï‰
0575 ; werk ; Î´Î¿Ï…Î»ÎµÏÏ‰
0576 ; Ik ga, ik ga ; Ï€Î·Î³Î±Î¯Î½Ï‰, Ï€Î¬Ï‰
0577 ; Ik wacht op een taxi ; Ï€ÎµÏÎ¹Î¼Î­Î½Ï‰ Ï„Î±Î¾Î¯
0578 ; Ik ook ; ÎºÎ¹ ÎµÎ³Ï
0579 ; het bier ; Î· Î¼Ï€Î¯ÏÎ±
0580 ; kip ; ÎºÎ¿Ï„ÏŒÏ€Î¿Ï…Î»Î¿ 
0581 ; Mars ; Î†ÏÎ·Ï‚
0582 ; Alice ; Î‘Î»Î¯ÎºÎ·
0583 ; Andreotis ; Î‘Î½Ï„ÏÎµÏŒÏ„Î¹Ï‚
0584 ; Dhr ; ÎºÏÏÎ¹Î¿Ï‚
0585 ; dame ; ÎºÏÏÎ¹Î± 
0586 ; Missen ; Î´ÎµÏƒÏ€Î¿Î¹Î½Î¯Ï‚ 
0587 ; mama ; Î¼Î±Î¼Î¬
0588 ; de Grondwet ; Ï„Î¿ Î£ÏÎ½Ï„Î±Î³Î¼Î± 
0589 ; prima ; Î¼Î¹Î± Ï‡Î±ÏÎ¬
0590 ; rechter ; Î´Î¹ÎºÎ±ÏƒÏ„Î®Ï‚
0591 ; advocaat ; Î´Î¹ÎºÎ·Î³ÏŒÏÎ¿Ï‚ 
0592 ; Spreek van uw buurman! ; ÎœÎ¹Î»Î®ÏƒÏ„Îµ Î±Ï€ÏŒ Ï„Î·Î½ Î´Î¹Ï€Î»Î±Î½Î® ÏƒÎ±Ï‚!
0593 ; Pardon mevrouw, bent u getrouwd? ; Î£Ï…Î³Î½ÏÎ¼Î¹ Î´ÎµÏƒÏ€Î¿Î¹Î½Î¯, ÎµÎ¯ÏƒÎ±ÏƒÏ„Îµ Ï€Î±Î½Ï„ÏÎµÎ¼Î­Î½Î·;
0594 ; Nee, ik ben vrij, maar gescheiden. ; ÎŒÏ‡Î¹, ÎµÎ¯Î¼Î¹ ÎµÎ»ÎµÏÎ¸ÎµÏÎ·, Î±Î»Î»Î¬ Ï‡Ï‰ÏÎ¹ÏƒÎ¼Î­Î½Î·.
0595 ; Wauw, ik ben een snotaap, geen varkenâ€¦ ; Î Ï‰ Ï€Ï‰, ÎµÎ¯Î¼Î±Î¹ Ï‡ÏÏÎ¿Ï‚, ÎºÎ±Î¯ ÏŒÏ‡Î¹ Î³Î¿Î¹ÏÎ¿Ï‚â€¦
0596 ; Har/aangenaam ; Î§Î±Ï/aangenaam
0597 ; Maar ik heb een vriend ; ÎœÎ± Î­Ï‡Ï‰ Ï†Î¯Î»Î¿, 
0598 ; vakgenoot ; ÏƒÏÎ½Ï„ÏÎ¿Ï†Î¿Ï‚ 
0599 ; duur ; Î±ÎºÏÎ¹Î²ÏŒÏ‚
0600 ; precies ; Î±ÎºÏÎ¹Î²ÏÏ‚ 
0601 ; varken ; Ï‡Î¿Î¯ÏÎ¿Ï‚
0602 ; Leuk ; Ï‰ÏÎ±Î¯Î¿Ï‚
0603 ; mooi ; ÏŒÎ¼Î¿ÏÏ†Î· 
0604 ; lelijk ; Î¬ÏƒÏ‡Î·Î¼Î¿Ï‚
0605 ; goed ; ÎºÎ±Î»ÏŒÏ‚
0606 ; slecht ; ÎºÎ±ÎºÏŒÏ‚
0607 ; mannelijk ; Î±ÏÏƒÎµÎ½Î¹ÎºÏŒÏ‚
0608 ; vrouwelijk ; Î¸Î·Î»Ï…ÎºÏŒÏ‚
0609 ; okee, in orde ; ÎµÎ½Ï„Î¬Î¾ÎµÎ¹ 
0610 ; in de taxi; ÏƒÏ„Î·Î½ Ï„Î¬Î¾Î· /stindÃ¡ksi/
0611 ; in de klas; ÏƒÏ„Î·Î½ Ï„Î¬Î¾Î· 
0612 ; ze is gestorven ; ze is gestorven
0613 ; Ik was ; ik was
0614 ; Ik had ; ik had
0615 ; Munja ; Î¼Î¿ÏÎ½Ï„Î¶Î± 
0616 ; gruwel ; Î±Î½Î¬Î¸ÎµÎ¼Î±
0617 ; oom ; Î¸ÎµÎ¯Î¿Ï‚ 
0618 ; tante ; Î¸ÎµÎ¯Î±
0619 ; zoon ; Î³Î¹ÏŒÏ‚
0620 ; dochter ; ÎºÏŒÏÎ·
0621 ; En hoe lang is hij hier al? ; ÎšÎ±Î¹ Ï€ÏŒÏƒÎ¿Î½ ÎºÎ±Î¹ÏÏŒ ÎµÎ¯ÏƒÎµÎ¹ ÎµÎ´Ï;
0622 ; het weer weer, tijd, le temps ; Ï„Î¿ ÎºÎ±Î¹ÏÏŒÏ‚ weer, tijd, le temps
0623 ; de dag ; Î· Î¼Î­ÏÎ±
0624 ; de week ; Î· ÎµÎ²Î´Î¿Î¼Î¬Î´Î±
0625 ; de maand ; Î¿ Î¼Î®Î½Î±Ï‚
0626 ; de tijd ; Î¿ Ï‡ÏÏŒÎ½Î¿Ï‚
0627 ; Werk of studeer je? ; Î”Î¿Ï…Î»ÎµÏÎµÎ¹Ï‚ Î® ÏƒÏ€Î¿Ï…Î´Î¬Î¶ÎµÎ¹Ï‚;
0628 ; met + acc ; Î¼Îµ + acc
0629 ; in + acc ; ÏƒÎµ + acc
0630 ; voor + acc ; Î³Î¹Î± + acc
0631 ; ik was te laat ; Î¬ÏÎ³Î·ÏƒÎ±
0632 ; je bent laat ; Î¬ÏÎ³Î·ÏƒÎµÏ‚
0633 ; Zeg, zeg! ; Î Ï‰, Ï€Ï‰!
0634 ; Waarom ; Î³Î¹Î±Ï„Î¯ 
0635 ; professor ; ÎºÎ±Î¸Î·Î³Î®Ï„ÏÎ¹Î±
0636 ; de dokter ; Î¿/Î· Î³Î¹Î±Ï„ÏÏŒÏ‚
0637 ; de advocaat ; Î¿/Î· Î´Î¹ÎºÎ·Î³ÏŒÏÎ¿Ï‚
0638 ; hotel ; Î¾ÎµÎ½Î¿Î´Î¿Ï‡ÎµÎ¯Î¿
0639 ; Mijn naam is George. Jij ook? ; ÎœÎµ Î»Î­Î½Îµ Î“Î¹ÏÏÎ³Î¿. ÎšÎ¹ ÎµÏƒÎ­Î½Î±;
0640 ; directeur ; Î´Î¹ÎµÏ…Î¸Ï…Î½Ï„Î®Ï‚
0641 ; directeur; ; Î´Î¹ÎµÏ…Î¸Î®Ï„ÏÎ¹Î±?
0642 ; arbeider ; ÎµÏÎ³Î¬Ï„Î·Ï‚
0643 ; arbeider ; ÎµÏÎ³Î¬Ï„ÏÎ¹Î±
0644 ; leerling ; Î¼Î±Î¸Î·Ï„Î®Ï‚ 
0645 ; schoolmeisje ; Î¼Î±Î¸Î®Ï„ÏÎ¹Î±
0646 ; student ; Ï†Î¿Î¹Ï„Î·Ï„Î®Ï‚ 
0647 ; student ; Ï†Î¿Î¹Ï„Î®Ï„ÏÎ¹Î±
0648 ; in het Vlaams ; ÏƒÏ„Î± Ï†Î»Î±Î¼Î±Î½Î´Î¹ÎºÎ¬
0649 ; De naam van mijn zoon is Michali. ; Î¤Î¿ Î³Î¹Î¿ Î¼Î¿Ï… Ï„Î¿Î½ Î»Î­Î½Îµ ÎœÎ¹Ï‡Î¬Î»Î·.
0650 ; priester ; Ï€Î±Ï€Î¬Ï‚
0651 ; per dag ; ÎºÎ±Î¸' Î·Î¼Î­ÏÎ± 
0652 ; in de Griekse les ; ÏƒÏ„Î·Î½ Ï„Î¬Î¾Î· Î•Î»Î»Î·Î½Î¹ÎºÏÎ½
0653 ; natuurlijk ; Ï†Ï…ÏƒÎ¹ÎºÎ¬
0654 ; vrij ; ÎµÎ»ÎµÏÎ¸ÎµÏÎ¿Ï‚
0655 ; zonder ; Ï‡Ï‰ÏÎ¯Ï‚
0656 ; gescheiden ; Ï‡Ï‰ÏÎ¹ÏƒÎ¼Î­Î½Î·
0657 ; getrouwd ; Ï€Î±Î½Ï„ÏÎµÎ¼Î­Î½Î·
0658 ; derde ; Ï„ÏÎ¯Ï„Î¿Ï‚
0659 ; vierde ; Ï„ÎµÏ„Î¬ÏÏ„Î¿Ï‚
0660 ; hij leeft niet ; Î´ÎµÎ½ Î¶ÎµÎ¹
0661 ; tweeling ; Î´Î¯Î´Ï…Î¼Î¿
0662 ; Vandaag ; ÏƒÎ®Î¼ÎµÏÎ±
0663 ; werk ; Î´Î¿Ï…Î»ÎµÏÏ‰ 
0664 ; sinds mijn vader stierf ; Î±Ï€ÏŒ Ï„ÏŒÏ„Îµ Ï€Î¿Ï… Ï€Î­Î¸Î±Î½Îµ Î¿ Ï€Î±Ï„Î­ÏÎ±Ï‚ Î¼Î¿Ï…
0665 ; voor ; Ï€ÏÎ¹Î½ Î±Ï€ÏŒ 
0666 ; ik was ; Î®Î¼Î¿Ï…Î½ 
0667 ; docent ; Î´Î¬ÏƒÎºÎ±Î»Î¿Ï‚
0668 ; academisch ; Î±ÎºÎ±Î´Î·Î¼Î±ÏŠÎºÏŒÏ‚
0669 ; software-ingenieur ; Î¼Î·Ï‡Î±Î½Î¹ÎºÏŒÏ‚ Î»Î¿Î³Î¹ÏƒÎ¼Î¹ÎºÎ¿Ï
0670 ; zakenman ; ÎµÏ€Î¹Ï‡ÎµÎ¹ÏÎ·Î¼Î±Ï„Î¯Î±Ï‚ 
0671 ; ik studeerde ; ÏƒÏ€Î¿ÏÎ´Î±ÏƒÎ± 
0672 ; Ik schrijf gedichten ; Î³ÏÎ¬Ï†Ï‰ Ï€Î¿Î¹Î®Î¼Î±Ï„Î±
0673 ; Ik maak tafels ; Ï†Ï„Î¹Î¬Ï‡Î½Î¿ Ï€Î¯Î½Î±ÎºÎµÏ‚ 
0674 ; ik speel muziek ; Ï€Î±Î¯Î¶Ï‰ Î¼Î¿Ï…ÏƒÎ¹ÎºÎ®
0675 ; ik teken letters ; ÏƒÏ‡ÎµÎ´Î¹Î¬Î¶Ï‰ Î³ÏÎ¬Î¼Î¼Î±Ï„Î±
0676 ; ik maak wijn ; ÎºÎ¬Î½Ï‰ ÎºÏÎ±ÏƒÎ¯
0677 ; van allerlei aard ; ÏŒÎ»Ï‰Î½ Ï„Ï‰Î½ ÎµÎ¹Î´ÏÎ½
0678 ; kleuren en schaduwen ; Ï„Î± Ï‡ÏÏŒÎ¼Î±Ï„Î± ÎºÎ±Î¹ Î¿Î¹ ÏƒÎºÎ¹Î­Ï‚
0679 ; in het Vlaams ; ÏƒÏ„Î± Ï†Î»Î±Î¼Î±Î½Î´Î¹ÎºÎ¬ 
0680 ; van dichtbij ; Î±Ï€ÏŒ ÎºÎ¿Î½Ï„Î¬ 
0681 ; vlakbij Leuven ; ÎºÎ¿Î½Ï„Î¬ ÏƒÏ„Î¿ Î›Î­Î¿Ï…Î²ÎµÎ½ 
0682 ; in de Griekse les ; ÏƒÏ„Î·Î½ Ï„Î¬Î¾Î· ÎµÎ»Î»Î·Î½Î¹ÎºÏÎ½
0683 ; Helaas ; Î´Ï…ÏƒÏ„Ï…Ï‡ÏÏ‚
0684 ; vierde ; Ï„Î­Ï„Î±ÏÏ„Î¿Ï‚
0685 ; tweelingen, tweelingen ; Î´Î¯Î´Ï…Î¼Î±, Î´Î¯Î´Ï…Î¼Î¿Î¹
0686 ; tweelingbroer ; Î´Î¯Î´Ï…Î¼Î¿Ï‚ Î±Î´ÎµÏÏ†ÏŒÏ‚
0687 ; sindsdien ; Î±Ï€ÏŒ Ï„ÏŒÏ„Îµ Ï€Î¿Ï…
0688 ; ziek ; Î¬ÏÏÏ‰ÏƒÏ„Î¿Ï‚ 
0689 ; daarvoor ; Ï€ÏÎ¹Î½ Î±Ï€ÏŒ Î±Ï…Ï„ÏŒ
0690 ; ik was ; Î®Î¼Î¿Ï…Î½
0691 ; docent ; Î´Î¬ÏƒÎºÎ±Î»Î¿Ï‚ 
0692 ; mechanisch ; Î¼Î·Ï‡Î±Î½Î¹ÎºÏŒÏ‚
0693 ; zakenman ; ÎµÏ€Î¹Ï‡ÎµÎ¹ÏÎ·Î¼Î±Ï„Î¯Î±Ï‚
0694 ; ik studeerde ; ÏƒÏ€Î¿ÏÎ´Î±ÏƒÎ±
0695 ; Ik schrijf gedichten ; Î³ÏÎ¬Ï†Ï‰ Ï€Î¿Î¹Î®Î¼Î±Ï„Î± 
0696 ; Ik maak schilderijen ; Ï†Ï„Î¹Î¬Ï‡Î½Ï‰ Ï€Î¯Î½Î±ÎºÎµÏ‚
0697 ; op een dag ; ÎºÎ¬ï¿½ï¿½Îµ Î¼Î­ÏÎ± 
0698 ; van allerlei aard ; ÏŒÎ»Ï‰Î½ Ï„Ï‰Î½ ÎµÎ¹Î´ÏÎ½ 
0699 ; Hoed! hoedje af ; ÎšÎ±Ï€Î­Î»Î¿! hoedje af
0700 ; de partner ; Î¿/Î· ÏƒÏÎ½Ï„ÏÎ¿Ï†Î¿Ï‚
0701 ; de echtgenoot ; Î¿/Î· ÏƒÏÎ¶Ï…Î³Î¿Ï‚
0702 ; ribben ; Ï€Î±Î¹Î´Î¬ÎºÎ¹Î± 
0703 ; ribben ; Ï€Î±ÏŠÎ´Î¬ÎºÎ¹Î±
0704 ; souvlaki ; ÏƒÎ¿Ï…Î²Î»Î¬ÎºÎ¹
0705 ; shirtaki ; ÏƒÎ¹ÏÏ„Î¬ÎºÎ¹
0706 ; chocoladereep ; ÏƒÎ¿ÎºÎ¿Î»Î±Ï„Î¬ÎºÎ¹
0707 ; Goed. ; ÎšÎ±Î»Î¬.
0708 ; niet goed :( ; ÎŒÏ‡Î¹ ÎºÎ±Î»Î¬ :(
0709 ; laten we naar het cafÃ© gaan ; Ï€Î¬Î¼Îµ ÏƒÏ„Î¿ ÎºÎ±Ï†ÎµÎ½ÎµÎ¯Î¿
0710 ; Welke koffie wil je? ; Î¤Î¹ ÎºÎ±Ï†Î­ Î¸Î­Î»ÎµÏ„Îµ;
0711 ; een puur Griekse koffie ; Î­Î½Î±Î½ ÎºÎ±Ï†Î­ ÎµÎ»Î»Î·Î½Î¹ÎºÏŒ ÏƒÎºÎ­Ï„Î¿
0712 ; een bruine Franse grande met melk ; Î­Î½Î±Î½ ÎºÎ±Ï†Î­ Î³Î±Î»Î»Î¹ÎºÏŒ Î¼ÎµÎ³Î¬Î»Î¿ Î¼Îµ Î³Î¬Î»Î±
0713 ; een bruinfilter ; Î­Î½Î±Î½ ÎºÎ±Ï†Î­ Ï†Î¯Î»Ï„ÏÎ¿
0714 ; een Ness ; Î­Î½Î±Î½ ÎÎµÏ‚
0715 ; een frappÃ© ; Î­Î½Î±Î½ Ï†ÏÎ±Ï€Î­ 
0716 ; Hoe drink je het? ; Î ÏÏ‚ Ï„Î¿Î½ Ï€Î¯Î½ÎµÏ„Îµ;
0717 ; puur, medium, zoet, zwaar zoet ; ÏƒÎºÎ­Ï„Î¿, Î¼Î­Ï„ÏÎ¹Î¿, Î³Î»Ï…ÎºÏŒ, Î²Î±ÏÏ Î³Î»Ï…ÎºÏŒ 
0718 ; citroen thee ; Ï„Î¿ Ï„ÏƒÎ¬Î¹ Î¼Îµ Î»ÎµÎ¼ÏŒÎ½Î¹
0719 ; thee met honing ; Ï„Î¿ Ï„ÏƒÎ¬Î¹ Î¼Îµ Î¼Î­Î»Î¹ 
0720 ; de tai met suiker ; Ï„Î¿ Ï„Î±Î¬Î¹ Î¼Îµ Î¶Î¬Ï‡Î±ÏÎ·
0721 ; Is hetâ€¦? Est-ce que â€¦ ? ; ÎœÎ®Ï€Ï‰Ï‚ â€¦ ; Est-ce que â€¦ ?
0722 ; Zo is het. Zo is het. ; ÎˆÏ„ÏƒÎ¹ ÎµÎ¯Î½Î±Î¹. Zo is het.
0723 ; het geld geld ; het geld Ï„Î± Î»ÎµÏ†Ï„Î¬ 
0724 ; kleingeld de verandering ; kleingeld Ï„Î± ÏˆÎ¹Î»Î¬ 
0725 ; wisselgeld de wijziging ; wisselgeld Ï„Î± ÏÎ­ÏƒÏ„Î±
0726 ; Deze voor jou! ; Î‘Ï…Ï„ÏŒ/Î¬ Î³Î¹Î± ÏƒÎ±Ï‚!
0727 ; set + nominatief ; Î¿ÏÎ¯ÏƒÏ„Îµ + nominatief
0728 ; Bedankt ; ÎµÏ…Ï‡Î±ÏÎ¹ÏƒÏ„Ï 
0729 ; alsjeblieft Je vous enprie. ; Ï€Î±ÏÎ±ÎºÎ±Î»Ï Je vous enprie.
0730 ; Het gaat goed! ; ÎÎ± â€™ÏƒÎ±Î¹ ÎºÎ±Î»Î¬!
0731 ; Het gaat goed! ; ÎÎ± â€™ÏƒÏ„Îµ ÎºÎ±Î»Î¬!
0732 ; Niets! De Rien. ; Î¤Î¯Ï€Î¿Ï„Î±! De rien.
0733 ; Het maakt niet uit. ; Î”ÎµÎ½ Ï€ÎµÎ¹ÏÎ¬Î¶ÎµÎ¹.
0734 ; de euro ; Ï„Î¿ ÎµÏ…ÏÏ
0735 ; de minuut ; Ï„Î¿ Î»ÎµÏ€Ï„ÏŒ
0736 ; betalen ; Ï€Î»Î·ÏÏÎ½Ï‰
0737 ; Hoeveel levert het op? ; Î ÏŒÏƒÎ¿ ÎºÎ¬Î½ÎµÎ¹;
0738 ; Hoeveel verdienen ze? ; Î ÏŒÏƒÎ¿ ÎºÎ¬Î½Î¿Ï…Î½;
0739 ; Uitgang ; Î­Î¾Î¿Î´Î¿Ï‚
0740 ; binnenkomst ; ÎµÎ¯ÏƒÎ¿Î´Î¿Ï‚ 
0741 ; ticket ; ÎµÎ¹ÏƒÎ¹Ï„Î®ÏÎ¹Î¿
0742 ; ontslag ontslag kort ; ÎµÎ¾Î¹Ï„Î®ÏÎ¹Î¿ ontslagbrief
0743 ; importeren ; ÎµÎ¹ÏƒÎ±Î³Ï‰Î³Î® 
0744 ; exporteren ; ÎµÎ¾Î±Î³Ï‰Î³Î® 
0745 ; allemaal samen ; ÏŒÎ»Î± Î¼Î±Î¶Î¯
0746 ; zonder ; Ï‡ÏÏÎ¹Ï‚
0747 ; uit elkaar ; Ï‡ÏÏÎ¹Î±
0748 ; Ik ben jaloers op Ik benijd u (positief). ; Î¶Î·Î»ÎµÏÏ‰ Ik benijd u (positief).
0749 ; Welkom! bw. ; ÎšÎ±Î»ÏÏ‚ ÏŒÏÎ¹ÏƒÎµÏ‚! adv.
0750 ; Welkom! laat. Gij zijt welkom. ; ÎšÎ±Î»ÏÏ‚ Î¿ÏÎ¯ÏƒÎ±Ï„Îµ! lett. Gij zijt welgekomen.
0751 ; verwelkom hem/haar ; ÎºÎ±Î»ÏÏ‚ Ï„Î¿Î½/Ï„Î·Î½
0752 ; goed bijv. ; ÎºÎ±Î»ÏŒÏ‚ adj.
0753 ; we zijn goed We zijn goed(e mensen) ; ÎµÎ¯Î¼Î±ÏƒÏ„Îµ ÎºÎ±Î»Î¿Î¯ We zijn goed(e mensen)
0754 ; we zijn goed. We maken het goed ; ÎµÎ¯Î¼Î±ÏƒÏ„Îµ ÎºÎ±Î»Î¬ We maken het goed.
0755 ; goed gebruikt als bw. maar onz.mv ; ÎºÎ±Î»Î¬ gebruikt als adv. maar onz.mv
0756 ; allemaal duidelijk ; ÏŒÎ»Î± ÎºÎ±Î¸Î±ÏÎ¬ 
0757 ; erg leuk ; Ï€Î¿Î»Ï Ï‰ÏÎ±Î¯Î±
0758 ; slecht ; Î¬ÏƒÏ‡Î·Î¼Î± 
0759 ; het hokje ; Ï„Î¿ Ï€ÎµÏÎ¯Ï€Ï„ÎµÏÎ¿ 
0760 ; de kiosk ; Î¿ Ï€ÎµÏÎ¹Ï€Ï„ÎµÏÎ¬Ï‚ 
0761 ; De rekening graag ; Ï„Î¿ Î»Î¿Î³Î±ÏÎ¹Î±ÏƒÎ¼ÏŒ Ï€Î±ÏÎ±ÎºÎ±Î»Ï 
0762 ; het rekenkantoor ; Ï„Î¿ Î»Î¿Î³Î¹ÏƒÏ„Î®ÏÎ¹Î¿
0763 ; kopen ; Î±Î³Î¿ÏÎ¬Î¶Ï‰
0764 ; betalen ; Ï€Î»Î·ÏÏÎ½Ï‰ 
0765 ; krant ; ÎµÏ†Î·Î¼ÎµÏÎ¯Î´Î± 
0766 ; tijdschrift ; Ï€ÎµÏÎ¹Î¿Î´Î¹ÎºÏŒ 
0767 ; rook ; ÎºÎ±Ï€Î½Î¯Î¶Ï‰
0768 ; een pakje sigaretten ; Î­Î½Î± Ï€Î±ÎºÎ­Ï„Î¿ Ï„ÏƒÎ¹Î³Î¬ÏÎ± 
0769 ; een doosje lucifers ; Î­Î½Î± ÎºÎ¿Ï…Ï„Î¯ ÏƒÏ€Î¯ÏÏ„Î± 
0770 ; lichter ; Î±Î½Î±Ï€Ï„Î®ÏÎ±Ï‚
0771 ; stempel ; Î³ÏÎ±Î¼Î¼Î±Ï„ÏŒÏƒÎ·Î¼Î¿
0772 ; potlood ; Î¼Î¿Î»ÏÎ²Î¹
0773 ; de kourabiedes ; Î¿Î¹ ÎºÎ¿Ï…ÏÎ±Î¼Ï€Î¹Î­Î´ÎµÏ‚ 
0774 ; de melomakaroni ; Ï„Î± Î¼ÎµÎ»Î¿Î¼Î±ÎºÎ¬ÏÎ¿Î½Î± 
0775 ; de koekjes ; Ï„ï¿½ï¿½ Î¼Ï€Î¹ÏƒÎºÏŒÏ„Î± 
0776 ; open ; Î±Î½Î¿Î¹Ï‡Ï„ÏŒÏ‚ 
0777 ; lente ; Î¬Î½Î¿Î¹Î¾Î·
0778 ; dichtbij ; ÎºÎ»ÎµÎ¹ÏƒÏ„ÏŒÏ‚
0779 ; claustrofobie ; ÎºÎ»ÎµÎ¹ÏƒÏ„Î¿Ï†Î¿Î²Î¯Î± 
0780 ; ja; Î½Î±Î¹
0781 ; ja, eigenlijk wel ; Î¼Î¬Î»Î¹ÏƒÏ„Î±
0782 ; natuurlijk zeker ; Î²Î­Î²Î±Î¹Î± zeker
0783 ; zeker zeer zeker ; Î²ÎµÎ²Î±Î¯Ï‰Ï‚ zeer zeker
0784 ; natuurlijk natuurlijk ; Ï†Ï…ÏƒÎ¹ÎºÎ¬ natuurlijk
0785 ; geven ; Î´Î¯Î½Ï‰
0786 ; het postkantoor Post, de snelle weg ; Ï„Î¿ Ï„Î±Ï‡Ï…Î´ÏÎ¿Î¼ÎµÎ¯Î¿ Post, de snelle weg
0787 ; denken ; Î½Î¿Î¼Î¯Î¶Ï‰ 
0788 ; Ik denk niet dat het open is. ; Î”ÎµÎ½ Î½Î¿Î¼Î¯Î¶Ï‰ Ï€Ï‰Ï‚ ÎµÎ¯Î½Î±Î¹ Î±Î½Î¿Î¹Ï‡Ï„ÏŒ.
0789 ; Ik denk het niet ; Î”ÎµÎ½ Î½Î¿Î¼Î¯Î¶Ï‰ ÏŒÏ„Î¹ 
0790 ; Ik weet niet hoe laat het is. ; Î”ÎµÎ½ Î¾Î­ÏÏ‰ Ï„Î¹ ÏÏÎ± ÎµÎ¯Î½Î±Î¹.
0791 ; Ik weet niet waar ik van je hou. ; Î”ÎµÎ½ Î¾Î­ÏÏ‰ Ï€Î¿Ï… Ïƒ' Î±Î³Î±Ï€Ï.
0792 ; Ben je moe? ; ÎœÎ®Ï€Ï‰Ï‚ ÎµÎ¯ÏƒÏ„Îµ ÎºÎ¿Ï…ÏÎ±ÏƒÎ¼Î­Î½Î¿Î¹;
0793 ; Ã©Ã©n euro onz. ; Î­Î½Î± Î•Ï…ÏÏ onz.
0794 ; Akis ; Î†ÎºÎ·Ï‚ 
0795 ; vriendelijke vriendschappelijk, informeel ; Ï†Î¹Î»Î¹ÎºÏŒÏ‚ vriendschappelijk, informeel
0796 ; typisch formeel ; Ï„Ï…Ï€Î¹ÎºÏŒÏ‚ formeel
0797 ; dialoog ; Î´Î¹Î¬Î»Î¿Î³Î¿Ï‚
0798 ; vreemden of vrienden ; Î¾Î­Î½Î¿Î¹ Î® Ï†Î¯Î»Î¿Î¹
0799 ; render (< vanaf hier) lett. langs hier? stem ; Î±Ï€Î¿Î´Ï (< Î±Ï€ÏŒ ÎµÎ´Ï) lett. langs hier; voicÃ­
0800 ; het meervoud meervoud ; Î¿ Ï€Î»Î·Î¸Ï…Î½Ï„Î¹ÎºÏŒÏ‚
0801 ; in wezen zelst.nw. ; Î¿Ï…ÏƒÎ¹Î±ÏƒÏ„Î¹ÎºÎ¬ zelfst.nw.
0802 ; man mannelijk ; Î±ÏÏƒÎµÎ½Î¹ÎºÏŒÏ‚ mannelijk
0803 ; vrouwelijk ; Î¸Î·Î»Ï…ÎºÎ® vrouwelijk
0804 ; neutraal onzijdig ; Î¿Ï…Î´Î­Ï„ÎµÏÎ¿ onzijdig
0805 ; mens, mannen ; Î¬Î½Ï„ÏÎ±Ï‚, Î¬Î½Ï„ÏÎµÏ‚
0806 ; student, studenten ; Î¼Î±Î¸Î®Ï„Î·Ï‚, Î¼Î±Î¸Î·Ï„Î­Ï‚
0807 ; vriend, vrienden ; Ï†Î¯Î»Î¿Ï‚, Ï†Î¯Î»Î¿Î¹
0808 ; voorgerechten, voorgerechten ; Î¼Î­Î¶ÎµÏ‚, Î¼ÎµÎ¶Î­Î´ÎµÏ‚
0809 ; gehaktballetjes, gehaktballetjes ; ÎºÎµÏ†Ï„Î­Ï‚, ÎºÎµÏ†Ï„Î­Î´ÎµÏ‚ 
0810 ; koffie, koffie ; ÎºÎ±Ï†Î­Ï‚, ÎºÎ±Ï†Î­Î´ÎµÏ‚ 
0811 ; vrouw, vrouwen ; Î³Ï…Î½Î±Î¯ÎºÎ±, Î³Ï…Î½Î±Î¯ÎºÎµÏ‚ 
0812 ; dochter, dochters ; ÎºÏŒÏÎ·, ÎºÏŒÏÎµÏ‚
0813 ; boek, boeken ; Î²Î¹Î²Î»Î¯Î¿, Î²Î¹Î²Î»Î¯Î±
0814 ; huis, huizen ; ÏƒÏ€Î¯Ï„Î¹, ÏƒÏ€Î¯Ï„Î¹Î±
0815 ; brief, brieven ; Î³ÏÎ¬Î¼Î¼Î±, Î³ÏÎ¬Î¼Î¼Î±Ï„Î±
0816 ; les, lessen ; Î¼Î¬Î¸Î·Î¼Î±, Î¼Î±Î¸Î®Î¼Î±Ï„Î±
0817 ; probleem, problemen ; Ï€ÏÏŒÎ²Î»Î·Î¼Î±, Ï€ÏÎ¿Î²Î»Î®Î¼Î±Ï„Î±
0818 ; begrip van gesproken taal ; ÎºÎ±Ï„Î±Î½ÏŒÎ·ÏƒÎ· Ï€ÏÎ¿Ï†Î¿ÏÎ¹ÎºÎ¿Ï Î»ÏŒÎ³Î¿Ï… 
0819 ; Welk nieuws? Welk nieuws? ; Î¤Î¹ Î½Î­Î±; Wat nieuws?
0820 ; Hetzelfde. ; Î¤Î± Î¯Î´Î¹Î±.
0821 ; Ik ook. ; ÎšÎ¹ ÎµÎ³Ï Ï„Î± Î¯Î´Î¹Î±.
0822 ; de portemonnee ; Ï„Î¿ Ï€Î¿ÏÏ„Î¿Ï†ÏŒÎ»Î¹ 
0823 ; de auto ; Ï„Î¿ Î±Ï…Ï„Î¿ÎºÎ¯Î½Î·Ï„Î¿ 
0824 ; het eten ; Ï„Î¿ Ï†Î±Î³Î·Ï„ÏŒ 
0825 ; de moussaka ; Î¿ Î¼Î¿Ï…ÏƒÎ±ÎºÎ¬Ï‚ 
0826 ; het voetbal ; Ï„Î¿ Ï€Î¿Î´ÏŒÏƒÏ†Î±Î¹ÏÎ¿ 
0827 ; de retsina ; Î· ÏÎµÏ„ÏƒÎ¯Î½Î± 
0828 ; de muziek ; Î· Î¼Î¿Ï…ÏƒÎ¹ÎºÎ® 
0829 ; de bijvoeglijke naamwoorden bijvoeglijk naamwoord ; Ï„Î± ÎµÏ€Î¯Î¸ÎµÏ„Î± adjectieven 
0830 ; de taverne ; Î· Ï„Î±Î²Î­ÏÎ½Î± 
0831 ; klaar ; Î­Ï„Î¿Î¹Î¼Î¿Ï‚
0832 ; lelijk ; Î¬ÏƒÏ‡Î·Î¼Î¿Ï‚ 
0833 ; mooi ; ÏŒÎ¼Î¿ÏÏ†Î¿Ï‚
0834 ; het hotel ; Ï„Î¿ Î¾ÎµÎ½Î¿Î´Î¿Ï‡ÎµÎ¯Î¿ 
0835 ; de broer ; Î¿ Î±Î´ÎµÏÏ†ÏŒÏ‚ 
0836 ; de zuster ; Î· Î±Î´ÎµÏÏ†Î® 
0837 ; Vertalen! Verticaal! ; ÎÎ± Î¼ÎµÏ„Î±Ï†ÏÎ¬ÏƒÎµÏ„Îµ! Vertaalt!
0838 ; Hartelijk dank! Aangenaam kennis! ; Î§Î¬ÏÎ¹ Ï€Î¿Î»Ï! Aangename kennismaking!
0839 ; Geweldig! allen bij afscheid ; Î§Î¬ÏÎ¹ÎºÎ±! alleen bij afscheid
0840 ; Vandaag ; ÏƒÎ®Î¼ÎµÏÎ± 
0841 ; Hoe zeg je dit in het Grieks? ; Î Ïï¿½ï¿½ Ï„Î¿ Î»Î­Î½Îµ Î±Ï…Ï„ÏŒ ÏƒÏ„Î± ÎµÎ»Î»Î·Î½Î¹ÎºÎ¬;
0842 ; God zij dank! ; Î”ÏŒÎ¾Î± Ï„Ï‰ Î˜ÎµÏ!
0843 ; Ik wacht op een taxi ; Ï€ÎµÏÎ¹Î¼Î­Î½Ï‰ Ï„Î±Î¾Î¯ 
0844 ; Vul de ontbrekende woorden in. ; Î£Ï…Î¼Ï€Î»Î·ÏÏÏƒÏ„Îµ Ï„Î¹Ï‚ Î»Î­Î¾ÎµÎ¹Ï‚ Ï€Î¿Ï… Î»ÎµÎ¯Ï€Î¿Ï…Î½.
0845 ; Beantwoord de vragen. ; Î‘Ï€Î±Î½Ï„Î®ÏƒÏ„Îµ ÏƒÏ„Î¹Ï‚ ÎµÏÏ‰Ï„Î®ÏƒÎµÎ¹Ï‚.
0846 ; Ik vraag hoeveel het oplevert? ; Î¡Ï‰Ï„Î¬Ï‰ Ï€ÏŒÏƒÎ¿ ÎºÎ¬Î½ÎµÎ¹;
0847 ; de journalist ; Î¿/Î· Î´Î·Î¼Î¿ÏƒÎ¹Î¿Î³ÏÎ¬Ï†Î¿Ï‚ 
0848 ; in Athene, in Pagrati ; ÏƒÏ„Î·Î½ Î‘Î¸Î®Î½Î±, ÏƒÏ„Î¿ Î Î±Î³ÎºÏÎ¬Ï„Î¹
0849 ; naar Pagrati ; Ï€ÏÎ¿Ï‚ Î Î±Î³ÎºÏÎ¬Ï„Î¹ 
0850 ; het brood ; Ï„Î¿ ÏˆÏ‰Î¼Î¯ 
0851 ; het sap, de sappen ; Î¿ Ï‡Ï…Î¼ÏŒÏ‚, Î¿Î¹ Ï‡Ï…Î¼Î¿Î¯ 
0852 ; kauwgom, kauwgom ; Ï„ÏƒÎ¯Ï‡Î»Î±, Ï„ÏƒÎ¯Ï‡Î»ÎµÏ‚ 
0853 ; yoghurt, yoghurt ; Î³Î¹Î±Î¿ÏÏÏ„Î¹, Î³Î¹Î±Î¿ÏÏÏ„Î¹Î± 
0854 ; snoep, snoepjes ; ÎºÎ±ÏÎ±Î¼Î­Î»Î±, ÎºÎ±ÏÎ±Î¼Î­Î»ÎµÏ‚ 
0855 ; pretzels, pretzels ; ÎºÎ¿Ï…Î»Î¿ÏÏÎ¹, ÎºÎ¿Ï…Î»Î¿ÏÏÎ¹Î± 
0856 ; kaastaart, kaastaart ; Ï„Ï…ÏÏŒÏ€Î¹Ï„Î±, Ï„Ï…ÏÏŒÏ€Î¹Ï„ÎµÏ‚
0857 ; spinazie taart ; ÏƒÏ€Î±Î½Î±ÎºÏŒÏ€Î¹Ï„Î±
0858 ; het water, de wateren ; Ï„Î¿ Î½ÎµÏÏŒ, Ï„Î± Î½ÎµÏÎ¬ 
0859 ; bier, bieren ; Î¼Ï€Î¯ÏÎ±, Î¼Ï€Î¯ÏÎµÏ‚ 
0860 ; Ik ga naar de bakker en koop: ; Î Î·Î³Î±Î¯Î½Ï‰ ÏƒÏ„Î¿Î½ Ï†Î¿ÏÏÎ½Î¿ ÎºÎ±Î¹ Î±Î³Î¿ÏÎ¬Î¶Ï‰:
0861 ; een bruin brood ; Î­Î½Î± Î¼Î±ÏÏÎ¿ ÏˆÏ‰Î¼Î¯ 
0862 ; een croissantje ; Î­Î½Î± ÎºÏÎ¿Ï…Î±ÏƒÎ¬Î½ 
0863 ; een broodje ; Î­Î½Î± ÏƒÎ¬Î½Ï„Î¿Ï…Î¹Ï„Ï‚ 
0864 ; een halve kilo lettdips. dingen om te soppen ; Î¼Î¹ÏƒÏŒ ÎºÎ¹Î»ÏŒ Î²Î¿Ï…Ï„Î®Î¼Î±Ï„Î± lett. dingen om te sopppen
0865 ; een boerenbrood ; Î­Î½Î± Ï‡Ï‰ÏÎ¹Î¬Ï„Î¹ÎºÎ¿ ÏˆÏ‰Î¼Î¯ 
0866 ; het dorp ; Ï„Î¿ Ï‡Ï‰ÏÎ¹ÏŒ
0867 ; rustiek ; Ï‡Ï‰ÏÎ¹Î¬Ï„Î·Ï‚ 
0868 ; een boerensalade ğŸ¥— ; Î¼Î¹Î± Ï‡Ï‰ÏÎ¹Î¬Ï„Î¹ÎºÎ± ÏƒÎ±Î»Î¬Ï„Î± ğŸ¥— 
0869 ; Wil je nog iets anders? ; Î˜Î­Î»ÎµÏ„Îµ Ï„Î¯Ï€Î¿Ï„Î± Î¬Î»Î»Î¿;
0870 ; rechts ; ÏƒÏ‰ÏƒÏ„ÏŒÏ‚
0871 ; het weer ; Î¿ ÎºÎ±Î¹ÏÏŒÏ‚ 
0872 ; de kou ; Ï„Î¿ ÎºÏÏÎ¿ 
0873 ; middag ; Î±Ï€ÏŒÎ³ÎµÏ…Î¼Î±
0874 ; gebruikelijk ; ÏƒÏ…Î½Î®Î¸Ï‰Ï‚ 
0875 ; horen ; Î±ÎºÎ¿ÏÏ‰ 
0876 ; zomer ; ÎºÎ±Î»Î¿ÎºÎ±Î¯ÏÎ¹ 
0877 ; zelden ; ÏƒÏ€Î¬Î½Î¹Î±
0878 ; laat ; Î±ÏÎ³Î¬
0879 ; nacht ; Î²ÏÎ¬Î´Ï… 
0880 ; Wanneer ; Ï€Î¿Ï„Î­
0881 ; Wanneer ; Ï€ÏŒÏ„Îµ
0882 ; ontbijt ; Ï€ÏÏ‰Î¹Î½ÏŒ 
0883 ; diner ; Î²ÏÎ±Î´Î¹Î½ÏŒ
0884 ; het is heet ; ÎºÎ¬Î½ÎµÎ¹ Î¶Î­ÏƒÏ„Î· 
0885 ; ik eet ; Ï„ÏÏÏ‰
0886 ; ik doe vroeg ; ÎºÎ¬Î½Ï‰ Î½Ï‰ÏÎ¯Ï‚ 
0887 ; muziek wakker worden ; Î¾Ï…Ï€Î½Î¬Ï‰ Î¼Î¿Ï…ÏƒÎ¹ÎºÎ® 
0888 ; Ik zie om te winkelen ; Î²Î»Î­Ï€Ï‰ Î³Î¹Î± ÏˆÏÎ½Î¹Î±
0889 ; Ik ga naar de televisie ; Ï€Î¬Ï‰ Ï„Î·Î»ÎµÏŒÏÎ±ÏƒÎ· 
0890 ; in januari ; Ï„Î¿Î½ Î™Î±Î½Î¿Ï…Î¬ÏÎ¹Î¿ 
0891 ; op maandag ; Ï„Î·Î½ Î”ÎµÏ…Ï„Î­ÏÎ± 
0892 ; op dinsdag ; Ï„Î·Î½ Î¤ÏÎ¯Ï„Î· 
0893 ; op zaterdagavond ; Ï„Î¿ Î£Î¬Î²Î²Î±Ï„Î¿ Ï„Î¿ Î²ÏÎ¬Î´Ï… 
0894 ; ik ga naar buiten, ga naar buiten ; Î²Î³Î±Î¯Î½Ï‰ Î­Î¾Ï‰ uitgaan
0895 ; een keer per maand ; Î¼Î¹Î± Ï†Î¿ÏÎ¬ Ï„Î¿Î½ Î¼Î®Î½Î± 
0896 ; hoe veel ; Ï€ÏŒÏƒÎ¿Î½
0897 ; in het weekend ; Ï„Î¿Î½ Î£Î±Î²Î²Î±Ï„Î¿ÎºÏÏÎ¹Î±ÎºÎ¿
0898 ; Ik vind de zinnen en zet de toon ; Î²ÏÎ¯ÏƒÎºÏ‰ Ï„Î¹Ï‚ Ï†ÏÎ¬ÏƒÎµÎ¹Ï‚ ÎºÎ±Î¹ Î²Î¬Î¶Ï‰ Ï„ÏŒÎ½Î¿
0899 ; 12.00 uur twaalf uur ; 12:00 Î´ÏÎ´ÎµÎºÎ± Î· ÏÏÎ±
0900 ; 13:15 kwart over ; 13:15 Î¼Î¹Î± ÎºÎ±Î¹ Ï„Î­Ï„Î±ÏÏ„Î¿ 
0901 ; 17.30 half zes ; 17:30 Ï€Î­Î½Ï„Îµ ÎºÎ±Î¹ Î¼Î¹ÏƒÎ® 
0902 ; de bank ; Î· Ï„ÏÎ¬Ï€ÎµÎ¶Î± 
0903 ; Ik wacht op een bus ; Ï€ÎµÏÎ¹Î¼Î­Î½Ï‰ Î»ÎµÏ‰Ï†Î¿ÏÎµÎ¯Î¿ 
0904 ; het eiland ; Ï„Î¿ Î½Î·ÏƒÎ¯ 
0905 ; kwaad moreel slecht ; ÎºÎ¬ÎºÎ¿Ï‚ moreel slecht
0906 ; lelijk slecht ; Î¬ÏƒÏ‡Î·Î¼Î¿Ï‚ slecht
0907 ; scheef weer ; skecht weer
0908 ; wit ; Î¬ÏƒÏ€ÏÎ¿Ï‚
0909 ; beer ; Î±ÏÎºÎ¿ÏÎ´Î± 
0910 ; sneeuw ; Ï‡Î¹ÏŒÎ½Î¹ 
0911 ; uitschelden ; Î¼Î±Î»ÏÎ½Ï‰ 
0912 ; Wat ga je worden? ; Î¤Î¹ Î¸Î± Î³Î¯Î½ÎµÎ¹Ï‚;
0913 ; analfabeet ; Î±Î³ÏÎ¬Î¼Î¼Î±Ï„Î¿Ï‚ 
0914 ; Ik word ziek ; Î±ÏÏÏ‰ÏƒÏ„Î±Î¯Î½Ï‰ 
0915 ; Ik zal het niet uithouden ; Î´Îµ Î¸â€™Î±Î½Ï„Î­Î¾Ï‰
0916 ; ga wild ; Î±Î³ÏÎ¹Î­ÏˆÏ‰
0917 ; zoals ; ÏŒÏ€Ï‰Ï‚
0918 ; to ziehier, hier heb je, voici ; Î½Î± ziehier, hier heb je, voici
0919 ; Hier is Johannes ; Î½Î± Î¿ Î“Î¹Î¬Î½Î½Î·Ï‚
0920 ; wees goed ; Î½Î¬ 'ÏƒÎ±Î¹ ÎºÎ±Î»Î¬ 
0921 ; wees goed ; Î½Î¬ 'ÏƒÏ„Îµ ÎºÎ±Î»Î¬ 
0922 ; Ik begrijp wat je zegt ; ÎºÎ±Ï„Î±Î»Î±Î²Î±Î¯Î½Ï‰ Ï„Î¹ Î»ÎµÏ‚
0923 ; Ik begrijp hoe het is ; ÎºÎ±Ï„Î±Î»Î±Î²Î±Î¯Î½Ï‰ Ï€Ï‰Ï‚ ÎµÎ¯Î½Î±Î¹
0924 ; Ik begrijp dat dat zo is ; ÎºÎ±Ï„Î±Î»Î±Î²Î±Î¯Î½Ï‰ ÏŒÏ„Î¹ ÎµÎ¯Î½Î±Î¹ 
0925 ; de journalist ; Î¿ Î´Î·Î¼Î¿ÏƒÎ¹Î¿Î³ÏÎ¬Ï†Î¿Ï‚
0926 ; en zij zij ook ; ÎºÎ¹ Î±Ï…Ï„Î® zij ook
0927 ; de twee zij tweeÃ«n ; Î¿Î¹ Î´ÏÎ¿ zij tweeÃ«n
0928 ; in het centrum ; ÏƒÏ„Î¿ ÎºÎ­Î½Ï„ÏÎ¿ 
0929 ; de boom in het midden ; Ï„Î¿ Î´Î­Î½Ï„ÏÎ¿ ÏƒÏ„Î¿ ÎºÎ­Î½Ï„ÏÎ¿
0930 ; waar waar ; waar Ï€Î¿Ï
0931 ; daar daar ; daar ÎµÎºÎµÎ¯ 
0932 ; hier hier ; hier ÎµÎ´Ï 
0933 ; dichtbij dichtbij ; dichtbij ÎºÎ¿Î½Ï„Î¬ 
0934 ; ver (weg) weg ; ver (weg) Î¼Î±ÎºÏÎ¹Î¬ 
0935 ; rechts rechts ; rechts Î´ÎµÎ¾Î¹Î¬ 
0936 ; links links ; links Î±ÏÎ¹ÏƒÏ„ÎµÏÎ¬ 
0937 ; gaan ; Ï€Î·Î³Î±Î¯Î½Ï‰ 
0938 ; het hotel ; Ï„Î¿ Î¾ÎµÎ½Î¿Î´Î¿Ï‡ÎµÎ¯Î¿
0939 ; Is hetâ€¦ ; ÎœÎ®Ï€Ï‰Ï‚ â€¦
0940 ; Bent u een buitenlander? ; Î•Î¯ÏƒÏ„Îµ Î¾Î­Î½Î¿Ï‚;
0941 ; Waar precies? ; Î Î¿Ï Î±ÎºÏÎ¹Î²ÏÏ‚;
0942 ; Zeker ; Î²Î­Î²Î±Î¹Î± 
0943 ; Natuurlijk ; Î²ÎµÎ²Î±Î¯Ï‰Ï‚ 
0944 ; Zeker ; Î²Î­Î²Î±Î¹Î¿Ï‚ 
0945 ; straat (in de straatnaam) de straat ; straat (in de straatnaam) Î· Î¿Î´ÏŒÏ‚ 
0946 ; weg, straat de weg ; weg, straat Î¿ Î´ÏÏŒÎ¼Î¿Ï‚
0947 ; (bij (straat)) Ermou ; (ÏƒÏ„Î·Î½ (Î¿Î´ÏŒ)) Î•ÏÎ¼Î¿Ï
0948 ; de eenheid ; Î· Î¿Î¼ÏŒÎ½Î¿Î¹Î± 
0949 ; Wil je iets? ; Î˜Î­Î»ÎµÎ¹Ï‚ Ï„Î¯Ï€Î¿Ï„Î±;
0950 ; Nee, ik wil niets. ; ÎŒÏ‡Î¹, Î´ÎµÎ½ Î¸Î­Î»Ï‰ Ï„Î¯Ï€Î¿Ï„Î±.
0951 ; Nee, niets. ; ÎŒÏ‡Î¹, Ï„Î¯Ï€Î¿Ï„Î±.
0952 ; iets alleen bevestigend gebruikt ; ÎºÎ¬Ï„Î¹ alleen affirmatief gebruikt
0953 ; Ja, ik wil iets. ; ÎÎ±Î¹, Î¸Î­Î»Ï‰ ÎºÎ¬Ï„Î¹.
0954 ; Ga jij wel eens naar de bioscoop? ; Î Î±Ï‚ Ï€Î¿Ï„Î­ ÏƒÏ„Î¿ ÏƒÎ¹Î½ÎµÎ¼Î¬;
0955 ; Ik ga nooit. ; Î”ÎµÎ½ Ï€Î¬Ï‰ Ï€Î¿Ï„Î­.
0956 ; Wanneer. ; Î Î¿Ï„Î­.
0957 ; Ik ga een keer. ; Î Î¬Ï‰ ÎºÎ¬Ï€Î¿Ï„Îµ.
0958 ; Wanneer? Wanneer? ; Î ÏŒÏ„Îµ; Wanneer?
0959 ; Weet iemand hoe laat het is? ; ÎÎ­ÏÎµÎ¹ ÎºÎ±Î½Î­Î½Î±Ï‚ Ï„Î¹ ÏÏÎ± ÎµÎ¯Î½Î±Î¹;
0960 ; Niemand weet het ; Î”ÎµÎ½ Î¾Î­ÏÎµÎ¹ ÎºÎ±Î½Î­Î½Î±Ï‚ 
0961 ; geen ; ÎºÎ±Î½Î­Î½Î±Ï‚ 
0962 ; Ja, iemand weet het. ; ÎÎ±Î¹, Î¾Î­ÏÎµÎ¹ ÎºÎ¬Ï€Î¿Î¹Î¿Ï‚.
0963 ; Ik ben nergens bang voor ; Î”ÎµÎ½ Ï†Î¿Î²Î¬Î¼Î±Î¹ Ï„Î¯Ï€Î¿Ï„Î± 
0964 ; Ik hoop niets ; Î´ÎµÎ½ ÎµÎ»Ï€Î¯Î¶Ï‰ Ï„Î¯Ï€Î¿Ï„Î± 
0965 ; ik ben vrij ; ÎµÎ¯Î¼Î±Î¹ ÎµÎ»ÎµÏÎ¸ÎµÏÎ¿Ï‚
0966 ; 15.30 half drie ; 15:30 Ï„ÏÎµÎ¹Ï‚ ÎºÎ±Î¹ Î¼Î¹ÏƒÎ®
0967 ; Hoe laat ga je naar je werk? /doeljÃ¡soe/ ; Î¤Î¹ ÏÏÎ± Ï€Î±Ï‚ ÏƒÏ„Î· Î´Î¿Ï…Î»ÎµÎ¹Î¬ ÏƒÎ¿Ï…; /doeljÃ¡soe/
0968 ; om negen uur om negen uur ; om negen uur ÏƒÏ„Î¹Ï‚ ÎµÎ½Î½Î­Î± Î· ÏÏÎ± 
0969 ; om Ã©Ã©n uur precies op het hele uur precies ; om Ã©Ã©n uur precies ÏƒÏ„Î·Î½ Î¼Î¹Î± Î· ÏÏÎ± Î±ÎºÏÎ¹Î²ÏÏ‚
0970 ; uur de tijd (verandert niet, alleen op het volle uur gebruikt) ; o'clock Î· ÏÏÎ± (verandert niet, alleen op het volle uur gebruikt)
0971 ; om half acht ; ÏƒÏ„Î¹Ï‚ Î¿ÎºÏ„Ï ÎºÎ±Î¹ Î¼Î¹ÏƒÎ®
0972 ; de mobiele telefoon ; Ï„Î¿ ÎºÎ¹Î½Î·Ï„ÏŒ
0973 ; de kerstboom ; Ï„Î¿ Ï‡ÏÎ¹ÏƒÏ„Î¿Ï…Î³ÎµÎ½Î½Î¹Î¬Ï„Î¹ÎºÎ¿ Î´Î­Î½Ï„ÏÎ¿ 
0974 ; pop de pop ; pop Î· ÎºÎ¿ÏÎºÎ»Î± 
0975 ; de champagne ; Î· ÏƒÎ±Î¼Ï€Î¬Î½Î¹Î± 
0976 ; de zoete taart, gebak, dessert, zoetigheid ; Ï„Î¿ Î³Î»Ï…ÎºÏŒ taart, gebak, dessert, zoetigheid 
0977 ; grijs ; Î³ÎºÏÎ¯Î¶Î¿Ï‚ 
0978 ; ezel ezel /gajdaros/ ; ezel Î³Î¬Î¹Î´Î±ÏÎ¿Ï‚ /gajdaros/
0979 ; blaft ; Î³ÎºÎ±ÏÎ¯Î¶ÎµÎ¹
0980 ; rondom ; Î³ÏÏÏ‰
0981 ; dwalen ; Ï„ÏÎ¹Î³Ï…ÏÎ¯Î¶Ï‰
0982 ; bril /jaljÃ¡/ ; Î³Ï…Î±Î»Î¹Î¬ /jaljÃ¡/
0983 ; vest ; Î³Î¹Î»Î­ÎºÎ¿ 
0984 ; kruidnagel in revers ; Î³Î±ÏÎ¯Ï†Î±Î»Î¿ ÏƒÏ„Î¿ Ï€Î­Ï„Î¿ 
0985 ; overschoenen ~ overschoenen ; Î³Î±Î»ÏŒÏ„ÏƒÎµÏ‚ ~ galoches
0986 ; stropdas ; Î³ÏÎ±Î²Î¬Ï„Î± 
0987 ; de kat ; Î· Î³Î¬Ï„Î± 
0988 ; draait zich om ; Î³Ï…ÏÎµÏÎµÎ¹ 
0989 ; haar te kraagen ; Î½Î± Ï„Î· Î²Î¬Î»ÎµÎ¹ Î³Î¹Î± Î³Î¹Î±ÎºÎ¬ 
0990 ; de vacht ; Î· Î³Î¿ÏÎ½Î± 
0991 ; kietelen ; Î³Î±ÏÎ³Î±Î»Î¬
0992 ; de kat spint ; Î· Î³Î¬Ï„Î± Î³Î¿Ï…ÏÎ³Î¿Ï…ÏÎ¯Î¶ÎµÎ¹
0993 ; lachen ; Î½Î± Î³ÎµÎ»Î¬
0994 ; blaffen ; Î½Î± Î³ÎºÎ±ÏÎ¯Î¶ÎµÎ¹
0995 ; Wanneer ; Ï€ÏŒÏ„Îµ 
0996 ; Wanneer ; Ï€Î¿Ï„Î­ 
0997 ; Vandaag hebben we les in de klas ; Î£Î®Î¼ÎµÏÎ± ÎºÎ¬Î½Î¿Ï…Î¼Îµ Î¼Î¬Î¸Î·Î¼Î± ÏƒÏ„Î·Î½ Ï„Î¬Î¾Î·
0998 ; Tot snel! ; Î¤Î± Î»Î­Î¼Îµ ÏƒÎµ Î»Î¯Î³Î¿!
0999 ; verbazingwekkend ; ÎºÎ±Ï„Î±Ï€Î»Î·ÎºÏ„Î¹ÎºÎ®
1000 ; het werk ; Î· ÎµÏÎ³Î±ÏƒÎ¯Î±
1001 ; Ik was onder de indruk ; Î•Î½Ï„Ï…Ï€Ï‰ÏƒÎ¹Î¬ÏƒÏ„Î·ÎºÎ±
1002 ; Tegelijkertijd ; Î£Ï…Î³Ï‡ÏÏŒÎ½Ï‰Ï‚
1003 ; Het spijt me ; Î»Ï…Ï€Î®Î¸Î·ÎºÎ±
1004 ; Ook ; ÎµÏ€Î¯ÏƒÎ·Ï‚
1005 ; gebracht ; Ï†Î­ÏÎ¸Î·ÎºÎµ
1006 ; al ; Î®Î´Î·
1007 ; moeilijk ; ÏƒÎºÎ»Î·ÏÎ¬
1008 ; Genieten ; Î§Î±Î¯ÏÎ¿Î¼Î±Î¹
1009 ; Echter ; ÏŒÎ¼Ï‰Ï‚
1010 ; zo veel ; Ï„ÏŒÏƒÎ¿
1011 ; intelligent ; ÎµÏ…Ï†Ï…Î®
1012 ; artiest ; ÎºÎ±Î»Î»Î¹Ï„Î­Ï‡Î½Î·
1013 ; Wat betreft werk ; ÎŒÏƒÎ¿ Î³Î¹Î± Ï„Î·Î½ ÎµÏÎ³Î±ÏƒÎ¯Î±
1014 ; weinig ; ÎµÎ»Î¬Ï‡Î¹ÏƒÏ„ÎµÏ‚
1015 ; observaties ; Ï€Î±ÏÎ±Ï„Î·ÏÎ®ÏƒÎµÎ¹Ï‚
1016 ; dienovereenkomstig corrigeren? ; Î½Î± Î´Î¹Î¿ÏÎ¸ÏÏƒÎµÎ¹Ï‚ Î±Î½Î¬Î»Î¿Î³Î±;
1017 ; jij bent blij ; Ï‡Î±Î¯ÏÎµÏƒÎ±Î¹
1018 ; ik wist het ; Î®Î¾ÎµÏÎ±
1019 ; Tot morgen in persoon! ; Î¤Î± Î»Î­Î¼Îµ Î±ÏÏÎ¹Î¿ Î±Ï€ÏŒ ÎºÎ¿Î½Ï„Î¬!
1020 ; Fijne week ; ÎšÎ±Î»Î® ÎµÎ²Î´Î¿Î¼Î¬Î´Î±
1021 ; goede maand ; ÎºÎ±Î»ÏŒ Î¼Î®Î½Î±
1022 ; Ik wou dat ik dat was ; Î¸Î± Î®Î¸ÎµÎ»Î± Î½Î± Î®Î¼Î¿Ï…Î½
1023 ; kleine vogel ; Ï€Î¿Ï…Î»Î¬ÎºÎ¹
1024 ; ik was aan het luisteren ; Î¬ÎºÎ¿Ï…Î³Î±
1025 ; Ik was erg blij! ; Ï‡Î¬ÏÎ·ÎºÎ± Ï€Î¬ÏÎ± Ï€Î¿Î»Ï! 
1026 ; postzegelverzameling ; ÏƒÏ…Î»Î»Î¿Î³Î® Î³ÏÎ±Î¼Î¼Î±Ï„Î¿ÏƒÎ®Î¼Ï‰Î½
1027 ; stempel ; Î³ÏÎ±Î¼Î¼Î±Ï„ÏŒÏƒÎ·Î¼Î¿ 
1028 ; het land ; Î· Ï‡ÏÏÎ±
1029 ; onderstaand ; Ï€Î±ÏÎ±ÎºÎ¬Ï„Ï‰
1030 ; de grote meerderheid ; Ï„Î¿ Î¼ÎµÎ³Î¬Î»Î¿ Ï€Î»ÎµÎ¹Î¿
1031 ; de vrucht, de vruchten ; Ï„Î¿ Ï†ÏÎ¿ÏÏ„Î¿, Ï„Î± Ï†ÏÎ¿ÏÏ„Î±
1032 ; de banaan ; Î· Î¼Ï€Î±Î½Î¬Î½Î±
1033 ; de kokosnoot ; Î· ÎºÎ±ÏÏÎ´Î±
1034 ; de kersen ; Ï„Î± ÎºÎµÏÎ¬ÏƒÎ¹Î±
1035 ; de pruim ; Ï„Î¿ Î´Î±Î¼Î¬ÏƒÎºÎ·Î½Î¿
1036 ; de peer ; Ï„Î¿ Î±Ï‡Î»Î¬Î´Î¹
1037 ; de appel ; Ï„Î¿ Î¼Î®Î»Î¿
1038 ; geel, de, op citroengeel ; ÎºÎ¯Ï„ÏÎ¹Î½Î¿Ï‚, Î·, Î¿Î½ citroengeel
1039 ; groen, het wezen ; Ï€ÏÎ¬ÏƒÎ¹Î½Î¿Ï‚, Î·, Î¿Î½
1040 ; rood, het wezen ; ÎºÏŒÎºÎºÎ¹Î½Î¿Ï‚, Î·, Î¿Î½
1041 ; prei ; Ï€ÏÎ¬ÏƒÎ¿ 
1042 ; paars, paars ; Î¼Î¿Î², Î¼Ï‰Î²
1043 ; beige ; Î¼Ï€ÎµÎ¶
1044 ; roze ; ÏÎ¿Î¶
1045 ; oranje ; Ï€Î¿ÏÏ„Î¿ÎºÎ±Î»Î¯
1046 ; koffie ; ÎºÎ±Ï†Î­ 
1047 ; kastanjes ; ÎºÎ¬ÏƒÏ„Î±Î½Î±
1048 ; blauw ; Î¼Ï€Î»Îµ 
1049 ; blauw, een, wezen ; Î³Î±Î»Î¬Î¶Î¹Î¿Ï‚, Î±, Î¿Î½
1050 ; grijs ; Î³ÎºÏÎ¹
1051 ; grijs, een, wezen ; Î³ÎºÏÎ¯Î¶Î¿Ï‚, Î±, Î¿Î½
1052 ; leuk, een, wezen ; Ï‰ÏÎ±Î¯Î¿Ï‚, Î±, Î¿Î½
1053 ; jong, nieuw, neon ; Î½Î­Î¿Ï‚, Î½Î­Î±, Î½Î­Î¿Î½
1054 ; de buzz, buzzes bestje, kapoentjes ; Ï„Î¿ Î¶Î¿Ï…Î¶Î¿ÏÎ½Î¹, Ï„Î± Î¶Î¿Ï…Î¶Î¿ÏÎ½Î¹Î± bestje, kapoentjes
1055 ; het insect ; Ï„Î¿ Î­Î½Ï„Î¿Î¼Î¿ 
1056 ; de dennenboom ; Ï„Î¿ Î­Î»Î±Ï„Î¿
1057 ; de takken ; Ï„Î± ÎºÎ»Î±Î´Î¹Î¬
1058 ; de bladeren ; Ï„Î± Ï†ÏÎ»Î»Î± 
1059 ; het geschenk ; Ï„Î¿ Î´ÏÏÎ¿
1060 ; in de zomer ; Ï„Î¿ ÎºÎ±Î»Î¿ÎºÎ±Î¯ÏÎ¹
1061 ; de sneeuw ; Ï„Î¿ Ï‡Î¹Î¿Î½Î¹Î¬ 
1062 ; avond ; ÎµÏƒÏ€Î­ÏÎ±Î½
1063 ; de koning ; Î¿ Î²Î±ÏƒÎ¹Î»ÎµÏÏ‚ 
1064 ; de dichter ; Î¿ Ï€Î¿Î¹Î·Ï„Î®Ï‚ 
1065 ; heren ; Î¬ÏÏ‡Î¿Î½Ï„ÎµÏ‚
1066 ; herenhuis ; Î±ÏÏ‡Î¿Î½Ï„Î¹ÎºÏŒ
1067 ; definitie ; Î¿ÏÎ¹ÏƒÎ¼ÏŒÏ‚ 
1068 ; Christus de goddelijke geboorte ; Î§ÏÎ¹ÏƒÏ„Î¿Ï Î· Î˜ÎµÎ¯Î± Î³Î­Î½Î½Î·ÏƒÎ· 
1069 ; ze kwamen ; Î®ÏÎ¸Î±Î½ 
1070 ; met Kerstmis ; Ï„Î± Î§ÏÎ¹ÏƒÏ„Î¿ÏÎ³ÎµÎ½Î½Î± 
1071 ; het nieuwe jaar ; Î· Î ÏÏ‰Ï„Î¿Ï‡ÏÎ¿Î½Î¹Î¬
1072 ; de kerstliederen ; Ï„Î± ÎºÎ¬Î»Î±Î½Ï„Î± 
1073 ; of driehoeken ; Î· Ï„ÏÎ¯Î³Ï‰Î½Î± 
1074 ; Christus is vandaag geboren ; Î§ÏÎ¹ÏƒÏ„ÏŒÏ‚ Î³ÎµÎ½Î½Î¬Ï„Î±Î¹ ÏƒÎ®Î¼ÎµÏÎ¿Î½
1075 ; Christus is waarlijk verrezen ; Î§ÏÎ¹ÏƒÏ„ÏŒÏ‚ Î±Î½Î­ÏƒÏ„Î· Î±Î»Î·Î¸ÏÏ‚
1076 ; de lucht ; Î¿Î¹ Î¿Ï…ÏÎ±Î½Î¿Î¯
1077 ; de natuur ; Î· Ï†ÏÏƒÎ¹Ï‚
1078 ; zij verheugen zich ; Î±Î³Î¬Î»Î»Î¿Î½Ï„Î±Î¹
1079 ; hij is blij ; Ï‡Î±Î¯ÏÎµÏ„Î±Î¹
1080 ; het tikt ; Ï„Î¯ÎºÏ„ÎµÏ„Î±Î¹
1081 ; spelonkachtig ; ÏƒÏ€Î·Î»Î±Î¯Î¿Ï‚
1082 ; de kribbe ; Î· Ï†Î¬Ï„Î½Î· 
1083 ; het paard ; Ï„Î¿ Î¬Î»Î¿Î³Î¿
1084 ; verwijderen ; Î²Î³Î¬Î¶Ï‰
1085 ; ik draag ; Ï†Î¿ÏÎ¬Ï‰ 
1086 ; de druiven ; Ï„Î± ÏƒÏ„Î±Ï†ÏÎ»Î¹Î± 
1087 ; oranje is oranje ; Ï„Î¿ Ï€Î¿ÏÏ„Î¿ÎºÎ¬Î»Î¹ ÎµÎ¯Î½Î±Î¹ Ï€Î¿ÏÏ„Î¿ÎºÎ±Î»Î¯
1088 ; koffie is koffie ; Î¿ ÎºÎ±Ï†Î­Ï‚ ÎµÎ¯Î½Î±Î¹ ÎºÎ±Ï†Î­ 
1089 ; ze verspreidden zich overal ; ÏƒÎºÏŒÏÏ€Î¹ÏƒÎ±Î½ Ï€Î±Î½Ï„Î¿Ï 
1090 ; elk ; ÎºÎ¬Î¸Îµ
1091 ; het nest ; Î· Ï†Ï‰Î»Î¹Î¬ 
1092 ; in de buurt ; Î¼Î­ÏƒÎ± ÏƒÏ„Î· Î³ÎµÎ¹Ï„Î¿Î½Î¹Î¬ 
1093 ; het heldere ; Ï„Î¿ Ï†Ï‰Ï„ÎµÎ¹Î½ÏŒ
1094 ; feestelijk ; Î³Î¹Î¿ÏÏ„Î¹Î½ÏŒ 
1095 ; bericht ; Î¼Î®Î½Ï…Î¼Î± 
1096 ; loop ; Ï„ÏÎ­Ï‡Ï‰
1097 ; voer ; Ï„ÏÎ­Ï†Ï‰ 
1098 ; de stilte ; Î· ÏƒÎ¹Î³Î±Î»Î¹Î¬
1099 ; de omhelzing gaat open ; Î±Î½Î¿Î¯Î³ÎµÎ¹ Î· Î±Î³ÎºÎ±Î»Î¹Î¬ 
1100 ; liefde maakte van het hart een nest ; Î­ÎºÎ±Î½Îµ Î· Î±Î³Î¬Ï€Î· Ï„Î·Î½ ÎºÎ±ÏÎ´Î¹Î¬ Ï†Ï‰Î»Î¹Î¬ 
1101 ; Hoe was het in Griekenland? ; Î ÏÏ‚ Î®Ï„Î±Î½ ÏƒÏ„Î·Î½ Î•Î»Î»Î¬Î´Î±;
1102 ; Iets langzamer, alstublieft. ; Î›Î¯Î³Î¿ Ï€Î¹Î¿ Î±ÏÎ³Î¬, Ï€Î±ÏÎ±ÎºÎ±Î»Ï.
1103 ; Afrodite ; Î· Î‘Ï†ÏÎ¿Î´Î¯Ï„Î· 
1104 ; ze zijn aan het praten ; Î±Ï…Ï„Î¿Î¯ ÎºÎ¬Î½Î¿Ï…Î½ ÎºÎ¿Ï…Î²Î­Î½Ï„Î± 
1105 ; ze praten ; Î¼Î¹Î»Î¬Î½Îµ 
1106 ; het ziekenhuis ; Ï„Î¿ Î½Î¿ÏƒÎ¿ÎºÎ¿Î¼ÎµÎ¯Î¿ 
1107 ; Kom, kom! ; ÎˆÎ»Î±, Î­Î»Î±!
1108 ; Kom voor koffie! ; ÎˆÎ»Î± Î³Î¹Î± ÎºÎ±Ï†Î­!
1109 ; Zullen we koffie gaan drinken? ; Î Î¬Î¼Îµ Î³Î¹Î± ÎºÎ±Ï†Î­;
1110 ; Vertrouw je mij niet? ; Î”ÎµÎ½ Î¼Îµ ÎµÏ€Î¹ÏƒÏ„ÎµÏÎµÏƒÎ±Î¹;
1111 ; rechte lijn ; ÎµÏ…Î¸ÎµÎ¯Î±(Î½)
1112 ; Meneer ; ÎºÏÏÎ¹Îµ
1113 ; dame ; ÎºÏ…ÏÎ¯Î± 
1114 ; Is hetâ€¦? ; ÎœÎ®Ï€Ï‰Ï‚ â€¦ ;
1115 ; een paar minuten ; Î»Î¯Î³Î± Î»ÎµÏ€Ï„Î¬ 
1116 ; Wel wel, u komt van ver! ; Î Ï‰Ï€Ï‰, Î¼Î­Î½ÎµÏ„Îµ Î¼Î±ÎºÏÎ¹Î¬!
1117 ; Ik denk datâ€¦ ; Î½Î¿Î¼Î¯Î¶Ï‰ Ï€Ï‰Ï‚/ÏŒÏ„Î¹ â€¦
1118 ; Vrolijk Kerstfeest! ; ÎšÎ±Î»Î¬ Î§ÏÎ¹ÏƒÏ„Î¿ÏÎ³ÎµÎ½Î½Î±!
1119 ; Gelukkig nieuwjaar! ; Î•Ï…Ï„Ï…Ï‡Î¹ÏƒÎ¼Î­Î½Î¿Ï‚ Î¿ ÎºÎ±Î¹Î½Î¿ÏÏÎ³Î¹Î¿Ï‚ Ï‡ÏÏŒÎ½Î¿Ï‚!
1120 ; Gezondheid, liefde en vreugde in 2025! ; Î¥Î³ÎµÎ¯Î±, Î±Î³Î¬Ï€Î· ÎºÎ±Î¹ Ï‡Î±ÏÎ¬ Ï„Î¿ 2025!
1121 ; Ik heb het gisteravond gemaakt ; Î­Ï†Ï„Î¹Î±Î¾Î± Ï‡Î¸ÎµÏ‚ Ï„Î¿ Î²ÏÎ¬Î´Ï… 